[21:37:45] [main/INFO]: Writing debug log file accesstransform.log
[21:37:45] [main/INFO]: Access Transformer processor running version 8.2.1
[21:37:45] [main/INFO]: Command line arguments [--inJar, C:\Users\leonl_3pvpiw6\.gradle\caches\forge_gradle\minecraft_user_repo\net\minecraftforge\forge\1.19.2-43.3.0\forge-1.19.2-43.3.0-injected.jar, --outJar, C:\Users\leonl_3pvpiw6\.gradle\caches\forge_gradle\minecraft_user_repo\net\minecraftforge\forge\1.19.2-43.3.0_mapped_official_1.20.1\forge-1.19.2-43.3.0_mapped_official_1.20.1.jar, --logFile, accesstransform.log, --atFile, C:\Users\leonl_3pvpiw6\Desktop\Official mod\Scheisse\build\_atJar_5\parent_at.cfg]
[21:37:45] [main/INFO]: Reading from C:\Users\leonl_3pvpiw6\.gradle\caches\forge_gradle\minecraft_user_repo\net\minecraftforge\forge\1.19.2-43.3.0\forge-1.19.2-43.3.0-injected.jar
[21:37:45] [main/INFO]: Writing to C:\Users\leonl_3pvpiw6\.gradle\caches\forge_gradle\minecraft_user_repo\net\minecraftforge\forge\1.19.2-43.3.0_mapped_official_1.20.1\forge-1.19.2-43.3.0_mapped_official_1.20.1.jar
[21:37:45] [main/INFO]: Transformer file C:\Users\leonl_3pvpiw6\Desktop\Official mod\Scheisse\build\_atJar_5\parent_at.cfg
[21:37:45] [main/WARN]: Found existing output jar C:\Users\leonl_3pvpiw6\.gradle\caches\forge_gradle\minecraft_user_repo\net\minecraftforge\forge\1.19.2-43.3.0_mapped_official_1.20.1\forge-1.19.2-43.3.0_mapped_official_1.20.1.jar, overwriting
[21:37:45] [main/DEBUG]: Loading access transformer parent_at.cfg from path C:\Users\leonl_3pvpiw6\Desktop\Official mod\Scheisse\build\_atJar_5\parent_at.cfg
[21:37:45] [main/DEBUG]: Loaded access transformer parent_at.cfg from path C:\Users\leonl_3pvpiw6\Desktop\Official mod\Scheisse\build\_atJar_5\parent_at.cfg
[21:37:45] [main/DEBUG]: Loaded access transformer file C:\Users\leonl_3pvpiw6\Desktop\Official mod\Scheisse\build\_atJar_5\parent_at.cfg
[21:37:45] [main/DEBUG]: Skipping Lmcp/client/Start;
[21:37:45] [main/DEBUG]: Skipping Lnet/minecraftforge/versions/mcp/MCPVersion;
[21:37:45] [main/DEBUG]: Skipping Lnet/minecraftforge/versions/forge/ForgeVersion;
[21:37:45] [main/DEBUG]: Skipping Lnet/minecraftforge/server/timings/TimeTracker;
[21:37:45] [main/DEBUG]: Skipping Lnet/minecraftforge/server/timings/ForgeTimings;
[21:37:45] [main/DEBUG]: Skipping Lnet/minecraftforge/server/permission/package-info;
[21:37:45] [main/DEBUG]: Skipping Lnet/minecraftforge/server/permission/nodes/PermissionTypes;
[21:37:45] [main/DEBUG]: Skipping Lnet/minecraftforge/server/permission/nodes/PermissionType;
[21:37:45] [main/DEBUG]: Skipping Lnet/minecraftforge/server/permission/nodes/PermissionNode;
[21:37:45] [main/DEBUG]: Skipping Lnet/minecraftforge/server/permission/nodes/PermissionNode$PermissionResolver;
[21:37:45] [main/DEBUG]: Skipping Lnet/minecraftforge/server/permission/nodes/PermissionDynamicContextKey;
[21:37:45] [main/DEBUG]: Skipping Lnet/minecraftforge/server/permission/nodes/PermissionDynamicContext;
[21:37:45] [main/DEBUG]: Skipping Lnet/minecraftforge/server/permission/handler/IPermissionHandlerFactory;
[21:37:45] [main/DEBUG]: Skipping Lnet/minecraftforge/server/permission/handler/IPermissionHandler;
[21:37:45] [main/DEBUG]: Skipping Lnet/minecraftforge/server/permission/handler/DefaultPermissionHandler;
[21:37:45] [main/DEBUG]: Skipping Lnet/minecraftforge/server/permission/exceptions/UnregisteredPermissionException;
[21:37:45] [main/DEBUG]: Skipping Lnet/minecraftforge/server/permission/events/PermissionGatherEvent;
[21:37:45] [main/DEBUG]: Skipping Lnet/minecraftforge/server/permission/events/PermissionGatherEvent$Nodes;
[21:37:45] [main/DEBUG]: Skipping Lnet/minecraftforge/server/permission/events/PermissionGatherEvent$Handler;
[21:37:45] [main/DEBUG]: Skipping Lnet/minecraftforge/server/permission/PermissionAPI;
[21:37:45] [main/DEBUG]: Skipping Lnet/minecraftforge/server/loading/ServerModLoader;
[21:37:45] [main/DEBUG]: Skipping Lnet/minecraftforge/server/console/TerminalHandler;
[21:37:45] [main/DEBUG]: Skipping Lnet/minecraftforge/server/console/ConsoleCommandCompleter;
[21:37:45] [main/DEBUG]: Skipping Lnet/minecraftforge/server/command/package-info;
[21:37:45] [main/DEBUG]: Skipping Lnet/minecraftforge/server/command/TrackCommand;
[21:37:45] [main/DEBUG]: Skipping Lnet/minecraftforge/server/command/TrackCommand$TrackResultsEntity;
[21:37:45] [main/DEBUG]: Skipping Lnet/minecraftforge/server/command/TrackCommand$TrackResultsBlockEntity;
[21:37:45] [main/DEBUG]: Skipping Lnet/minecraftforge/server/command/TrackCommand$TrackResults;
[21:37:45] [main/DEBUG]: Skipping Lnet/minecraftforge/server/command/TrackCommand$StartTrackingCommand;
[21:37:45] [main/DEBUG]: Skipping Lnet/minecraftforge/server/command/TrackCommand$ResetTrackingCommand;
[21:37:45] [main/DEBUG]: Skipping Lnet/minecraftforge/server/command/TextComponentHelper;
[21:37:45] [main/DEBUG]: Skipping Lnet/minecraftforge/server/command/TagsCommand;
[21:37:45] [main/DEBUG]: Skipping Lnet/minecraftforge/server/command/TPSCommand;
[21:37:45] [main/DEBUG]: Skipping Lnet/minecraftforge/server/command/ModListCommand;
[21:37:45] [main/DEBUG]: Skipping Lnet/minecraftforge/server/command/ModIdArgument;
[21:37:45] [main/DEBUG]: Skipping Lnet/minecraftforge/server/command/GenerateCommand;
[21:37:45] [main/DEBUG]: Skipping Lnet/minecraftforge/server/command/ForgeCommand;
[21:37:45] [main/DEBUG]: Skipping Lnet/minecraftforge/server/command/EnumArgument;
[21:37:45] [main/DEBUG]: Skipping Lnet/minecraftforge/server/command/EnumArgument$Info;
[21:37:45] [main/DEBUG]: Skipping Lnet/minecraftforge/server/command/EnumArgument$Info$Template;
[21:37:45] [main/DEBUG]: Skipping Lnet/minecraftforge/server/command/EntityCommand;
[21:37:45] [main/DEBUG]: Skipping Lnet/minecraftforge/server/command/EntityCommand$EntityListCommand;
[21:37:45] [main/DEBUG]: Skipping Lnet/minecraftforge/server/command/DimensionsCommand;
[21:37:45] [main/DEBUG]: Skipping Lnet/minecraftforge/server/command/ConfigCommand;
[21:37:45] [main/DEBUG]: Skipping Lnet/minecraftforge/server/command/ConfigCommand$ShowFile;
[21:37:45] [main/DEBUG]: Skipping Lnet/minecraftforge/server/command/CommandHelper;
[21:37:45] [main/DEBUG]: Skipping Lnet/minecraftforge/server/command/ChunkGenWorker;
[21:37:45] [main/DEBUG]: Skipping Lnet/minecraftforge/server/ServerLifecycleHooks;
[21:37:45] [main/DEBUG]: Skipping Lnet/minecraftforge/server/LanguageHook;
[21:37:45] [main/DEBUG]: Skipping Lnet/minecraftforge/resource/package-info;
[21:37:45] [main/DEBUG]: Skipping Lnet/minecraftforge/resource/ResourcePackLoader;
[21:37:45] [main/DEBUG]: Skipping Lnet/minecraftforge/resource/ResourcePackLoader$1;
[21:37:45] [main/DEBUG]: Skipping Lnet/minecraftforge/resource/ResourceCacheManager;
[21:37:45] [main/DEBUG]: Skipping Lnet/minecraftforge/resource/ResourceCacheManager$ResourceManagerBootCacheConfigurationHandler;
[21:37:45] [main/DEBUG]: Skipping Lnet/minecraftforge/resource/ResourceCacheManager$ResourceCacheEntry;
[21:37:45] [main/DEBUG]: Skipping Lnet/minecraftforge/resource/ResourceCacheManager$PathWalkerFactory;
[21:37:45] [main/DEBUG]: Skipping Lnet/minecraftforge/resource/ResourceCacheManager$PackTypeAndNamespace;
[21:37:45] [main/DEBUG]: Skipping Lnet/minecraftforge/resource/ResourceCacheManager$NamespacedResourceCacheManager;
[21:37:45] [main/DEBUG]: Skipping Lnet/minecraftforge/resource/ResourceCacheManager$NamespacedResourceCacheManager$1PathWithLocationPath;
[21:37:45] [main/DEBUG]: Skipping Lnet/minecraftforge/resource/PathPackResources;
[21:37:45] [main/DEBUG]: Skipping Lnet/minecraftforge/resource/DelegatingPackResources;
[21:37:45] [main/DEBUG]: Skipping Lnet/minecraftforge/registries/tags/ITagManager;
[21:37:45] [main/DEBUG]: Skipping Lnet/minecraftforge/registries/tags/ITag;
[21:37:45] [main/DEBUG]: Skipping Lnet/minecraftforge/registries/tags/IReverseTag;
[21:37:45] [main/DEBUG]: Skipping Lnet/minecraftforge/registries/holdersets/OrHolderSet;
[21:37:45] [main/DEBUG]: Skipping Lnet/minecraftforge/registries/holdersets/NotHolderSet;
[21:37:45] [main/DEBUG]: Skipping Lnet/minecraftforge/registries/holdersets/ICustomHolderSet;
[21:37:45] [main/DEBUG]: Skipping Lnet/minecraftforge/registries/holdersets/HolderSetType;
[21:37:45] [main/DEBUG]: Skipping Lnet/minecraftforge/registries/holdersets/CompositeHolderSet;
[21:37:45] [main/DEBUG]: Skipping Lnet/minecraftforge/registries/holdersets/AnyHolderSet;
[21:37:45] [main/DEBUG]: Skipping Lnet/minecraftforge/registries/holdersets/AndHolderSet;
[21:37:45] [main/DEBUG]: Skipping Lnet/minecraftforge/registries/RegistryObject;
[21:37:45] [main/DEBUG]: Skipping Lnet/minecraftforge/registries/RegistryObject$1;
[21:37:45] [main/DEBUG]: Skipping Lnet/minecraftforge/registries/RegistryManager;
[21:37:45] [main/DEBUG]: Skipping Lnet/minecraftforge/registries/RegistryBuilder;
[21:37:45] [main/DEBUG]: Skipping Lnet/minecraftforge/registries/RegisterEvent;
[21:37:45] [main/DEBUG]: Skipping Lnet/minecraftforge/registries/RegisterEvent$RegisterHelper;
[21:37:45] [main/DEBUG]: Skipping Lnet/minecraftforge/registries/ObjectHolderRegistry;
[21:37:45] [main/DEBUG]: Skipping Lnet/minecraftforge/registries/ObjectHolderRegistry$VanillaObjectHolderData;
[21:37:45] [main/DEBUG]: Skipping Lnet/minecraftforge/registries/ObjectHolderRef;
[21:37:45] [main/DEBUG]: Skipping Lnet/minecraftforge/registries/ObjectHolder;
[21:37:45] [main/DEBUG]: Skipping Lnet/minecraftforge/registries/NewRegistryEvent;
[21:37:45] [main/DEBUG]: Skipping Lnet/minecraftforge/registries/NewRegistryEvent$RegistryHolder;
[21:37:45] [main/DEBUG]: Skipping Lnet/minecraftforge/registries/NewRegistryEvent$RegistryData;
[21:37:45] [main/DEBUG]: Skipping Lnet/minecraftforge/registries/NamespacedWrapper;
[21:37:45] [main/DEBUG]: Skipping Lnet/minecraftforge/registries/NamespacedWrapper$Factory;
[21:37:45] [main/DEBUG]: Skipping Lnet/minecraftforge/registries/NamespacedHolderHelper;
[21:37:45] [main/DEBUG]: Skipping Lnet/minecraftforge/registries/NamespacedDefaultedWrapper;
[21:37:45] [main/DEBUG]: Skipping Lnet/minecraftforge/registries/NamespacedDefaultedWrapper$Factory;
[21:37:45] [main/DEBUG]: Skipping Lnet/minecraftforge/registries/MissingMappingsEvent;
[21:37:45] [main/DEBUG]: Skipping Lnet/minecraftforge/registries/MissingMappingsEvent$Mapping;
[21:37:45] [main/DEBUG]: Skipping Lnet/minecraftforge/registries/MissingMappingsEvent$Action;
[21:37:45] [main/DEBUG]: Skipping Lnet/minecraftforge/registries/IdMappingEvent;
[21:37:45] [main/DEBUG]: Skipping Lnet/minecraftforge/registries/IdMappingEvent$ModRemapping;
[21:37:45] [main/DEBUG]: Skipping Lnet/minecraftforge/registries/IdMappingEvent$IdRemapping;
[21:37:45] [main/DEBUG]: Skipping Lnet/minecraftforge/registries/ILockableRegistry;
[21:37:45] [main/DEBUG]: Skipping Lnet/minecraftforge/registries/IHolderHelperHolder;
[21:37:45] [main/DEBUG]: Skipping Lnet/minecraftforge/registries/IForgeRegistryModifiable;
[21:37:45] [main/DEBUG]: Skipping Lnet/minecraftforge/registries/IForgeRegistryInternal;
[21:37:45] [main/DEBUG]: Skipping Lnet/minecraftforge/registries/IForgeRegistry;
[21:37:45] [main/DEBUG]: Skipping Lnet/minecraftforge/registries/IForgeRegistry$ValidateCallback;
[21:37:45] [main/DEBUG]: Skipping Lnet/minecraftforge/registries/IForgeRegistry$MissingFactory;
[21:37:45] [main/DEBUG]: Skipping Lnet/minecraftforge/registries/IForgeRegistry$DummyFactory;
[21:37:45] [main/DEBUG]: Skipping Lnet/minecraftforge/registries/IForgeRegistry$CreateCallback;
[21:37:45] [main/DEBUG]: Skipping Lnet/minecraftforge/registries/IForgeRegistry$ClearCallback;
[21:37:45] [main/DEBUG]: Skipping Lnet/minecraftforge/registries/IForgeRegistry$BakeCallback;
[21:37:45] [main/DEBUG]: Skipping Lnet/minecraftforge/registries/IForgeRegistry$AddCallback;
[21:37:45] [main/DEBUG]: Skipping Lnet/minecraftforge/registries/GameData;
[21:37:45] [main/DEBUG]: Skipping Lnet/minecraftforge/registries/GameData$PointOfInterestTypeCallbacks;
[21:37:45] [main/DEBUG]: Skipping Lnet/minecraftforge/registries/GameData$ItemCallbacks;
[21:37:45] [main/DEBUG]: Skipping Lnet/minecraftforge/registries/GameData$ClearableObjectIntIdentityMap;
[21:37:45] [main/DEBUG]: Skipping Lnet/minecraftforge/registries/GameData$BlockCallbacks;
[21:37:45] [main/DEBUG]: Skipping Lnet/minecraftforge/registries/GameData$BlockCallbacks$BlockDummyAir;
[21:37:45] [main/DEBUG]: Skipping Lnet/minecraftforge/registries/GameData$BlockCallbacks$1;
[21:37:45] [main/DEBUG]: Skipping Lnet/minecraftforge/registries/GameData$AttributeCallbacks;
[21:37:45] [main/DEBUG]: Skipping Lnet/minecraftforge/registries/GameData$1;
[21:37:45] [main/DEBUG]: Skipping Lnet/minecraftforge/registries/ForgeRegistryTagManager;
[21:37:45] [main/DEBUG]: Skipping Lnet/minecraftforge/registries/ForgeRegistryTag;
[21:37:45] [main/DEBUG]: Skipping Lnet/minecraftforge/registries/ForgeRegistry;
[21:37:45] [main/DEBUG]: Skipping Lnet/minecraftforge/registries/ForgeRegistry$Snapshot;
[21:37:45] [main/DEBUG]: Skipping Lnet/minecraftforge/registries/ForgeRegistry$RegistryCodec;
[21:37:45] [main/DEBUG]: Skipping Lnet/minecraftforge/registries/ForgeRegistry$OverrideOwner;
[21:37:45] [main/DEBUG]: Skipping Lnet/minecraftforge/registries/ForgeRegistry$DumpRow;
[21:37:45] [main/DEBUG]: Skipping Lnet/minecraftforge/registries/ForgeRegistry$1;
[21:37:45] [main/DEBUG]: Skipping Lnet/minecraftforge/registries/ForgeRegistries;
[21:37:45] [main/DEBUG]: Skipping Lnet/minecraftforge/registries/ForgeRegistries$Keys;
[21:37:45] [main/DEBUG]: Skipping Lnet/minecraftforge/registries/ForgeDeferredRegistriesSetup;
[21:37:45] [main/DEBUG]: Skipping Lnet/minecraftforge/registries/DeferredRegister;
[21:37:45] [main/DEBUG]: Skipping Lnet/minecraftforge/registries/DeferredRegister$RegistryHolder;
[21:37:45] [main/DEBUG]: Skipping Lnet/minecraftforge/registries/DeferredRegister$EventDispatcher;
[21:37:45] [main/DEBUG]: Skipping Lnet/minecraftforge/registries/DataPackRegistriesHooks;
[21:37:45] [main/DEBUG]: Skipping Lnet/minecraftforge/network/simple/SimpleChannel;
[21:37:45] [main/DEBUG]: Skipping Lnet/minecraftforge/network/simple/SimpleChannel$MessageBuilder;
[21:37:45] [main/DEBUG]: Skipping Lnet/minecraftforge/network/simple/SimpleChannel$MessageBuilder$ToBooleanBiFunction;
[21:37:45] [main/DEBUG]: Skipping Lnet/minecraftforge/network/simple/IndexedMessageCodec;
[21:37:45] [main/DEBUG]: Skipping Lnet/minecraftforge/network/simple/IndexedMessageCodec$MessageHandler;
[21:37:45] [main/DEBUG]: Skipping Lnet/minecraftforge/network/filters/VanillaPacketSplitter;
[21:37:45] [main/DEBUG]: Skipping Lnet/minecraftforge/network/filters/VanillaPacketSplitter$RemoteCompatibility;
[21:37:45] [main/DEBUG]: Skipping Lnet/minecraftforge/network/filters/VanillaPacketFilter;
[21:37:45] [main/DEBUG]: Skipping Lnet/minecraftforge/network/filters/VanillaConnectionNetworkFilter;
[21:37:45] [main/DEBUG]: Skipping Lnet/minecraftforge/network/filters/NetworkFilters;
[21:37:45] [main/DEBUG]: Skipping Lnet/minecraftforge/network/filters/ForgeConnectionNetworkFilter;
[21:37:45] [main/DEBUG]: Skipping Lnet/minecraftforge/network/filters/CommandTreeCleaner;
[21:37:45] [main/DEBUG]: Skipping Lnet/minecraftforge/network/event/EventNetworkChannel;
[21:37:45] [main/DEBUG]: Skipping Lnet/minecraftforge/network/ServerStatusPing;
[21:37:45] [main/DEBUG]: Skipping Lnet/minecraftforge/network/ServerStatusPing$Serializer;
[21:37:45] [main/DEBUG]: Skipping Lnet/minecraftforge/network/PlayMessages;
[21:37:45] [main/DEBUG]: Skipping Lnet/minecraftforge/network/PlayMessages$SpawnEntity;
[21:37:45] [main/DEBUG]: Skipping Lnet/minecraftforge/network/PlayMessages$OpenContainer;
[21:37:45] [main/DEBUG]: Skipping Lnet/minecraftforge/network/PacketDistributor;
[21:37:45] [main/DEBUG]: Skipping Lnet/minecraftforge/network/PacketDistributor$TargetPoint;
[21:37:45] [main/DEBUG]: Skipping Lnet/minecraftforge/network/PacketDistributor$PacketTarget;
[21:37:45] [main/DEBUG]: Skipping Lnet/minecraftforge/network/NetworkRegistry;
[21:37:45] [main/DEBUG]: Skipping Lnet/minecraftforge/network/NetworkRegistry$LoginPayload;
[21:37:45] [main/DEBUG]: Skipping Lnet/minecraftforge/network/NetworkRegistry$ChannelBuilder;
[21:37:45] [main/DEBUG]: Skipping Lnet/minecraftforge/network/NetworkInstance;
[21:37:45] [main/DEBUG]: Skipping Lnet/minecraftforge/network/NetworkInitialization;
[21:37:45] [main/DEBUG]: Skipping Lnet/minecraftforge/network/NetworkHooks;
[21:37:45] [main/DEBUG]: Skipping Lnet/minecraftforge/network/NetworkEvent;
[21:37:45] [main/DEBUG]: Skipping Lnet/minecraftforge/network/NetworkEvent$ServerCustomPayloadLoginEvent;
[21:37:45] [main/DEBUG]: Skipping Lnet/minecraftforge/network/NetworkEvent$ServerCustomPayloadEvent;
[21:37:45] [main/DEBUG]: Skipping Lnet/minecraftforge/network/NetworkEvent$RegistrationChangeType;
[21:37:45] [main/DEBUG]: Skipping Lnet/minecraftforge/network/NetworkEvent$PacketDispatcher;
[21:37:45] [main/DEBUG]: Skipping Lnet/minecraftforge/network/NetworkEvent$PacketDispatcher$NetworkManagerDispatcher;
[21:37:45] [main/DEBUG]: Skipping Lnet/minecraftforge/network/NetworkEvent$LoginPayloadEvent;
[21:37:45] [main/DEBUG]: Skipping Lnet/minecraftforge/network/NetworkEvent$GatherLoginPayloadsEvent;
[21:37:45] [main/DEBUG]: Skipping Lnet/minecraftforge/network/NetworkEvent$Context;
[21:37:45] [main/DEBUG]: Skipping Lnet/minecraftforge/network/NetworkEvent$ClientCustomPayloadLoginEvent;
[21:37:45] [main/DEBUG]: Skipping Lnet/minecraftforge/network/NetworkEvent$ClientCustomPayloadEvent;
[21:37:45] [main/DEBUG]: Skipping Lnet/minecraftforge/network/NetworkEvent$ChannelRegistrationChangeEvent;
[21:37:45] [main/DEBUG]: Skipping Lnet/minecraftforge/network/NetworkDirection;
[21:37:45] [main/DEBUG]: Skipping Lnet/minecraftforge/network/NetworkDirection$Factory;
[21:37:45] [main/DEBUG]: Skipping Lnet/minecraftforge/network/NetworkConstants;
[21:37:45] [main/DEBUG]: Skipping Lnet/minecraftforge/network/MCRegisterPacketHandler;
[21:37:45] [main/DEBUG]: Skipping Lnet/minecraftforge/network/MCRegisterPacketHandler$ChannelList;
[21:37:45] [main/DEBUG]: Skipping Lnet/minecraftforge/network/LoginWrapper;
[21:37:45] [main/DEBUG]: Skipping Lnet/minecraftforge/network/ICustomPacket;
[21:37:45] [main/DEBUG]: Skipping Lnet/minecraftforge/network/IContainerFactory;
[21:37:45] [main/DEBUG]: Skipping Lnet/minecraftforge/network/HandshakeMessages;
[21:37:45] [main/DEBUG]: Skipping Lnet/minecraftforge/network/HandshakeMessages$S2CRegistry;
[21:37:45] [main/DEBUG]: Skipping Lnet/minecraftforge/network/HandshakeMessages$S2CModList;
[21:37:45] [main/DEBUG]: Skipping Lnet/minecraftforge/network/HandshakeMessages$S2CModData;
[21:37:45] [main/DEBUG]: Skipping Lnet/minecraftforge/network/HandshakeMessages$S2CConfigData;
[21:37:45] [main/DEBUG]: Skipping Lnet/minecraftforge/network/HandshakeMessages$S2CChannelMismatchData;
[21:37:45] [main/DEBUG]: Skipping Lnet/minecraftforge/network/HandshakeMessages$LoginIndexedMessage;
[21:37:45] [main/DEBUG]: Skipping Lnet/minecraftforge/network/HandshakeMessages$C2SModListReply;
[21:37:45] [main/DEBUG]: Skipping Lnet/minecraftforge/network/HandshakeMessages$C2SAcknowledge;
[21:37:45] [main/DEBUG]: Skipping Lnet/minecraftforge/network/HandshakeHandler;
[21:37:45] [main/DEBUG]: Skipping Lnet/minecraftforge/network/HandshakeHandler$HandshakeConsumer;
[21:37:45] [main/DEBUG]: Skipping Lnet/minecraftforge/network/DualStackUtils;
[21:37:45] [main/DEBUG]: Skipping Lnet/minecraftforge/network/ConnectionType;
[21:37:45] [main/DEBUG]: Skipping Lnet/minecraftforge/network/ConnectionData;
[21:37:45] [main/DEBUG]: Skipping Lnet/minecraftforge/network/ConnectionData$ModMismatchData;
[21:37:45] [main/DEBUG]: Skipping Lnet/minecraftforge/network/ConfigSync;
[21:37:45] [main/DEBUG]: Skipping Lnet/minecraftforge/logging/PacketDump;
[21:37:45] [main/DEBUG]: Skipping Lnet/minecraftforge/logging/CrashReportExtender;
[21:37:45] [main/DEBUG]: Skipping Lnet/minecraftforge/items/wrapper/SidedInvWrapper;
[21:37:45] [main/DEBUG]: Skipping Lnet/minecraftforge/items/wrapper/ShulkerItemStackInvWrapper;
[21:37:45] [main/DEBUG]: Skipping Lnet/minecraftforge/items/wrapper/RecipeWrapper;
[21:37:45] [main/DEBUG]: Skipping Lnet/minecraftforge/items/wrapper/RangedWrapper;
[21:37:45] [main/DEBUG]: Skipping Lnet/minecraftforge/items/wrapper/PlayerOffhandInvWrapper;
[21:37:45] [main/DEBUG]: Skipping Lnet/minecraftforge/items/wrapper/PlayerMainInvWrapper;
[21:37:45] [main/DEBUG]: Skipping Lnet/minecraftforge/items/wrapper/PlayerInvWrapper;
[21:37:45] [main/DEBUG]: Skipping Lnet/minecraftforge/items/wrapper/PlayerArmorInvWrapper;
[21:37:45] [main/DEBUG]: Skipping Lnet/minecraftforge/items/wrapper/InvWrapper;
[21:37:45] [main/DEBUG]: Skipping Lnet/minecraftforge/items/wrapper/EntityHandsInvWrapper;
[21:37:45] [main/DEBUG]: Skipping Lnet/minecraftforge/items/wrapper/EntityEquipmentInvWrapper;
[21:37:45] [main/DEBUG]: Skipping Lnet/minecraftforge/items/wrapper/EntityArmorInvWrapper;
[21:37:45] [main/DEBUG]: Skipping Lnet/minecraftforge/items/wrapper/EmptyHandler;
[21:37:45] [main/DEBUG]: Skipping Lnet/minecraftforge/items/wrapper/CombinedInvWrapper;
[21:37:45] [main/DEBUG]: Skipping Lnet/minecraftforge/items/VanillaInventoryCodeHooks;
[21:37:45] [main/DEBUG]: Skipping Lnet/minecraftforge/items/VanillaHopperItemHandler;
[21:37:45] [main/DEBUG]: Skipping Lnet/minecraftforge/items/SlotItemHandler;
[21:37:45] [main/DEBUG]: Skipping Lnet/minecraftforge/items/ItemStackHandler;
[21:37:45] [main/DEBUG]: Skipping Lnet/minecraftforge/items/ItemHandlerHelper;
[21:37:45] [main/DEBUG]: Skipping Lnet/minecraftforge/items/IItemHandlerModifiable;
[21:37:45] [main/DEBUG]: Skipping Lnet/minecraftforge/items/IItemHandler;
[21:37:45] [main/DEBUG]: Skipping Lnet/minecraftforge/items/CapabilityItemHandler;
[21:37:45] [main/DEBUG]: Skipping Lnet/minecraftforge/internal/TextComponentMessageFormatHandler;
[21:37:45] [main/DEBUG]: Skipping Lnet/minecraftforge/internal/ForgeBindings;
[21:37:45] [main/DEBUG]: Skipping Lnet/minecraftforge/internal/ForgeBindings$1;
[21:37:45] [main/DEBUG]: Skipping Lnet/minecraftforge/internal/BrandingControl;
[21:37:45] [main/DEBUG]: Skipping Lnet/minecraftforge/gametest/PrefixGameTestTemplate;
[21:37:45] [main/DEBUG]: Skipping Lnet/minecraftforge/gametest/GameTestMain;
[21:37:45] [main/DEBUG]: Skipping Lnet/minecraftforge/gametest/GameTestHolder;
[21:37:45] [main/DEBUG]: Skipping Lnet/minecraftforge/gametest/ForgeGameTestHooks;
[21:37:45] [main/DEBUG]: Skipping Lnet/minecraftforge/gametest/BlockPosValueConverter;
[21:37:45] [main/DEBUG]: Skipping Lnet/minecraftforge/fml/event/lifecycle/ParallelDispatchEvent;
[21:37:45] [main/DEBUG]: Skipping Lnet/minecraftforge/fml/event/lifecycle/ModLifecycleEvent;
[21:37:45] [main/DEBUG]: Skipping Lnet/minecraftforge/fml/event/lifecycle/InterModProcessEvent;
[21:37:45] [main/DEBUG]: Skipping Lnet/minecraftforge/fml/event/lifecycle/InterModEnqueueEvent;
[21:37:45] [main/DEBUG]: Skipping Lnet/minecraftforge/fml/event/lifecycle/FMLLoadCompleteEvent;
[21:37:45] [main/DEBUG]: Skipping Lnet/minecraftforge/fml/event/lifecycle/FMLDedicatedServerSetupEvent;
[21:37:45] [main/DEBUG]: Skipping Lnet/minecraftforge/fml/event/lifecycle/FMLConstructModEvent;
[21:37:45] [main/DEBUG]: Skipping Lnet/minecraftforge/fml/event/lifecycle/FMLCommonSetupEvent;
[21:37:45] [main/DEBUG]: Skipping Lnet/minecraftforge/fml/event/lifecycle/FMLClientSetupEvent;
[21:37:45] [main/DEBUG]: Skipping Lnet/minecraftforge/fml/event/config/ModConfigEvent;
[21:37:45] [main/DEBUG]: Skipping Lnet/minecraftforge/fml/event/config/ModConfigEvent$Reloading;
[21:37:45] [main/DEBUG]: Skipping Lnet/minecraftforge/fml/event/config/ModConfigEvent$Loading;
[21:37:45] [main/DEBUG]: Skipping Lnet/minecraftforge/fml/core/ParallelTransition;
[21:37:45] [main/DEBUG]: Skipping Lnet/minecraftforge/fml/core/ModStateProvider;
[21:37:45] [main/DEBUG]: Skipping Lnet/minecraftforge/fluids/capability/wrappers/FluidBucketWrapper;
[21:37:45] [main/DEBUG]: Skipping Lnet/minecraftforge/fluids/capability/wrappers/FluidBlockWrapper;
[21:37:45] [main/DEBUG]: Skipping Lnet/minecraftforge/fluids/capability/wrappers/BucketPickupHandlerWrapper;
[21:37:45] [main/DEBUG]: Skipping Lnet/minecraftforge/fluids/capability/wrappers/BlockWrapper;
[21:37:45] [main/DEBUG]: Skipping Lnet/minecraftforge/fluids/capability/wrappers/BlockWrapper$LiquidContainerBlockWrapper;
[21:37:45] [main/DEBUG]: Skipping Lnet/minecraftforge/fluids/capability/templates/VoidFluidHandler;
[21:37:45] [main/DEBUG]: Skipping Lnet/minecraftforge/fluids/capability/templates/FluidTank;
[21:37:45] [main/DEBUG]: Skipping Lnet/minecraftforge/fluids/capability/templates/FluidHandlerItemStackSimple;
[21:37:45] [main/DEBUG]: Skipping Lnet/minecraftforge/fluids/capability/templates/FluidHandlerItemStackSimple$SwapEmpty;
[21:37:45] [main/DEBUG]: Skipping Lnet/minecraftforge/fluids/capability/templates/FluidHandlerItemStackSimple$Consumable;
[21:37:45] [main/DEBUG]: Skipping Lnet/minecraftforge/fluids/capability/templates/FluidHandlerItemStack;
[21:37:45] [main/DEBUG]: Skipping Lnet/minecraftforge/fluids/capability/templates/FluidHandlerItemStack$SwapEmpty;
[21:37:45] [main/DEBUG]: Skipping Lnet/minecraftforge/fluids/capability/templates/FluidHandlerItemStack$Consumable;
[21:37:45] [main/DEBUG]: Skipping Lnet/minecraftforge/fluids/capability/templates/EmptyFluidHandler;
[21:37:45] [main/DEBUG]: Skipping Lnet/minecraftforge/fluids/capability/ItemFluidContainer;
[21:37:45] [main/DEBUG]: Skipping Lnet/minecraftforge/fluids/capability/IFluidHandlerItem;
[21:37:45] [main/DEBUG]: Skipping Lnet/minecraftforge/fluids/capability/IFluidHandler;
[21:37:45] [main/DEBUG]: Skipping Lnet/minecraftforge/fluids/capability/IFluidHandler$FluidAction;
[21:37:45] [main/DEBUG]: Skipping Lnet/minecraftforge/fluids/capability/FluidHandlerBlockEntity;
[21:37:45] [main/DEBUG]: Skipping Lnet/minecraftforge/fluids/capability/CapabilityFluidHandler;
[21:37:45] [main/DEBUG]: Skipping Lnet/minecraftforge/fluids/IFluidTank;
[21:37:45] [main/DEBUG]: Skipping Lnet/minecraftforge/fluids/IFluidBlock;
[21:37:45] [main/DEBUG]: Skipping Lnet/minecraftforge/fluids/ForgeFlowingFluid;
[21:37:45] [main/DEBUG]: Skipping Lnet/minecraftforge/fluids/ForgeFlowingFluid$Source;
[21:37:45] [main/DEBUG]: Skipping Lnet/minecraftforge/fluids/ForgeFlowingFluid$Properties;
[21:37:45] [main/DEBUG]: Skipping Lnet/minecraftforge/fluids/ForgeFlowingFluid$Flowing;
[21:37:45] [main/DEBUG]: Skipping Lnet/minecraftforge/fluids/FluidUtil;
[21:37:45] [main/DEBUG]: Skipping Lnet/minecraftforge/fluids/FluidType;
[21:37:45] [main/DEBUG]: Skipping Lnet/minecraftforge/fluids/FluidType$Properties;
[21:37:45] [main/DEBUG]: Skipping Lnet/minecraftforge/fluids/FluidStack;
[21:37:45] [main/DEBUG]: Skipping Lnet/minecraftforge/fluids/FluidInteractionRegistry;
[21:37:45] [main/DEBUG]: Skipping Lnet/minecraftforge/fluids/FluidInteractionRegistry$InteractionInformation;
[21:37:45] [main/DEBUG]: Skipping Lnet/minecraftforge/fluids/FluidInteractionRegistry$HasFluidInteraction;
[21:37:45] [main/DEBUG]: Skipping Lnet/minecraftforge/fluids/FluidInteractionRegistry$FluidInteraction;
[21:37:45] [main/DEBUG]: Skipping Lnet/minecraftforge/fluids/FluidActionResult;
[21:37:45] [main/DEBUG]: Skipping Lnet/minecraftforge/fluids/DispenseFluidContainer;
[21:37:45] [main/DEBUG]: Skipping Lnet/minecraftforge/event/village/WandererTradesEvent;
[21:37:45] [main/DEBUG]: Skipping Lnet/minecraftforge/event/village/VillagerTradesEvent;
[21:37:45] [main/DEBUG]: Skipping Lnet/minecraftforge/event/village/VillageSiegeEvent;
[21:37:45] [main/DEBUG]: Skipping Lnet/minecraftforge/event/server/ServerStoppingEvent;
[21:37:45] [main/DEBUG]: Skipping Lnet/minecraftforge/event/server/ServerStoppedEvent;
[21:37:45] [main/DEBUG]: Skipping Lnet/minecraftforge/event/server/ServerStartingEvent;
[21:37:45] [main/DEBUG]: Skipping Lnet/minecraftforge/event/server/ServerStartedEvent;
[21:37:45] [main/DEBUG]: Skipping Lnet/minecraftforge/event/server/ServerLifecycleEvent;
[21:37:45] [main/DEBUG]: Skipping Lnet/minecraftforge/event/server/ServerAboutToStartEvent;
[21:37:45] [main/DEBUG]: Skipping Lnet/minecraftforge/event/level/SleepFinishedTimeEvent;
[21:37:45] [main/DEBUG]: Skipping Lnet/minecraftforge/event/level/SaplingGrowTreeEvent;
[21:37:45] [main/DEBUG]: Skipping Lnet/minecraftforge/event/level/PistonEvent;
[21:37:45] [main/DEBUG]: Skipping Lnet/minecraftforge/event/level/PistonEvent$Pre;
[21:37:45] [main/DEBUG]: Skipping Lnet/minecraftforge/event/level/PistonEvent$Post;
[21:37:45] [main/DEBUG]: Skipping Lnet/minecraftforge/event/level/PistonEvent$PistonMoveType;
[21:37:45] [main/DEBUG]: Skipping Lnet/minecraftforge/event/level/NoteBlockEvent;
[21:37:45] [main/DEBUG]: Skipping Lnet/minecraftforge/event/level/NoteBlockEvent$Play;
[21:37:45] [main/DEBUG]: Skipping Lnet/minecraftforge/event/level/NoteBlockEvent$Octave;
[21:37:45] [main/DEBUG]: Skipping Lnet/minecraftforge/event/level/NoteBlockEvent$Note;
[21:37:45] [main/DEBUG]: Skipping Lnet/minecraftforge/event/level/NoteBlockEvent$Change;
[21:37:45] [main/DEBUG]: Skipping Lnet/minecraftforge/event/level/LevelEvent;
[21:37:45] [main/DEBUG]: Skipping Lnet/minecraftforge/event/level/LevelEvent$Unload;
[21:37:45] [main/DEBUG]: Skipping Lnet/minecraftforge/event/level/LevelEvent$Save;
[21:37:45] [main/DEBUG]: Skipping Lnet/minecraftforge/event/level/LevelEvent$PotentialSpawns;
[21:37:45] [main/DEBUG]: Skipping Lnet/minecraftforge/event/level/LevelEvent$Load;
[21:37:45] [main/DEBUG]: Skipping Lnet/minecraftforge/event/level/LevelEvent$CreateSpawnPosition;
[21:37:45] [main/DEBUG]: Skipping Lnet/minecraftforge/event/level/ExplosionEvent;
[21:37:45] [main/DEBUG]: Skipping Lnet/minecraftforge/event/level/ExplosionEvent$Start;
[21:37:45] [main/DEBUG]: Skipping Lnet/minecraftforge/event/level/ExplosionEvent$Detonate;
[21:37:45] [main/DEBUG]: Skipping Lnet/minecraftforge/event/level/ChunkWatchEvent;
[21:37:45] [main/DEBUG]: Skipping Lnet/minecraftforge/event/level/ChunkWatchEvent$Watch;
[21:37:45] [main/DEBUG]: Skipping Lnet/minecraftforge/event/level/ChunkWatchEvent$UnWatch;
[21:37:45] [main/DEBUG]: Skipping Lnet/minecraftforge/event/level/ChunkTicketLevelUpdatedEvent;
[21:37:45] [main/DEBUG]: Skipping Lnet/minecraftforge/event/level/ChunkEvent;
[21:37:45] [main/DEBUG]: Skipping Lnet/minecraftforge/event/level/ChunkEvent$Unload;
[21:37:45] [main/DEBUG]: Skipping Lnet/minecraftforge/event/level/ChunkEvent$Load;
[21:37:45] [main/DEBUG]: Skipping Lnet/minecraftforge/event/level/ChunkDataEvent;
[21:37:45] [main/DEBUG]: Skipping Lnet/minecraftforge/event/level/ChunkDataEvent$Save;
[21:37:45] [main/DEBUG]: Skipping Lnet/minecraftforge/event/level/ChunkDataEvent$Load;
[21:37:45] [main/DEBUG]: Skipping Lnet/minecraftforge/event/level/BlockEvent;
[21:37:45] [main/DEBUG]: Skipping Lnet/minecraftforge/event/level/BlockEvent$PortalSpawnEvent;
[21:37:45] [main/DEBUG]: Skipping Lnet/minecraftforge/event/level/BlockEvent$NeighborNotifyEvent;
[21:37:45] [main/DEBUG]: Skipping Lnet/minecraftforge/event/level/BlockEvent$FluidPlaceBlockEvent;
[21:37:45] [main/DEBUG]: Skipping Lnet/minecraftforge/event/level/BlockEvent$FarmlandTrampleEvent;
[21:37:45] [main/DEBUG]: Skipping Lnet/minecraftforge/event/level/BlockEvent$EntityPlaceEvent;
[21:37:45] [main/DEBUG]: Skipping Lnet/minecraftforge/event/level/BlockEvent$EntityMultiPlaceEvent;
[21:37:45] [main/DEBUG]: Skipping Lnet/minecraftforge/event/level/BlockEvent$CropGrowEvent;
[21:37:45] [main/DEBUG]: Skipping Lnet/minecraftforge/event/level/BlockEvent$CropGrowEvent$Pre;
[21:37:45] [main/DEBUG]: Skipping Lnet/minecraftforge/event/level/BlockEvent$CropGrowEvent$Post;
[21:37:45] [main/DEBUG]: Skipping Lnet/minecraftforge/event/level/BlockEvent$CreateFluidSourceEvent;
[21:37:45] [main/DEBUG]: Skipping Lnet/minecraftforge/event/level/BlockEvent$BreakEvent;
[21:37:45] [main/DEBUG]: Skipping Lnet/minecraftforge/event/level/BlockEvent$BlockToolModificationEvent;
[21:37:45] [main/DEBUG]: Skipping Lnet/minecraftforge/event/level/AlterGroundEvent;
[21:37:45] [main/DEBUG]: Skipping Lnet/minecraftforge/event/furnace/FurnaceFuelBurnTimeEvent;
[21:37:45] [main/DEBUG]: Skipping Lnet/minecraftforge/event/entity/player/SleepingTimeCheckEvent;
[21:37:45] [main/DEBUG]: Skipping Lnet/minecraftforge/event/entity/player/SleepingLocationCheckEvent;
[21:37:45] [main/DEBUG]: Skipping Lnet/minecraftforge/event/entity/player/PlayerXpEvent;
[21:37:45] [main/DEBUG]: Skipping Lnet/minecraftforge/event/entity/player/PlayerXpEvent$XpChange;
[21:37:45] [main/DEBUG]: Skipping Lnet/minecraftforge/event/entity/player/PlayerXpEvent$PickupXp;
[21:37:45] [main/DEBUG]: Skipping Lnet/minecraftforge/event/entity/player/PlayerXpEvent$LevelChange;
[21:37:45] [main/DEBUG]: Skipping Lnet/minecraftforge/event/entity/player/PlayerWakeUpEvent;
[21:37:45] [main/DEBUG]: Skipping Lnet/minecraftforge/event/entity/player/PlayerSleepInBedEvent;
[21:37:45] [main/DEBUG]: Skipping Lnet/minecraftforge/event/entity/player/PlayerSetSpawnEvent;
[21:37:45] [main/DEBUG]: Skipping Lnet/minecraftforge/event/entity/player/PlayerNegotiationEvent;
[21:37:45] [main/DEBUG]: Skipping Lnet/minecraftforge/event/entity/player/PlayerInteractEvent;
[21:37:45] [main/DEBUG]: Skipping Lnet/minecraftforge/event/entity/player/PlayerInteractEvent$RightClickItem;
[21:37:45] [main/DEBUG]: Skipping Lnet/minecraftforge/event/entity/player/PlayerInteractEvent$RightClickEmpty;
[21:37:45] [main/DEBUG]: Skipping Lnet/minecraftforge/event/entity/player/PlayerInteractEvent$RightClickBlock;
[21:37:45] [main/DEBUG]: Skipping Lnet/minecraftforge/event/entity/player/PlayerInteractEvent$LeftClickEmpty;
[21:37:45] [main/DEBUG]: Skipping Lnet/minecraftforge/event/entity/player/PlayerInteractEvent$LeftClickBlock;
[21:37:45] [main/DEBUG]: Skipping Lnet/minecraftforge/event/entity/player/PlayerInteractEvent$EntityInteractSpecific;
[21:37:45] [main/DEBUG]: Skipping Lnet/minecraftforge/event/entity/player/PlayerInteractEvent$EntityInteract;
[21:37:45] [main/DEBUG]: Skipping Lnet/minecraftforge/event/entity/player/PlayerFlyableFallEvent;
[21:37:45] [main/DEBUG]: Skipping Lnet/minecraftforge/event/entity/player/PlayerEvent;
[21:37:45] [main/DEBUG]: Skipping Lnet/minecraftforge/event/entity/player/PlayerEvent$TabListNameFormat;
[21:37:45] [main/DEBUG]: Skipping Lnet/minecraftforge/event/entity/player/PlayerEvent$StopTracking;
[21:37:45] [main/DEBUG]: Skipping Lnet/minecraftforge/event/entity/player/PlayerEvent$StartTracking;
[21:37:45] [main/DEBUG]: Skipping Lnet/minecraftforge/event/entity/player/PlayerEvent$SaveToFile;
[21:37:45] [main/DEBUG]: Skipping Lnet/minecraftforge/event/entity/player/PlayerEvent$PlayerRespawnEvent;
[21:37:45] [main/DEBUG]: Skipping Lnet/minecraftforge/event/entity/player/PlayerEvent$PlayerLoggedOutEvent;
[21:37:45] [main/DEBUG]: Skipping Lnet/minecraftforge/event/entity/player/PlayerEvent$PlayerLoggedInEvent;
[21:37:45] [main/DEBUG]: Skipping Lnet/minecraftforge/event/entity/player/PlayerEvent$PlayerChangedDimensionEvent;
[21:37:45] [main/DEBUG]: Skipping Lnet/minecraftforge/event/entity/player/PlayerEvent$PlayerChangeGameModeEvent;
[21:37:45] [main/DEBUG]: Skipping Lnet/minecraftforge/event/entity/player/PlayerEvent$NameFormat;
[21:37:45] [main/DEBUG]: Skipping Lnet/minecraftforge/event/entity/player/PlayerEvent$LoadFromFile;
[21:37:45] [main/DEBUG]: Skipping Lnet/minecraftforge/event/entity/player/PlayerEvent$ItemSmeltedEvent;
[21:37:45] [main/DEBUG]: Skipping Lnet/minecraftforge/event/entity/player/PlayerEvent$ItemPickupEvent;
[21:37:45] [main/DEBUG]: Skipping Lnet/minecraftforge/event/entity/player/PlayerEvent$ItemCraftedEvent;
[21:37:45] [main/DEBUG]: Skipping Lnet/minecraftforge/event/entity/player/PlayerEvent$HarvestCheck;
[21:37:45] [main/DEBUG]: Skipping Lnet/minecraftforge/event/entity/player/PlayerEvent$Clone;
[21:37:45] [main/DEBUG]: Skipping Lnet/minecraftforge/event/entity/player/PlayerEvent$BreakSpeed;
[21:37:45] [main/DEBUG]: Skipping Lnet/minecraftforge/event/entity/player/PlayerDestroyItemEvent;
[21:37:45] [main/DEBUG]: Skipping Lnet/minecraftforge/event/entity/player/PlayerContainerEvent;
[21:37:45] [main/DEBUG]: Skipping Lnet/minecraftforge/event/entity/player/PlayerContainerEvent$Open;
[21:37:45] [main/DEBUG]: Skipping Lnet/minecraftforge/event/entity/player/PlayerContainerEvent$Close;
[21:37:45] [main/DEBUG]: Skipping Lnet/minecraftforge/event/entity/player/PermissionsChangedEvent;
[21:37:45] [main/DEBUG]: Skipping Lnet/minecraftforge/event/entity/player/ItemTooltipEvent;
[21:37:45] [main/DEBUG]: Skipping Lnet/minecraftforge/event/entity/player/ItemFishedEvent;
[21:37:45] [main/DEBUG]: Skipping Lnet/minecraftforge/event/entity/player/FillBucketEvent;
[21:37:45] [main/DEBUG]: Skipping Lnet/minecraftforge/event/entity/player/EntityItemPickupEvent;
[21:37:45] [main/DEBUG]: Skipping Lnet/minecraftforge/event/entity/player/CriticalHitEvent;
[21:37:45] [main/DEBUG]: Skipping Lnet/minecraftforge/event/entity/player/BonemealEvent;
[21:37:45] [main/DEBUG]: Skipping Lnet/minecraftforge/event/entity/player/AttackEntityEvent;
[21:37:45] [main/DEBUG]: Skipping Lnet/minecraftforge/event/entity/player/ArrowNockEvent;
[21:37:45] [main/DEBUG]: Skipping Lnet/minecraftforge/event/entity/player/ArrowLooseEvent;
[21:37:45] [main/DEBUG]: Skipping Lnet/minecraftforge/event/entity/player/AnvilRepairEvent;
[21:37:45] [main/DEBUG]: Skipping Lnet/minecraftforge/event/entity/player/AdvancementEvent;
[21:37:45] [main/DEBUG]: Skipping Lnet/minecraftforge/event/entity/player/AdvancementEvent$AdvancementProgressEvent;
[21:37:45] [main/DEBUG]: Skipping Lnet/minecraftforge/event/entity/player/AdvancementEvent$AdvancementProgressEvent$ProgressType;
[21:37:45] [main/DEBUG]: Skipping Lnet/minecraftforge/event/entity/player/AdvancementEvent$AdvancementEarnEvent;
[21:37:45] [main/DEBUG]: Skipping Lnet/minecraftforge/event/entity/living/ZombieEvent;
[21:37:45] [main/DEBUG]: Skipping Lnet/minecraftforge/event/entity/living/ZombieEvent$SummonAidEvent;
[21:37:45] [main/DEBUG]: Skipping Lnet/minecraftforge/event/entity/living/ShieldBlockEvent;
[21:37:45] [main/DEBUG]: Skipping Lnet/minecraftforge/event/entity/living/PotionColorCalculationEvent;
[21:37:45] [main/DEBUG]: Skipping Lnet/minecraftforge/event/entity/living/MobEffectEvent;
[21:37:45] [main/DEBUG]: Skipping Lnet/minecraftforge/event/entity/living/MobEffectEvent$Remove;
[21:37:45] [main/DEBUG]: Skipping Lnet/minecraftforge/event/entity/living/MobEffectEvent$Expired;
[21:37:45] [main/DEBUG]: Skipping Lnet/minecraftforge/event/entity/living/MobEffectEvent$Applicable;
[21:37:45] [main/DEBUG]: Skipping Lnet/minecraftforge/event/entity/living/MobEffectEvent$Added;
[21:37:45] [main/DEBUG]: Skipping Lnet/minecraftforge/event/entity/living/LootingLevelEvent;
[21:37:45] [main/DEBUG]: Skipping Lnet/minecraftforge/event/entity/living/LivingUseTotemEvent;
[21:37:45] [main/DEBUG]: Skipping Lnet/minecraftforge/event/entity/living/LivingSpawnEvent;
[21:37:45] [main/DEBUG]: Skipping Lnet/minecraftforge/event/entity/living/LivingSpawnEvent$SpecialSpawn;
[21:37:45] [main/DEBUG]: Skipping Lnet/minecraftforge/event/entity/living/LivingSpawnEvent$CheckSpawn;
[21:37:45] [main/DEBUG]: Skipping Lnet/minecraftforge/event/entity/living/LivingSpawnEvent$AllowDespawn;
[21:37:45] [main/DEBUG]: Skipping Lnet/minecraftforge/event/entity/living/LivingSetAttackTargetEvent;
[21:37:45] [main/DEBUG]: Skipping Lnet/minecraftforge/event/entity/living/LivingPackSizeEvent;
[21:37:45] [main/DEBUG]: Skipping Lnet/minecraftforge/event/entity/living/LivingKnockBackEvent;
[21:37:45] [main/DEBUG]: Skipping Lnet/minecraftforge/event/entity/living/LivingHurtEvent;
[21:37:45] [main/DEBUG]: Skipping Lnet/minecraftforge/event/entity/living/LivingHealEvent;
[21:37:45] [main/DEBUG]: Skipping Lnet/minecraftforge/event/entity/living/LivingGetProjectileEvent;
[21:37:45] [main/DEBUG]: Skipping Lnet/minecraftforge/event/entity/living/LivingFallEvent;
[21:37:45] [main/DEBUG]: Skipping Lnet/minecraftforge/event/entity/living/LivingExperienceDropEvent;
[21:37:45] [main/DEBUG]: Skipping Lnet/minecraftforge/event/entity/living/LivingEvent;
[21:37:45] [main/DEBUG]: Skipping Lnet/minecraftforge/event/entity/living/LivingEvent$LivingVisibilityEvent;
[21:37:45] [main/DEBUG]: Skipping Lnet/minecraftforge/event/entity/living/LivingEvent$LivingTickEvent;
[21:37:45] [main/DEBUG]: Skipping Lnet/minecraftforge/event/entity/living/LivingEvent$LivingJumpEvent;
[21:37:45] [main/DEBUG]: Skipping Lnet/minecraftforge/event/entity/living/LivingEquipmentChangeEvent;
[21:37:45] [main/DEBUG]: Skipping Lnet/minecraftforge/event/entity/living/LivingEntityUseItemEvent;
[21:37:45] [main/DEBUG]: Skipping Lnet/minecraftforge/event/entity/living/LivingEntityUseItemEvent$Tick;
[21:37:45] [main/DEBUG]: Skipping Lnet/minecraftforge/event/entity/living/LivingEntityUseItemEvent$Stop;
[21:37:45] [main/DEBUG]: Skipping Lnet/minecraftforge/event/entity/living/LivingEntityUseItemEvent$Start;
[21:37:45] [main/DEBUG]: Skipping Lnet/minecraftforge/event/entity/living/LivingEntityUseItemEvent$Finish;
[21:37:45] [main/DEBUG]: Skipping Lnet/minecraftforge/event/entity/living/LivingDropsEvent;
[21:37:45] [main/DEBUG]: Skipping Lnet/minecraftforge/event/entity/living/LivingDestroyBlockEvent;
[21:37:45] [main/DEBUG]: Skipping Lnet/minecraftforge/event/entity/living/LivingDeathEvent;
[21:37:45] [main/DEBUG]: Skipping Lnet/minecraftforge/event/entity/living/LivingDamageEvent;
[21:37:45] [main/DEBUG]: Skipping Lnet/minecraftforge/event/entity/living/LivingConversionEvent;
[21:37:45] [main/DEBUG]: Skipping Lnet/minecraftforge/event/entity/living/LivingConversionEvent$Pre;
[21:37:45] [main/DEBUG]: Skipping Lnet/minecraftforge/event/entity/living/LivingConversionEvent$Post;
[21:37:45] [main/DEBUG]: Skipping Lnet/minecraftforge/event/entity/living/LivingChangeTargetEvent;
[21:37:45] [main/DEBUG]: Skipping Lnet/minecraftforge/event/entity/living/LivingChangeTargetEvent$LivingTargetType;
[21:37:45] [main/DEBUG]: Skipping Lnet/minecraftforge/event/entity/living/LivingChangeTargetEvent$ILivingTargetType;
[21:37:45] [main/DEBUG]: Skipping Lnet/minecraftforge/event/entity/living/LivingAttackEvent;
[21:37:45] [main/DEBUG]: Skipping Lnet/minecraftforge/event/entity/living/EnderManAngerEvent;
[21:37:45] [main/DEBUG]: Skipping Lnet/minecraftforge/event/entity/living/BabyEntitySpawnEvent;
[21:37:45] [main/DEBUG]: Skipping Lnet/minecraftforge/event/entity/living/AnimalTameEvent;
[21:37:45] [main/DEBUG]: Skipping Lnet/minecraftforge/event/entity/item/ItemTossEvent;
[21:37:45] [main/DEBUG]: Skipping Lnet/minecraftforge/event/entity/item/ItemExpireEvent;
[21:37:45] [main/DEBUG]: Skipping Lnet/minecraftforge/event/entity/item/ItemEvent;
[21:37:45] [main/DEBUG]: Skipping Lnet/minecraftforge/event/entity/SpawnPlacementRegisterEvent;
[21:37:45] [main/DEBUG]: Skipping Lnet/minecraftforge/event/entity/SpawnPlacementRegisterEvent$Operation;
[21:37:45] [main/DEBUG]: Skipping Lnet/minecraftforge/event/entity/SpawnPlacementRegisterEvent$MergedSpawnPredicate;
[21:37:45] [main/DEBUG]: Skipping Lnet/minecraftforge/event/entity/ProjectileImpactEvent;
[21:37:45] [main/DEBUG]: Skipping Lnet/minecraftforge/event/entity/EntityTravelToDimensionEvent;
[21:37:45] [main/DEBUG]: Skipping Lnet/minecraftforge/event/entity/EntityTeleportEvent;
[21:37:45] [main/DEBUG]: Skipping Lnet/minecraftforge/event/entity/EntityTeleportEvent$TeleportCommand;
[21:37:45] [main/DEBUG]: Skipping Lnet/minecraftforge/event/entity/EntityTeleportEvent$SpreadPlayersCommand;
[21:37:45] [main/DEBUG]: Skipping Lnet/minecraftforge/event/entity/EntityTeleportEvent$EnderPearl;
[21:37:45] [main/DEBUG]: Skipping Lnet/minecraftforge/event/entity/EntityTeleportEvent$EnderEntity;
[21:37:45] [main/DEBUG]: Skipping Lnet/minecraftforge/event/entity/EntityTeleportEvent$ChorusFruit;
[21:37:45] [main/DEBUG]: Skipping Lnet/minecraftforge/event/entity/EntityStruckByLightningEvent;
[21:37:45] [main/DEBUG]: Skipping Lnet/minecraftforge/event/entity/EntityMountEvent;
[21:37:45] [main/DEBUG]: Skipping Lnet/minecraftforge/event/entity/EntityMobGriefingEvent;
[21:37:45] [main/DEBUG]: Skipping Lnet/minecraftforge/event/entity/EntityLeaveLevelEvent;
[21:37:45] [main/DEBUG]: Skipping Lnet/minecraftforge/event/entity/EntityJoinLevelEvent;
[21:37:45] [main/DEBUG]: Skipping Lnet/minecraftforge/event/entity/EntityEvent;
[21:37:45] [main/DEBUG]: Skipping Lnet/minecraftforge/event/entity/EntityEvent$Size;
[21:37:45] [main/DEBUG]: Skipping Lnet/minecraftforge/event/entity/EntityEvent$EntityConstructing;
[21:37:45] [main/DEBUG]: Skipping Lnet/minecraftforge/event/entity/EntityEvent$EnteringSection;
[21:37:45] [main/DEBUG]: Skipping Lnet/minecraftforge/event/entity/EntityAttributeModificationEvent;
[21:37:45] [main/DEBUG]: Skipping Lnet/minecraftforge/event/entity/EntityAttributeCreationEvent;
[21:37:45] [main/DEBUG]: Skipping Lnet/minecraftforge/event/enchanting/EnchantmentLevelSetEvent;
[21:37:45] [main/DEBUG]: Skipping Lnet/minecraftforge/event/brewing/PotionBrewEvent;
[21:37:45] [main/DEBUG]: Skipping Lnet/minecraftforge/event/brewing/PotionBrewEvent$Pre;
[21:37:45] [main/DEBUG]: Skipping Lnet/minecraftforge/event/brewing/PotionBrewEvent$Post;
[21:37:45] [main/DEBUG]: Skipping Lnet/minecraftforge/event/brewing/PlayerBrewedPotionEvent;
[21:37:45] [main/DEBUG]: Skipping Lnet/minecraftforge/event/VanillaGameEvent;
[21:37:45] [main/DEBUG]: Skipping Lnet/minecraftforge/event/TickEvent;
[21:37:45] [main/DEBUG]: Skipping Lnet/minecraftforge/event/TickEvent$Type;
[21:37:45] [main/DEBUG]: Skipping Lnet/minecraftforge/event/TickEvent$ServerTickEvent;
[21:37:45] [main/DEBUG]: Skipping Lnet/minecraftforge/event/TickEvent$RenderTickEvent;
[21:37:45] [main/DEBUG]: Skipping Lnet/minecraftforge/event/TickEvent$PlayerTickEvent;
[21:37:45] [main/DEBUG]: Skipping Lnet/minecraftforge/event/TickEvent$Phase;
[21:37:45] [main/DEBUG]: Skipping Lnet/minecraftforge/event/TickEvent$LevelTickEvent;
[21:37:45] [main/DEBUG]: Skipping Lnet/minecraftforge/event/TickEvent$ClientTickEvent;
[21:37:45] [main/DEBUG]: Skipping Lnet/minecraftforge/event/TagsUpdatedEvent;
[21:37:45] [main/DEBUG]: Skipping Lnet/minecraftforge/event/TagsUpdatedEvent$UpdateCause;
[21:37:45] [main/DEBUG]: Skipping Lnet/minecraftforge/event/ServerChatEvent;
[21:37:45] [main/DEBUG]: Skipping Lnet/minecraftforge/event/ServerChatEvent$Submitted;
[21:37:45] [main/DEBUG]: Skipping Lnet/minecraftforge/event/ServerChatEvent$Preview;
[21:37:45] [main/DEBUG]: Skipping Lnet/minecraftforge/event/RegisterStructureConversionsEvent;
[21:37:45] [main/DEBUG]: Skipping Lnet/minecraftforge/event/RegisterGameTestsEvent;
[21:37:45] [main/DEBUG]: Skipping Lnet/minecraftforge/event/RegisterCommandsEvent;
[21:37:45] [main/DEBUG]: Skipping Lnet/minecraftforge/event/PlayLevelSoundEvent;
[21:37:45] [main/DEBUG]: Skipping Lnet/minecraftforge/event/PlayLevelSoundEvent$AtPosition;
[21:37:45] [main/DEBUG]: Skipping Lnet/minecraftforge/event/PlayLevelSoundEvent$AtEntity;
[21:37:45] [main/DEBUG]: Skipping Lnet/minecraftforge/event/OnDatapackSyncEvent;
[21:37:45] [main/DEBUG]: Skipping Lnet/minecraftforge/event/ModMismatchEvent;
[21:37:45] [main/DEBUG]: Skipping Lnet/minecraftforge/event/ModMismatchEvent$MismatchedVersionInfo;
[21:37:45] [main/DEBUG]: Skipping Lnet/minecraftforge/event/ModMismatchEvent$MismatchResolutionResult;
[21:37:45] [main/DEBUG]: Skipping Lnet/minecraftforge/event/LootTableLoadEvent;
[21:37:45] [main/DEBUG]: Skipping Lnet/minecraftforge/event/ItemStackedOnOtherEvent;
[21:37:45] [main/DEBUG]: Skipping Lnet/minecraftforge/event/ItemAttributeModifierEvent;
[21:37:45] [main/DEBUG]: Skipping Lnet/minecraftforge/event/GrindstoneEvent;
[21:37:45] [main/DEBUG]: Skipping Lnet/minecraftforge/event/GrindstoneEvent$OnplaceItem;
[21:37:45] [main/DEBUG]: Skipping Lnet/minecraftforge/event/GrindstoneEvent$OnTakeItem;
[21:37:45] [main/DEBUG]: Skipping Lnet/minecraftforge/event/GameShuttingDownEvent;
[21:37:45] [main/DEBUG]: Skipping Lnet/minecraftforge/event/ForgeEventFactory;
[21:37:45] [main/DEBUG]: Skipping Lnet/minecraftforge/event/DifficultyChangeEvent;
[21:37:45] [main/DEBUG]: Skipping Lnet/minecraftforge/event/CommandEvent;
[21:37:45] [main/DEBUG]: Skipping Lnet/minecraftforge/event/AttachCapabilitiesEvent;
[21:37:45] [main/DEBUG]: Skipping Lnet/minecraftforge/event/AnvilUpdateEvent;
[21:37:45] [main/DEBUG]: Skipping Lnet/minecraftforge/event/AddReloadListenerEvent;
[21:37:45] [main/DEBUG]: Skipping Lnet/minecraftforge/event/AddReloadListenerEvent$WrappedStateAwareListener;
[21:37:45] [main/DEBUG]: Skipping Lnet/minecraftforge/event/AddPackFindersEvent;
[21:37:45] [main/DEBUG]: Skipping Lnet/minecraftforge/entity/PartEntity;
[21:37:45] [main/DEBUG]: Skipping Lnet/minecraftforge/entity/IEntityAdditionalSpawnData;
[21:37:45] [main/DEBUG]: Skipping Lnet/minecraftforge/energy/IEnergyStorage;
[21:37:45] [main/DEBUG]: Skipping Lnet/minecraftforge/energy/EnergyStorage;
[21:37:45] [main/DEBUG]: Skipping Lnet/minecraftforge/energy/CapabilityEnergy;
[21:37:45] [main/DEBUG]: Skipping Lnet/minecraftforge/data/loading/DatagenModLoader;
[21:37:45] [main/DEBUG]: Skipping Lnet/minecraftforge/data/event/GatherDataEvent;
[21:37:45] [main/DEBUG]: Skipping Lnet/minecraftforge/data/event/GatherDataEvent$DataGeneratorConfig;
[21:37:45] [main/DEBUG]: Skipping Lnet/minecraftforge/common/world/StructureSettingsBuilder;
[21:37:45] [main/DEBUG]: Skipping Lnet/minecraftforge/common/world/StructureSettingsBuilder$StructureSpawnOverrideBuilder;
[21:37:45] [main/DEBUG]: Skipping Lnet/minecraftforge/common/world/StructureModifier;
[21:37:45] [main/DEBUG]: Skipping Lnet/minecraftforge/common/world/StructureModifier$Phase;
[21:37:45] [main/DEBUG]: Skipping Lnet/minecraftforge/common/world/PieceBeardifierModifier;
[21:37:45] [main/DEBUG]: Skipping Lnet/minecraftforge/common/world/NoneStructureModifier;
[21:37:45] [main/DEBUG]: Skipping Lnet/minecraftforge/common/world/NoneBiomeModifier;
[21:37:45] [main/DEBUG]: Skipping Lnet/minecraftforge/common/world/ModifiableStructureInfo;
[21:37:45] [main/DEBUG]: Skipping Lnet/minecraftforge/common/world/ModifiableStructureInfo$StructureInfo;
[21:37:45] [main/DEBUG]: Skipping Lnet/minecraftforge/common/world/ModifiableStructureInfo$StructureInfo$Builder;
[21:37:45] [main/DEBUG]: Skipping Lnet/minecraftforge/common/world/ModifiableBiomeInfo;
[21:37:45] [main/DEBUG]: Skipping Lnet/minecraftforge/common/world/ModifiableBiomeInfo$BiomeInfo;
[21:37:45] [main/DEBUG]: Skipping Lnet/minecraftforge/common/world/ModifiableBiomeInfo$BiomeInfo$Builder;
[21:37:45] [main/DEBUG]: Skipping Lnet/minecraftforge/common/world/MobSpawnSettingsBuilder;
[21:37:45] [main/DEBUG]: Skipping Lnet/minecraftforge/common/world/ForgeChunkManager;
[21:37:45] [main/DEBUG]: Skipping Lnet/minecraftforge/common/world/ForgeChunkManager$TicketTracker;
[21:37:45] [main/DEBUG]: Skipping Lnet/minecraftforge/common/world/ForgeChunkManager$TicketOwner;
[21:37:45] [main/DEBUG]: Skipping Lnet/minecraftforge/common/world/ForgeChunkManager$TicketHelper;
[21:37:45] [main/DEBUG]: Skipping Lnet/minecraftforge/common/world/ForgeChunkManager$LoadingValidationCallback;
[21:37:45] [main/DEBUG]: Skipping Lnet/minecraftforge/common/world/ForgeBiomeModifiers;
[21:37:45] [main/DEBUG]: Skipping Lnet/minecraftforge/common/world/ForgeBiomeModifiers$RemoveSpawnsBiomeModifier;
[21:37:45] [main/DEBUG]: Skipping Lnet/minecraftforge/common/world/ForgeBiomeModifiers$RemoveFeaturesBiomeModifier;
[21:37:45] [main/DEBUG]: Skipping Lnet/minecraftforge/common/world/ForgeBiomeModifiers$AddSpawnsBiomeModifier;
[21:37:45] [main/DEBUG]: Skipping Lnet/minecraftforge/common/world/ForgeBiomeModifiers$AddFeaturesBiomeModifier;
[21:37:45] [main/DEBUG]: Skipping Lnet/minecraftforge/common/world/ClimateSettingsBuilder;
[21:37:45] [main/DEBUG]: Skipping Lnet/minecraftforge/common/world/BiomeSpecialEffectsBuilder;
[21:37:45] [main/DEBUG]: Skipping Lnet/minecraftforge/common/world/BiomeModifier;
[21:37:45] [main/DEBUG]: Skipping Lnet/minecraftforge/common/world/BiomeModifier$Phase;
[21:37:45] [main/DEBUG]: Skipping Lnet/minecraftforge/common/world/BiomeGenerationSettingsBuilder;
[21:37:45] [main/DEBUG]: Skipping Lnet/minecraftforge/common/util/TriPredicate;
[21:37:45] [main/DEBUG]: Skipping Lnet/minecraftforge/common/util/TransformationHelper;
[21:37:45] [main/DEBUG]: Skipping Lnet/minecraftforge/common/util/TransformationHelper$Deserializer;
[21:37:45] [main/DEBUG]: Skipping Lnet/minecraftforge/common/util/TextTable;
[21:37:45] [main/DEBUG]: Skipping Lnet/minecraftforge/common/util/TextTable$Row;
[21:37:45] [main/DEBUG]: Skipping Lnet/minecraftforge/common/util/TextTable$Column;
[21:37:45] [main/DEBUG]: Skipping Lnet/minecraftforge/common/util/TextTable$Alignment;
[21:37:45] [main/DEBUG]: Skipping Lnet/minecraftforge/common/util/TextTable$1;
[21:37:45] [main/DEBUG]: Skipping Lnet/minecraftforge/common/util/TablePrinter;
[21:37:45] [main/DEBUG]: Skipping Lnet/minecraftforge/common/util/TablePrinter$Header;
[21:37:45] [main/DEBUG]: Skipping Lnet/minecraftforge/common/util/SortedProperties;
[21:37:45] [main/DEBUG]: Skipping Lnet/minecraftforge/common/util/Size2i;
[21:37:45] [main/DEBUG]: Skipping Lnet/minecraftforge/common/util/RecipeMatcher;
[21:37:45] [main/DEBUG]: Skipping Lnet/minecraftforge/common/util/NonNullSupplier;
[21:37:45] [main/DEBUG]: Skipping Lnet/minecraftforge/common/util/NonNullPredicate;
[21:37:45] [main/DEBUG]: Skipping Lnet/minecraftforge/common/util/NonNullLazy;
[21:37:45] [main/DEBUG]: Skipping Lnet/minecraftforge/common/util/NonNullFunction;
[21:37:45] [main/DEBUG]: Skipping Lnet/minecraftforge/common/util/NonNullConsumer;
[21:37:45] [main/DEBUG]: Skipping Lnet/minecraftforge/common/util/MavenVersionStringHelper;
[21:37:45] [main/DEBUG]: Skipping Lnet/minecraftforge/common/util/LogicalSidedProvider;
[21:37:45] [main/DEBUG]: Skipping Lnet/minecraftforge/common/util/LogMessageAdapter;
[21:37:45] [main/DEBUG]: Skipping Lnet/minecraftforge/common/util/LevelCapabilityData;
[21:37:45] [main/DEBUG]: Skipping Lnet/minecraftforge/common/util/LazyOptional;
[21:37:45] [main/DEBUG]: Skipping Lnet/minecraftforge/common/util/Lazy;
[21:37:45] [main/DEBUG]: Skipping Lnet/minecraftforge/common/util/Lazy$Fast;
[21:37:45] [main/DEBUG]: Skipping Lnet/minecraftforge/common/util/Lazy$Concurrent;
[21:37:45] [main/DEBUG]: Skipping Lnet/minecraftforge/common/util/JsonUtils;
[21:37:45] [main/DEBUG]: Skipping Lnet/minecraftforge/common/util/JsonUtils$ImmutableMapTypeAdapter;
[21:37:45] [main/DEBUG]: Skipping Lnet/minecraftforge/common/util/JsonUtils$ImmutableListTypeAdapter;
[21:37:45] [main/DEBUG]: Skipping Lnet/minecraftforge/common/util/JsonUtils$4;
[21:37:45] [main/DEBUG]: Skipping Lnet/minecraftforge/common/util/JsonUtils$3;
[21:37:45] [main/DEBUG]: Skipping Lnet/minecraftforge/common/util/JsonUtils$2;
[21:37:45] [main/DEBUG]: Skipping Lnet/minecraftforge/common/util/JsonUtils$1;
[21:37:45] [main/DEBUG]: Skipping Lnet/minecraftforge/common/util/ITeleporter;
[21:37:45] [main/DEBUG]: Skipping Lnet/minecraftforge/common/util/INBTSerializable;
[21:37:45] [main/DEBUG]: Skipping Lnet/minecraftforge/common/util/HexDumper;
[21:37:45] [main/DEBUG]: Skipping Lnet/minecraftforge/common/util/HexDumper$Instance;
[21:37:45] [main/DEBUG]: Skipping Lnet/minecraftforge/common/util/ForgeSoundType;
[21:37:45] [main/DEBUG]: Skipping Lnet/minecraftforge/common/util/FakePlayerFactory;
[21:37:45] [main/DEBUG]: Skipping Lnet/minecraftforge/common/util/FakePlayer;
[21:37:45] [main/DEBUG]: Skipping Lnet/minecraftforge/common/util/FakePlayer$FakePlayerNetHandler;
[21:37:45] [main/DEBUG]: Skipping Lnet/minecraftforge/common/util/DummySavedData;
[21:37:45] [main/DEBUG]: Skipping Lnet/minecraftforge/common/util/ConcatenatedListView;
[21:37:45] [main/DEBUG]: Skipping Lnet/minecraftforge/common/util/CenterChunkPosComparator;
[21:37:45] [main/DEBUG]: Skipping Lnet/minecraftforge/common/util/BlockSnapshot;
[21:37:45] [main/DEBUG]: Skipping Lnet/minecraftforge/common/ticket/SimpleTicket;
[21:37:45] [main/DEBUG]: Skipping Lnet/minecraftforge/common/ticket/ITicketManager;
[21:37:45] [main/DEBUG]: Skipping Lnet/minecraftforge/common/ticket/ITicketGetter;
[21:37:45] [main/DEBUG]: Skipping Lnet/minecraftforge/common/ticket/ChunkTicketManager;
[21:37:45] [main/DEBUG]: Skipping Lnet/minecraftforge/common/ticket/AABBTicket;
[21:37:45] [main/DEBUG]: Skipping Lnet/minecraftforge/common/property/Properties;
[21:37:45] [main/DEBUG]: Skipping Lnet/minecraftforge/common/loot/LootTableIdCondition;
[21:37:45] [main/DEBUG]: Skipping Lnet/minecraftforge/common/loot/LootTableIdCondition$Serializer;
[21:37:45] [main/DEBUG]: Skipping Lnet/minecraftforge/common/loot/LootTableIdCondition$Builder;
[21:37:45] [main/DEBUG]: Skipping Lnet/minecraftforge/common/loot/LootModifierManager;
[21:37:45] [main/DEBUG]: Skipping Lnet/minecraftforge/common/loot/LootModifier;
[21:37:45] [main/DEBUG]: Skipping Lnet/minecraftforge/common/loot/IGlobalLootModifier;
[21:37:45] [main/DEBUG]: Skipping Lnet/minecraftforge/common/loot/CanToolPerformAction;
[21:37:45] [main/DEBUG]: Skipping Lnet/minecraftforge/common/loot/CanToolPerformAction$Serializer;
[21:37:45] [main/DEBUG]: Skipping Lnet/minecraftforge/common/extensions/IForgeTagAppender;
[21:37:45] [main/DEBUG]: Skipping Lnet/minecraftforge/common/extensions/IForgeRecipeSerializer;
[21:37:45] [main/DEBUG]: Skipping Lnet/minecraftforge/common/extensions/IForgeRawTagBuilder;
[21:37:45] [main/DEBUG]: Skipping Lnet/minecraftforge/common/extensions/IForgePotion;
[21:37:45] [main/DEBUG]: Skipping Lnet/minecraftforge/common/extensions/IForgePlayer;
[21:37:45] [main/DEBUG]: Skipping Lnet/minecraftforge/common/extensions/IForgePackResources;
[21:37:45] [main/DEBUG]: Skipping Lnet/minecraftforge/common/extensions/IForgeMobEffectInstance;
[21:37:45] [main/DEBUG]: Skipping Lnet/minecraftforge/common/extensions/IForgeMobEffect;
[21:37:45] [main/DEBUG]: Skipping Lnet/minecraftforge/common/extensions/IForgeMenuType;
[21:37:45] [main/DEBUG]: Skipping Lnet/minecraftforge/common/extensions/IForgeLivingEntity;
[21:37:45] [main/DEBUG]: Skipping Lnet/minecraftforge/common/extensions/IForgeLevelChunk;
[21:37:45] [main/DEBUG]: Skipping Lnet/minecraftforge/common/extensions/IForgeLevel;
[21:37:45] [main/DEBUG]: Skipping Lnet/minecraftforge/common/extensions/IForgeItemStack;
[21:37:45] [main/DEBUG]: Skipping Lnet/minecraftforge/common/extensions/IForgeItem;
[21:37:45] [main/DEBUG]: Skipping Lnet/minecraftforge/common/extensions/IForgeHolderSet;
[21:37:45] [main/DEBUG]: Skipping Lnet/minecraftforge/common/extensions/IForgeFriendlyByteBuf;
[21:37:45] [main/DEBUG]: Skipping Lnet/minecraftforge/common/extensions/IForgeFluidState;
[21:37:45] [main/DEBUG]: Skipping Lnet/minecraftforge/common/extensions/IForgeFluid;
[21:37:45] [main/DEBUG]: Skipping Lnet/minecraftforge/common/extensions/IForgeEntity;
[21:37:45] [main/DEBUG]: Skipping Lnet/minecraftforge/common/extensions/IForgeEnchantment;
[21:37:45] [main/DEBUG]: Skipping Lnet/minecraftforge/common/extensions/IForgeDispensibleContainerItem;
[21:37:45] [main/DEBUG]: Skipping Lnet/minecraftforge/common/extensions/IForgeCommandSourceStack;
[21:37:45] [main/DEBUG]: Skipping Lnet/minecraftforge/common/extensions/IForgeBucketPickup;
[21:37:45] [main/DEBUG]: Skipping Lnet/minecraftforge/common/extensions/IForgeBoat;
[21:37:45] [main/DEBUG]: Skipping Lnet/minecraftforge/common/extensions/IForgeBlockState;
[21:37:45] [main/DEBUG]: Skipping Lnet/minecraftforge/common/extensions/IForgeBlockGetter;
[21:37:45] [main/DEBUG]: Skipping Lnet/minecraftforge/common/extensions/IForgeBlockEntity;
[21:37:45] [main/DEBUG]: Skipping Lnet/minecraftforge/common/extensions/IForgeBlock;
[21:37:45] [main/DEBUG]: Skipping Lnet/minecraftforge/common/extensions/IForgeBaseRailBlock;
[21:37:45] [main/DEBUG]: Skipping Lnet/minecraftforge/common/extensions/IForgeAdvancementBuilder;
[21:37:45] [main/DEBUG]: Skipping Lnet/minecraftforge/common/extensions/IForgeAbstractMinecart;
[21:37:45] [main/DEBUG]: Skipping Lnet/minecraftforge/common/data/package-info;
[21:37:45] [main/DEBUG]: Skipping Lnet/minecraftforge/common/data/SoundDefinitionsProvider;
[21:37:45] [main/DEBUG]: Skipping Lnet/minecraftforge/common/data/SoundDefinitionsProvider$1;
[21:37:45] [main/DEBUG]: Skipping Lnet/minecraftforge/common/data/SoundDefinition;
[21:37:45] [main/DEBUG]: Skipping Lnet/minecraftforge/common/data/SoundDefinition$SoundType;
[21:37:45] [main/DEBUG]: Skipping Lnet/minecraftforge/common/data/SoundDefinition$Sound;
[21:37:45] [main/DEBUG]: Skipping Lnet/minecraftforge/common/data/LanguageProvider;
[21:37:45] [main/DEBUG]: Skipping Lnet/minecraftforge/common/data/JsonCodecProvider;
[21:37:45] [main/DEBUG]: Skipping Lnet/minecraftforge/common/data/GlobalLootModifierProvider;
[21:37:45] [main/DEBUG]: Skipping Lnet/minecraftforge/common/data/ForgeRegistryTagsProvider;
[21:37:45] [main/DEBUG]: Skipping Lnet/minecraftforge/common/data/ForgeRecipeProvider;
[21:37:45] [main/DEBUG]: Skipping Lnet/minecraftforge/common/data/ForgeLootTableProvider;
[21:37:45] [main/DEBUG]: Skipping Lnet/minecraftforge/common/data/ForgeItemTagsProvider;
[21:37:45] [main/DEBUG]: Skipping Lnet/minecraftforge/common/data/ForgeFluidTagsProvider;
[21:37:45] [main/DEBUG]: Skipping Lnet/minecraftforge/common/data/ForgeEntityTypeTagsProvider;
[21:37:45] [main/DEBUG]: Skipping Lnet/minecraftforge/common/data/ForgeBlockTagsProvider;
[21:37:45] [main/DEBUG]: Skipping Lnet/minecraftforge/common/data/ForgeBiomeTagsProvider;
[21:37:45] [main/DEBUG]: Skipping Lnet/minecraftforge/common/data/ExistingFileHelper;
[21:37:45] [main/DEBUG]: Skipping Lnet/minecraftforge/common/data/ExistingFileHelper$ResourceType;
[21:37:45] [main/DEBUG]: Skipping Lnet/minecraftforge/common/data/ExistingFileHelper$IResourceType;
[21:37:45] [main/DEBUG]: Skipping Lnet/minecraftforge/common/crafting/package-info;
[21:37:45] [main/DEBUG]: Skipping Lnet/minecraftforge/common/crafting/conditions/TrueCondition;
[21:37:45] [main/DEBUG]: Skipping Lnet/minecraftforge/common/crafting/conditions/TrueCondition$Serializer;
[21:37:45] [main/DEBUG]: Skipping Lnet/minecraftforge/common/crafting/conditions/TagEmptyCondition;
[21:37:45] [main/DEBUG]: Skipping Lnet/minecraftforge/common/crafting/conditions/TagEmptyCondition$Serializer;
[21:37:45] [main/DEBUG]: Skipping Lnet/minecraftforge/common/crafting/conditions/OrCondition;
[21:37:45] [main/DEBUG]: Skipping Lnet/minecraftforge/common/crafting/conditions/OrCondition$Serializer;
[21:37:45] [main/DEBUG]: Skipping Lnet/minecraftforge/common/crafting/conditions/NotCondition;
[21:37:45] [main/DEBUG]: Skipping Lnet/minecraftforge/common/crafting/conditions/NotCondition$Serializer;
[21:37:45] [main/DEBUG]: Skipping Lnet/minecraftforge/common/crafting/conditions/ModLoadedCondition;
[21:37:45] [main/DEBUG]: Skipping Lnet/minecraftforge/common/crafting/conditions/ModLoadedCondition$Serializer;
[21:37:45] [main/DEBUG]: Skipping Lnet/minecraftforge/common/crafting/conditions/ItemExistsCondition;
[21:37:45] [main/DEBUG]: Skipping Lnet/minecraftforge/common/crafting/conditions/ItemExistsCondition$Serializer;
[21:37:45] [main/DEBUG]: Skipping Lnet/minecraftforge/common/crafting/conditions/IConditionSerializer;
[21:37:45] [main/DEBUG]: Skipping Lnet/minecraftforge/common/crafting/conditions/IConditionBuilder;
[21:37:45] [main/DEBUG]: Skipping Lnet/minecraftforge/common/crafting/conditions/ICondition;
[21:37:45] [main/DEBUG]: Skipping Lnet/minecraftforge/common/crafting/conditions/ICondition$IContext;
[21:37:45] [main/DEBUG]: Skipping Lnet/minecraftforge/common/crafting/conditions/ICondition$IContext$2;
[21:37:45] [main/DEBUG]: Skipping Lnet/minecraftforge/common/crafting/conditions/ICondition$IContext$1;
[21:37:45] [main/DEBUG]: Skipping Lnet/minecraftforge/common/crafting/conditions/ICondition$1;
[21:37:45] [main/DEBUG]: Skipping Lnet/minecraftforge/common/crafting/conditions/FalseCondition;
[21:37:45] [main/DEBUG]: Skipping Lnet/minecraftforge/common/crafting/conditions/FalseCondition$Serializer;
[21:37:45] [main/DEBUG]: Skipping Lnet/minecraftforge/common/crafting/conditions/ConditionContext;
[21:37:45] [main/DEBUG]: Skipping Lnet/minecraftforge/common/crafting/conditions/AndCondition;
[21:37:45] [main/DEBUG]: Skipping Lnet/minecraftforge/common/crafting/conditions/AndCondition$Serializer;
[21:37:45] [main/DEBUG]: Skipping Lnet/minecraftforge/common/crafting/VanillaIngredientSerializer;
[21:37:45] [main/DEBUG]: Skipping Lnet/minecraftforge/common/crafting/StrictNBTIngredient;
[21:37:45] [main/DEBUG]: Skipping Lnet/minecraftforge/common/crafting/StrictNBTIngredient$Serializer;
[21:37:45] [main/DEBUG]: Skipping Lnet/minecraftforge/common/crafting/PartialNBTIngredient;
[21:37:45] [main/DEBUG]: Skipping Lnet/minecraftforge/common/crafting/PartialNBTIngredient$Serializer;
[21:37:45] [main/DEBUG]: Skipping Lnet/minecraftforge/common/crafting/MultiItemValue;
[21:37:45] [main/DEBUG]: Skipping Lnet/minecraftforge/common/crafting/IntersectionIngredient;
[21:37:45] [main/DEBUG]: Skipping Lnet/minecraftforge/common/crafting/IntersectionIngredient$Serializer;
[21:37:45] [main/DEBUG]: Skipping Lnet/minecraftforge/common/crafting/IShapedRecipe;
[21:37:45] [main/DEBUG]: Skipping Lnet/minecraftforge/common/crafting/IRecipeContainer;
[21:37:45] [main/DEBUG]: Skipping Lnet/minecraftforge/common/crafting/IIngredientSerializer;
[21:37:45] [main/DEBUG]: Skipping Lnet/minecraftforge/common/crafting/DifferenceIngredient;
[21:37:45] [main/DEBUG]: Skipping Lnet/minecraftforge/common/crafting/DifferenceIngredient$Serializer;
[21:37:45] [main/DEBUG]: Skipping Lnet/minecraftforge/common/crafting/CraftingHelper;
[21:37:45] [main/DEBUG]: Skipping Lnet/minecraftforge/common/crafting/ConditionalRecipe;
[21:37:45] [main/DEBUG]: Skipping Lnet/minecraftforge/common/crafting/ConditionalRecipe$Serializer;
[21:37:45] [main/DEBUG]: Skipping Lnet/minecraftforge/common/crafting/ConditionalRecipe$Finished;
[21:37:45] [main/DEBUG]: Skipping Lnet/minecraftforge/common/crafting/ConditionalRecipe$Builder;
[21:37:45] [main/DEBUG]: Skipping Lnet/minecraftforge/common/crafting/ConditionalAdvancement;
[21:37:45] [main/DEBUG]: Skipping Lnet/minecraftforge/common/crafting/ConditionalAdvancement$Builder;
[21:37:45] [main/DEBUG]: Skipping Lnet/minecraftforge/common/crafting/CompoundIngredient;
[21:37:45] [main/DEBUG]: Skipping Lnet/minecraftforge/common/crafting/CompoundIngredient$Serializer;
[21:37:45] [main/DEBUG]: Skipping Lnet/minecraftforge/common/crafting/AbstractIngredient;
[21:37:45] [main/DEBUG]: Skipping Lnet/minecraftforge/common/command/IEntitySelectorType;
[21:37:45] [main/DEBUG]: Skipping Lnet/minecraftforge/common/command/EntitySelectorManager;
[21:37:45] [main/DEBUG]: Skipping Lnet/minecraftforge/common/capabilities/RegisterCapabilitiesEvent;
[21:37:45] [main/DEBUG]: Skipping Lnet/minecraftforge/common/capabilities/ICapabilitySerializable;
[21:37:45] [main/DEBUG]: Skipping Lnet/minecraftforge/common/capabilities/ICapabilityProviderImpl;
[21:37:45] [main/DEBUG]: Skipping Lnet/minecraftforge/common/capabilities/ICapabilityProvider;
[21:37:45] [main/DEBUG]: Skipping Lnet/minecraftforge/common/capabilities/ForgeCapabilities;
[21:37:45] [main/DEBUG]: Skipping Lnet/minecraftforge/common/capabilities/ForgeCapabilities$4;
[21:37:45] [main/DEBUG]: Skipping Lnet/minecraftforge/common/capabilities/ForgeCapabilities$3;
[21:37:45] [main/DEBUG]: Skipping Lnet/minecraftforge/common/capabilities/ForgeCapabilities$2;
[21:37:45] [main/DEBUG]: Skipping Lnet/minecraftforge/common/capabilities/ForgeCapabilities$1;
[21:37:45] [main/DEBUG]: Skipping Lnet/minecraftforge/common/capabilities/CapabilityToken;
[21:37:45] [main/DEBUG]: Skipping Lnet/minecraftforge/common/capabilities/CapabilityProvider;
[21:37:45] [main/DEBUG]: Skipping Lnet/minecraftforge/common/capabilities/CapabilityProvider$AsField;
[21:37:45] [main/DEBUG]: Skipping Lnet/minecraftforge/common/capabilities/CapabilityManager;
[21:37:45] [main/DEBUG]: Skipping Lnet/minecraftforge/common/capabilities/CapabilityDispatcher;
[21:37:45] [main/DEBUG]: Skipping Lnet/minecraftforge/common/capabilities/Capability;
[21:37:45] [main/DEBUG]: Skipping Lnet/minecraftforge/common/capabilities/AutoRegisterCapability;
[21:37:45] [main/DEBUG]: Skipping Lnet/minecraftforge/common/brewing/package-info;
[21:37:45] [main/DEBUG]: Skipping Lnet/minecraftforge/common/brewing/VanillaBrewingRecipe;
[21:37:45] [main/DEBUG]: Skipping Lnet/minecraftforge/common/brewing/IBrewingRecipe;
[21:37:45] [main/DEBUG]: Skipping Lnet/minecraftforge/common/brewing/BrewingRecipeRegistry;
[21:37:45] [main/DEBUG]: Skipping Lnet/minecraftforge/common/brewing/BrewingRecipe;
[21:37:45] [main/DEBUG]: Skipping Lnet/minecraftforge/common/WorldWorkerManager;
[21:37:45] [main/DEBUG]: Skipping Lnet/minecraftforge/common/WorldWorkerManager$IWorker;
[21:37:45] [main/DEBUG]: Skipping Lnet/minecraftforge/common/VillagerTradingManager;
[21:37:45] [main/DEBUG]: Skipping Lnet/minecraftforge/common/UsernameCache;
[21:37:45] [main/DEBUG]: Skipping Lnet/minecraftforge/common/UsernameCache$SaveThread;
[21:37:45] [main/DEBUG]: Skipping Lnet/minecraftforge/common/UsernameCache$1;
[21:37:45] [main/DEBUG]: Skipping Lnet/minecraftforge/common/ToolActions;
[21:37:45] [main/DEBUG]: Skipping Lnet/minecraftforge/common/ToolAction;
[21:37:45] [main/DEBUG]: Skipping Lnet/minecraftforge/common/TierSortingRegistry;
[21:37:45] [main/DEBUG]: Skipping Lnet/minecraftforge/common/TierSortingRegistry$SyncPacket;
[21:37:45] [main/DEBUG]: Skipping Lnet/minecraftforge/common/TierSortingRegistry$ClientEvents;
[21:37:45] [main/DEBUG]: Skipping Lnet/minecraftforge/common/TierSortingRegistry$1;
[21:37:45] [main/DEBUG]: Skipping Lnet/minecraftforge/common/Tags;
[21:37:45] [main/DEBUG]: Skipping Lnet/minecraftforge/common/Tags$Items;
[21:37:45] [main/DEBUG]: Skipping Lnet/minecraftforge/common/Tags$Fluids;
[21:37:45] [main/DEBUG]: Skipping Lnet/minecraftforge/common/Tags$EntityTypes;
[21:37:45] [main/DEBUG]: Skipping Lnet/minecraftforge/common/Tags$Blocks;
[21:37:45] [main/DEBUG]: Skipping Lnet/minecraftforge/common/Tags$Biomes;
[21:37:45] [main/DEBUG]: Skipping Lnet/minecraftforge/common/SoundActions;
[21:37:45] [main/DEBUG]: Skipping Lnet/minecraftforge/common/SoundAction;
[21:37:45] [main/DEBUG]: Skipping Lnet/minecraftforge/common/PlantType;
[21:37:45] [main/DEBUG]: Skipping Lnet/minecraftforge/common/MinecraftForge;
[21:37:45] [main/DEBUG]: Skipping Lnet/minecraftforge/common/LenientUnboundedMapCodec;
[21:37:45] [main/DEBUG]: Skipping Lnet/minecraftforge/common/IPlantable;
[21:37:45] [main/DEBUG]: Skipping Lnet/minecraftforge/common/IMinecartCollisionHandler;
[21:37:45] [main/DEBUG]: Skipping Lnet/minecraftforge/common/IForgeShearable;
[21:37:45] [main/DEBUG]: Skipping Lnet/minecraftforge/common/IExtensibleEnum;
[21:37:45] [main/DEBUG]: Skipping Lnet/minecraftforge/common/ForgeTier;
[21:37:45] [main/DEBUG]: Skipping Lnet/minecraftforge/common/ForgeStatesProvider;
[21:37:45] [main/DEBUG]: Skipping Lnet/minecraftforge/common/ForgeSpawnEggItem;
[21:37:45] [main/DEBUG]: Skipping Lnet/minecraftforge/common/ForgeSpawnEggItem$CommonHandler;
[21:37:45] [main/DEBUG]: Skipping Lnet/minecraftforge/common/ForgeSpawnEggItem$ColorRegisterHandler;
[21:37:45] [main/DEBUG]: Skipping Lnet/minecraftforge/common/ForgeMod;
[21:37:45] [main/DEBUG]: Skipping Lnet/minecraftforge/common/ForgeMod$4;
[21:37:45] [main/DEBUG]: Skipping Lnet/minecraftforge/common/ForgeMod$4$1;
[21:37:45] [main/DEBUG]: Skipping Lnet/minecraftforge/common/ForgeMod$3;
[21:37:45] [main/DEBUG]: Skipping Lnet/minecraftforge/common/ForgeMod$3$1;
[21:37:45] [main/DEBUG]: Skipping Lnet/minecraftforge/common/ForgeMod$2;
[21:37:45] [main/DEBUG]: Skipping Lnet/minecraftforge/common/ForgeMod$2$1;
[21:37:45] [main/DEBUG]: Skipping Lnet/minecraftforge/common/ForgeMod$1;
[21:37:45] [main/DEBUG]: Skipping Lnet/minecraftforge/common/ForgeInternalHandler;
[21:37:45] [main/DEBUG]: Skipping Lnet/minecraftforge/common/ForgeI18n;
[21:37:45] [main/DEBUG]: Skipping Lnet/minecraftforge/common/ForgeI18n$CustomReadOnlyFormat;
[21:37:45] [main/DEBUG]: Skipping Lnet/minecraftforge/common/ForgeHooks;
[21:37:45] [main/DEBUG]: Skipping Lnet/minecraftforge/common/ForgeHooks$LootTableContext;
[21:37:45] [main/DEBUG]: Skipping Lnet/minecraftforge/common/ForgeHooks$BiomeCallbackFunction;
[21:37:45] [main/DEBUG]: Skipping Lnet/minecraftforge/common/ForgeHooks$2;
[21:37:45] [main/DEBUG]: Skipping Lnet/minecraftforge/common/ForgeHooks$1;
[21:37:45] [main/DEBUG]: Skipping Lnet/minecraftforge/common/ForgeConfigSpec;
[21:37:45] [main/DEBUG]: Skipping Lnet/minecraftforge/common/ForgeConfigSpec$ValueSpec;
[21:37:45] [main/DEBUG]: Skipping Lnet/minecraftforge/common/ForgeConfigSpec$Range;
[21:37:45] [main/DEBUG]: Skipping Lnet/minecraftforge/common/ForgeConfigSpec$LongValue;
[21:37:45] [main/DEBUG]: Skipping Lnet/minecraftforge/common/ForgeConfigSpec$IntValue;
[21:37:45] [main/DEBUG]: Skipping Lnet/minecraftforge/common/ForgeConfigSpec$EnumValue;
[21:37:45] [main/DEBUG]: Skipping Lnet/minecraftforge/common/ForgeConfigSpec$DoubleValue;
[21:37:45] [main/DEBUG]: Skipping Lnet/minecraftforge/common/ForgeConfigSpec$ConfigValue;
[21:37:45] [main/DEBUG]: Skipping Lnet/minecraftforge/common/ForgeConfigSpec$BuilderContext;
[21:37:45] [main/DEBUG]: Skipping Lnet/minecraftforge/common/ForgeConfigSpec$Builder;
[21:37:45] [main/DEBUG]: Skipping Lnet/minecraftforge/common/ForgeConfigSpec$Builder$BuilderConsumer;
[21:37:45] [main/DEBUG]: Skipping Lnet/minecraftforge/common/ForgeConfigSpec$Builder$2;
[21:37:45] [main/DEBUG]: Skipping Lnet/minecraftforge/common/ForgeConfigSpec$Builder$1;
[21:37:45] [main/DEBUG]: Skipping Lnet/minecraftforge/common/ForgeConfigSpec$BooleanValue;
[21:37:45] [main/DEBUG]: Skipping Lnet/minecraftforge/common/ForgeConfig;
[21:37:45] [main/DEBUG]: Skipping Lnet/minecraftforge/common/ForgeConfig$Server;
[21:37:45] [main/DEBUG]: Skipping Lnet/minecraftforge/common/ForgeConfig$Common;
[21:37:45] [main/DEBUG]: Skipping Lnet/minecraftforge/common/ForgeConfig$Client;
[21:37:45] [main/DEBUG]: Skipping Lnet/minecraftforge/common/FarmlandWaterManager;
[21:37:45] [main/DEBUG]: Skipping Lnet/minecraftforge/common/DungeonHooks;
[21:37:45] [main/DEBUG]: Skipping Lnet/minecraftforge/common/DungeonHooks$DungeonMob;
[21:37:45] [main/DEBUG]: Skipping Lnet/minecraftforge/common/BiomeManager;
[21:37:45] [main/DEBUG]: Skipping Lnet/minecraftforge/common/BiomeManager$TrackedList;
[21:37:45] [main/DEBUG]: Skipping Lnet/minecraftforge/common/BiomeManager$BiomeType;
[21:37:45] [main/DEBUG]: Skipping Lnet/minecraftforge/common/BiomeManager$BiomeEntry;
[21:37:45] [main/DEBUG]: Skipping Lnet/minecraftforge/common/BasicItemListing;
[21:37:45] [main/DEBUG]: Skipping Lnet/minecraftforge/common/AdvancementLoadFix;
[21:37:45] [main/DEBUG]: Skipping Lnet/minecraftforge/client/textures/UnitTextureAtlasSprite;
[21:37:45] [main/DEBUG]: Skipping Lnet/minecraftforge/client/textures/TextureAtlasSpriteLoaderManager;
[21:37:45] [main/DEBUG]: Skipping Lnet/minecraftforge/client/textures/ITextureAtlasSpriteLoader;
[21:37:45] [main/DEBUG]: Skipping Lnet/minecraftforge/client/textures/ForgeTextureMetadata;
[21:37:45] [main/DEBUG]: Skipping Lnet/minecraftforge/client/textures/ForgeTextureMetadata$Serializer;
[21:37:45] [main/DEBUG]: Skipping Lnet/minecraftforge/client/settings/KeyModifier;
[21:37:45] [main/DEBUG]: Skipping Lnet/minecraftforge/client/settings/KeyModifier$4;
[21:37:45] [main/DEBUG]: Skipping Lnet/minecraftforge/client/settings/KeyModifier$3;
[21:37:45] [main/DEBUG]: Skipping Lnet/minecraftforge/client/settings/KeyModifier$2;
[21:37:45] [main/DEBUG]: Skipping Lnet/minecraftforge/client/settings/KeyModifier$1;
[21:37:45] [main/DEBUG]: Skipping Lnet/minecraftforge/client/settings/KeyMappingLookup;
[21:37:45] [main/DEBUG]: Skipping Lnet/minecraftforge/client/settings/KeyConflictContext;
[21:37:45] [main/DEBUG]: Skipping Lnet/minecraftforge/client/settings/KeyConflictContext$3;
[21:37:45] [main/DEBUG]: Skipping Lnet/minecraftforge/client/settings/KeyConflictContext$2;
[21:37:45] [main/DEBUG]: Skipping Lnet/minecraftforge/client/settings/KeyConflictContext$1;
[21:37:45] [main/DEBUG]: Skipping Lnet/minecraftforge/client/settings/IKeyConflictContext;
[21:37:45] [main/DEBUG]: Skipping Lnet/minecraftforge/client/model/renderable/ITextureRenderTypeLookup;
[21:37:45] [main/DEBUG]: Skipping Lnet/minecraftforge/client/model/renderable/IRenderable;
[21:37:45] [main/DEBUG]: Skipping Lnet/minecraftforge/client/model/renderable/CompositeRenderable;
[21:37:45] [main/DEBUG]: Skipping Lnet/minecraftforge/client/model/renderable/CompositeRenderable$Transforms;
[21:37:45] [main/DEBUG]: Skipping Lnet/minecraftforge/client/model/renderable/CompositeRenderable$PartBuilder;
[21:37:45] [main/DEBUG]: Skipping Lnet/minecraftforge/client/model/renderable/CompositeRenderable$Mesh;
[21:37:45] [main/DEBUG]: Skipping Lnet/minecraftforge/client/model/renderable/CompositeRenderable$Component;
[21:37:45] [main/DEBUG]: Skipping Lnet/minecraftforge/client/model/renderable/CompositeRenderable$Builder;
[21:37:45] [main/DEBUG]: Skipping Lnet/minecraftforge/client/model/renderable/BakedModelRenderable;
[21:37:45] [main/DEBUG]: Skipping Lnet/minecraftforge/client/model/renderable/BakedModelRenderable$Context;
[21:37:45] [main/DEBUG]: Skipping Lnet/minecraftforge/client/model/pipeline/package-info;
[21:37:45] [main/DEBUG]: Skipping Lnet/minecraftforge/client/model/pipeline/VertexConsumerWrapper;
[21:37:45] [main/DEBUG]: Skipping Lnet/minecraftforge/client/model/pipeline/TransformingVertexPipeline;
[21:37:45] [main/DEBUG]: Skipping Lnet/minecraftforge/client/model/pipeline/RemappingVertexPipeline;
[21:37:45] [main/DEBUG]: Skipping Lnet/minecraftforge/client/model/pipeline/QuadBakingVertexConsumer;
[21:37:45] [main/DEBUG]: Skipping Lnet/minecraftforge/client/model/pipeline/QuadBakingVertexConsumer$Buffered;
[21:37:45] [main/DEBUG]: Skipping Lnet/minecraftforge/client/model/package-info;
[21:37:45] [main/DEBUG]: Skipping Lnet/minecraftforge/client/model/obj/package-info;
[21:37:45] [main/DEBUG]: Skipping Lnet/minecraftforge/client/model/obj/ObjTokenizer;
[21:37:45] [main/DEBUG]: Skipping Lnet/minecraftforge/client/model/obj/ObjModel;
[21:37:45] [main/DEBUG]: Skipping Lnet/minecraftforge/client/model/obj/ObjModel$ModelSettings;
[21:37:45] [main/DEBUG]: Skipping Lnet/minecraftforge/client/model/obj/ObjModel$ModelObject;
[21:37:45] [main/DEBUG]: Skipping Lnet/minecraftforge/client/model/obj/ObjModel$ModelMesh;
[21:37:45] [main/DEBUG]: Skipping Lnet/minecraftforge/client/model/obj/ObjModel$ModelGroup;
[21:37:45] [main/DEBUG]: Skipping Lnet/minecraftforge/client/model/obj/ObjMaterialLibrary;
[21:37:45] [main/DEBUG]: Skipping Lnet/minecraftforge/client/model/obj/ObjMaterialLibrary$Material;
[21:37:45] [main/DEBUG]: Skipping Lnet/minecraftforge/client/model/obj/ObjLoader;
[21:37:45] [main/DEBUG]: Skipping Lnet/minecraftforge/client/model/lighting/SmoothQuadLighter;
[21:37:45] [main/DEBUG]: Skipping Lnet/minecraftforge/client/model/lighting/QuadLighter;
[21:37:45] [main/DEBUG]: Skipping Lnet/minecraftforge/client/model/lighting/ForgeModelBlockRenderer;
[21:37:45] [main/DEBUG]: Skipping Lnet/minecraftforge/client/model/lighting/FlatQuadLighter;
[21:37:45] [main/DEBUG]: Skipping Lnet/minecraftforge/client/model/geometry/UnbakedGeometryHelper;
[21:37:45] [main/DEBUG]: Skipping Lnet/minecraftforge/client/model/geometry/StandaloneGeometryBakingContext;
[21:37:45] [main/DEBUG]: Skipping Lnet/minecraftforge/client/model/geometry/StandaloneGeometryBakingContext$Builder;
[21:37:45] [main/DEBUG]: Skipping Lnet/minecraftforge/client/model/geometry/SimpleUnbakedGeometry;
[21:37:45] [main/DEBUG]: Skipping Lnet/minecraftforge/client/model/geometry/IUnbakedGeometry;
[21:37:45] [main/DEBUG]: Skipping Lnet/minecraftforge/client/model/geometry/IGeometryLoader;
[21:37:45] [main/DEBUG]: Skipping Lnet/minecraftforge/client/model/geometry/IGeometryBakingContext;
[21:37:45] [main/DEBUG]: Skipping Lnet/minecraftforge/client/model/geometry/GeometryLoaderManager;
[21:37:45] [main/DEBUG]: Skipping Lnet/minecraftforge/client/model/geometry/BlockGeometryBakingContext;
[21:37:45] [main/DEBUG]: Skipping Lnet/minecraftforge/client/model/geometry/BlockGeometryBakingContext$VisibilityData;
[21:37:45] [main/DEBUG]: Skipping Lnet/minecraftforge/client/model/generators/loaders/SeparateTransformsModelBuilder;
[21:37:45] [main/DEBUG]: Skipping Lnet/minecraftforge/client/model/generators/loaders/ObjModelBuilder;
[21:37:45] [main/DEBUG]: Skipping Lnet/minecraftforge/client/model/generators/loaders/ItemLayersModelBuilder;
[21:37:45] [main/DEBUG]: Skipping Lnet/minecraftforge/client/model/generators/loaders/DynamicFluidContainerModelBuilder;
[21:37:45] [main/DEBUG]: Skipping Lnet/minecraftforge/client/model/generators/loaders/CompositeModelBuilder;
[21:37:45] [main/DEBUG]: Skipping Lnet/minecraftforge/client/model/generators/VariantBlockStateBuilder;
[21:37:45] [main/DEBUG]: Skipping Lnet/minecraftforge/client/model/generators/VariantBlockStateBuilder$PartialBlockstate;
[21:37:45] [main/DEBUG]: Skipping Lnet/minecraftforge/client/model/generators/MultiPartBlockStateBuilder;
[21:37:45] [main/DEBUG]: Skipping Lnet/minecraftforge/client/model/generators/MultiPartBlockStateBuilder$PartBuilder;
[21:37:45] [main/DEBUG]: Skipping Lnet/minecraftforge/client/model/generators/MultiPartBlockStateBuilder$PartBuilder$ConditionGroup;
[21:37:45] [main/DEBUG]: Skipping Lnet/minecraftforge/client/model/generators/ModelProvider;
[21:37:45] [main/DEBUG]: Skipping Lnet/minecraftforge/client/model/generators/ModelFile;
[21:37:45] [main/DEBUG]: Skipping Lnet/minecraftforge/client/model/generators/ModelFile$UncheckedModelFile;
[21:37:45] [main/DEBUG]: Skipping Lnet/minecraftforge/client/model/generators/ModelFile$ExistingModelFile;
[21:37:45] [main/DEBUG]: Skipping Lnet/minecraftforge/client/model/generators/ModelBuilder;
[21:37:45] [main/DEBUG]: Skipping Lnet/minecraftforge/client/model/generators/ModelBuilder$TransformsBuilder;
[21:37:45] [main/DEBUG]: Skipping Lnet/minecraftforge/client/model/generators/ModelBuilder$TransformsBuilder$TransformVecBuilder;
[21:37:45] [main/DEBUG]: Skipping Lnet/minecraftforge/client/model/generators/ModelBuilder$FaceRotation;
[21:37:45] [main/DEBUG]: Skipping Lnet/minecraftforge/client/model/generators/ModelBuilder$ElementBuilder;
[21:37:45] [main/DEBUG]: Skipping Lnet/minecraftforge/client/model/generators/ModelBuilder$ElementBuilder$RotationBuilder;
[21:37:45] [main/DEBUG]: Skipping Lnet/minecraftforge/client/model/generators/ModelBuilder$ElementBuilder$FaceBuilder;
[21:37:45] [main/DEBUG]: Skipping Lnet/minecraftforge/client/model/generators/ItemModelProvider;
[21:37:45] [main/DEBUG]: Skipping Lnet/minecraftforge/client/model/generators/ItemModelBuilder;
[21:37:45] [main/DEBUG]: Skipping Lnet/minecraftforge/client/model/generators/ItemModelBuilder$OverrideBuilder;
[21:37:45] [main/DEBUG]: Skipping Lnet/minecraftforge/client/model/generators/IGeneratedBlockState;
[21:37:45] [main/DEBUG]: Skipping Lnet/minecraftforge/client/model/generators/CustomLoaderBuilder;
[21:37:45] [main/DEBUG]: Skipping Lnet/minecraftforge/client/model/generators/ConfiguredModel;
[21:37:45] [main/DEBUG]: Skipping Lnet/minecraftforge/client/model/generators/ConfiguredModel$Builder;
[21:37:45] [main/DEBUG]: Skipping Lnet/minecraftforge/client/model/generators/BlockStateProvider;
[21:37:45] [main/DEBUG]: Skipping Lnet/minecraftforge/client/model/generators/BlockStateProvider$ConfiguredModelList;
[21:37:45] [main/DEBUG]: Skipping Lnet/minecraftforge/client/model/generators/BlockStateProvider$2;
[21:37:45] [main/DEBUG]: Skipping Lnet/minecraftforge/client/model/generators/BlockStateProvider$1;
[21:37:45] [main/DEBUG]: Skipping Lnet/minecraftforge/client/model/generators/BlockModelProvider;
[21:37:45] [main/DEBUG]: Skipping Lnet/minecraftforge/client/model/generators/BlockModelBuilder;
[21:37:45] [main/DEBUG]: Skipping Lnet/minecraftforge/client/model/generators/BlockModelBuilder$RootTransformBuilder;
[21:37:45] [main/DEBUG]: Skipping Lnet/minecraftforge/client/model/generators/BlockModelBuilder$RootTransformBuilder$TransformOrigin;
[21:37:45] [main/DEBUG]: Skipping Lnet/minecraftforge/client/model/data/MultipartModelData;
[21:37:45] [main/DEBUG]: Skipping Lnet/minecraftforge/client/model/data/MultipartModelData$Builder;
[21:37:45] [main/DEBUG]: Skipping Lnet/minecraftforge/client/model/data/ModelProperty;
[21:37:45] [main/DEBUG]: Skipping Lnet/minecraftforge/client/model/data/ModelDataManager;
[21:37:45] [main/DEBUG]: Skipping Lnet/minecraftforge/client/model/data/ModelData;
[21:37:45] [main/DEBUG]: Skipping Lnet/minecraftforge/client/model/data/ModelData$Builder;
[21:37:45] [main/DEBUG]: Skipping Lnet/minecraftforge/client/model/SimpleModelState;
[21:37:45] [main/DEBUG]: Skipping Lnet/minecraftforge/client/model/SeparateTransformsModel;
[21:37:45] [main/DEBUG]: Skipping Lnet/minecraftforge/client/model/SeparateTransformsModel$Loader;
[21:37:45] [main/DEBUG]: Skipping Lnet/minecraftforge/client/model/SeparateTransformsModel$Baked;
[21:37:45] [main/DEBUG]: Skipping Lnet/minecraftforge/client/model/QuadTransformers;
[21:37:45] [main/DEBUG]: Skipping Lnet/minecraftforge/client/model/ItemLayerModel;
[21:37:45] [main/DEBUG]: Skipping Lnet/minecraftforge/client/model/ItemLayerModel$Loader;
[21:37:45] [main/DEBUG]: Skipping Lnet/minecraftforge/client/model/IQuadTransformer;
[21:37:45] [main/DEBUG]: Skipping Lnet/minecraftforge/client/model/IModelBuilder;
[21:37:45] [main/DEBUG]: Skipping Lnet/minecraftforge/client/model/IModelBuilder$Simple;
[21:37:45] [main/DEBUG]: Skipping Lnet/minecraftforge/client/model/IModelBuilder$Collecting;
[21:37:45] [main/DEBUG]: Skipping Lnet/minecraftforge/client/model/IDynamicBakedModel;
[21:37:45] [main/DEBUG]: Skipping Lnet/minecraftforge/client/model/ForgeItemModelShaper;
[21:37:45] [main/DEBUG]: Skipping Lnet/minecraftforge/client/model/ExtendedBlockModelDeserializer;
[21:37:45] [main/DEBUG]: Skipping Lnet/minecraftforge/client/model/EmptyModel;
[21:37:45] [main/DEBUG]: Skipping Lnet/minecraftforge/client/model/EmptyModel$Baked;
[21:37:45] [main/DEBUG]: Skipping Lnet/minecraftforge/client/model/ElementsModel;
[21:37:45] [main/DEBUG]: Skipping Lnet/minecraftforge/client/model/ElementsModel$Loader;
[21:37:45] [main/DEBUG]: Skipping Lnet/minecraftforge/client/model/DynamicFluidContainerModel;
[21:37:45] [main/DEBUG]: Skipping Lnet/minecraftforge/client/model/DynamicFluidContainerModel$Loader;
[21:37:45] [main/DEBUG]: Skipping Lnet/minecraftforge/client/model/DynamicFluidContainerModel$ContainedFluidOverrideHandler;
[21:37:45] [main/DEBUG]: Skipping Lnet/minecraftforge/client/model/DynamicFluidContainerModel$Colors;
[21:37:45] [main/DEBUG]: Skipping Lnet/minecraftforge/client/model/CompositeModel;
[21:37:45] [main/DEBUG]: Skipping Lnet/minecraftforge/client/model/CompositeModel$Loader;
[21:37:45] [main/DEBUG]: Skipping Lnet/minecraftforge/client/model/CompositeModel$Data;
[21:37:45] [main/DEBUG]: Skipping Lnet/minecraftforge/client/model/CompositeModel$Data$Builder;
[21:37:45] [main/DEBUG]: Skipping Lnet/minecraftforge/client/model/CompositeModel$Baked;
[21:37:45] [main/DEBUG]: Skipping Lnet/minecraftforge/client/model/CompositeModel$Baked$Builder;
[21:37:45] [main/DEBUG]: Skipping Lnet/minecraftforge/client/model/BakedModelWrapper;
[21:37:45] [main/DEBUG]: Skipping Lnet/minecraftforge/client/loading/NoVizFallback;
[21:37:45] [main/DEBUG]: Skipping Lnet/minecraftforge/client/loading/EarlyLoaderGUI;
[21:37:45] [main/DEBUG]: Skipping Lnet/minecraftforge/client/loading/ClientModLoader;
[21:37:45] [main/DEBUG]: Skipping Lnet/minecraftforge/client/loading/ClientModLoader$SpacedRunnable;
[21:37:45] [main/DEBUG]: Skipping Lnet/minecraftforge/client/gui/widget/UnicodeGlyphButton;
[21:37:45] [main/DEBUG]: Skipping Lnet/minecraftforge/client/gui/widget/ScrollPanel;
[21:37:45] [main/DEBUG]: Skipping Lnet/minecraftforge/client/gui/widget/ModListWidget;
[21:37:45] [main/DEBUG]: Skipping Lnet/minecraftforge/client/gui/widget/ModListWidget$ModEntry;
[21:37:45] [main/DEBUG]: Skipping Lnet/minecraftforge/client/gui/widget/ForgeSlider;
[21:37:45] [main/DEBUG]: Skipping Lnet/minecraftforge/client/gui/widget/ExtendedButton;
[21:37:45] [main/DEBUG]: Skipping Lnet/minecraftforge/client/gui/overlay/VanillaGuiOverlay;
[21:37:45] [main/DEBUG]: Skipping Lnet/minecraftforge/client/gui/overlay/NamedGuiOverlay;
[21:37:45] [main/DEBUG]: Skipping Lnet/minecraftforge/client/gui/overlay/IGuiOverlay;
[21:37:45] [main/DEBUG]: Skipping Lnet/minecraftforge/client/gui/overlay/GuiOverlayManager;
[21:37:45] [main/DEBUG]: Skipping Lnet/minecraftforge/client/gui/overlay/ForgeGui;
[21:37:45] [main/DEBUG]: Skipping Lnet/minecraftforge/client/gui/overlay/ForgeGui$ForgeDebugScreenOverlay;
[21:37:45] [main/DEBUG]: Skipping Lnet/minecraftforge/client/gui/TitleScreenModUpdateIndicator;
[21:37:45] [main/DEBUG]: Skipping Lnet/minecraftforge/client/gui/ScreenUtils;
[21:37:45] [main/DEBUG]: Skipping Lnet/minecraftforge/client/gui/ModMismatchDisconnectedScreen;
[21:37:45] [main/DEBUG]: Skipping Lnet/minecraftforge/client/gui/ModMismatchDisconnectedScreen$MismatchInfoPanel;
[21:37:45] [main/DEBUG]: Skipping Lnet/minecraftforge/client/gui/ModListScreen;
[21:37:45] [main/DEBUG]: Skipping Lnet/minecraftforge/client/gui/ModListScreen$SortType;
[21:37:45] [main/DEBUG]: Skipping Lnet/minecraftforge/client/gui/ModListScreen$SortType$2;
[21:37:45] [main/DEBUG]: Skipping Lnet/minecraftforge/client/gui/ModListScreen$SortType$1;
[21:37:45] [main/DEBUG]: Skipping Lnet/minecraftforge/client/gui/ModListScreen$InfoPanel;
[21:37:45] [main/DEBUG]: Skipping Lnet/minecraftforge/client/gui/ModListScreen$1;
[21:37:45] [main/DEBUG]: Skipping Lnet/minecraftforge/client/gui/LoadingErrorScreen;
[21:37:45] [main/DEBUG]: Skipping Lnet/minecraftforge/client/gui/LoadingErrorScreen$LoadingEntryList;
[21:37:45] [main/DEBUG]: Skipping Lnet/minecraftforge/client/gui/LoadingErrorScreen$LoadingEntryList$LoadingMessageEntry;
[21:37:45] [main/DEBUG]: Skipping Lnet/minecraftforge/client/gui/ClientTooltipComponentManager;
[21:37:45] [main/DEBUG]: Skipping Lnet/minecraftforge/client/extensions/package-info;
[21:37:45] [main/DEBUG]: Skipping Lnet/minecraftforge/client/extensions/common/IClientMobEffectExtensions;
[21:37:45] [main/DEBUG]: Skipping Lnet/minecraftforge/client/extensions/common/IClientMobEffectExtensions$1;
[21:37:45] [main/DEBUG]: Skipping Lnet/minecraftforge/client/extensions/common/IClientItemExtensions;
[21:37:45] [main/DEBUG]: Skipping Lnet/minecraftforge/client/extensions/common/IClientItemExtensions$FontContext;
[21:37:45] [main/DEBUG]: Skipping Lnet/minecraftforge/client/extensions/common/IClientItemExtensions$1;
[21:37:45] [main/DEBUG]: Skipping Lnet/minecraftforge/client/extensions/common/IClientFluidTypeExtensions;
[21:37:45] [main/DEBUG]: Skipping Lnet/minecraftforge/client/extensions/common/IClientFluidTypeExtensions$1;
[21:37:45] [main/DEBUG]: Skipping Lnet/minecraftforge/client/extensions/common/IClientBlockExtensions;
[21:37:45] [main/DEBUG]: Skipping Lnet/minecraftforge/client/extensions/common/IClientBlockExtensions$1;
[21:37:45] [main/DEBUG]: Skipping Lnet/minecraftforge/client/extensions/IForgeVertexConsumer;
[21:37:45] [main/DEBUG]: Skipping Lnet/minecraftforge/client/extensions/IForgeTransformation;
[21:37:45] [main/DEBUG]: Skipping Lnet/minecraftforge/client/extensions/IForgePoseStack;
[21:37:45] [main/DEBUG]: Skipping Lnet/minecraftforge/client/extensions/IForgeMinecraft;
[21:37:45] [main/DEBUG]: Skipping Lnet/minecraftforge/client/extensions/IForgeKeyMapping;
[21:37:45] [main/DEBUG]: Skipping Lnet/minecraftforge/client/extensions/IForgeDimensionSpecialEffects;
[21:37:45] [main/DEBUG]: Skipping Lnet/minecraftforge/client/extensions/IForgeBlockAndTintGetter;
[21:37:45] [main/DEBUG]: Skipping Lnet/minecraftforge/client/extensions/IForgeBakedModel;
[21:37:45] [main/DEBUG]: Skipping Lnet/minecraftforge/client/event/sound/package-info;
[21:37:45] [main/DEBUG]: Skipping Lnet/minecraftforge/client/event/sound/SoundEvent;
[21:37:45] [main/DEBUG]: Skipping Lnet/minecraftforge/client/event/sound/SoundEvent$SoundSourceEvent;
[21:37:45] [main/DEBUG]: Skipping Lnet/minecraftforge/client/event/sound/SoundEngineLoadEvent;
[21:37:45] [main/DEBUG]: Skipping Lnet/minecraftforge/client/event/sound/PlayStreamingSourceEvent;
[21:37:45] [main/DEBUG]: Skipping Lnet/minecraftforge/client/event/sound/PlaySoundSourceEvent;
[21:37:45] [main/DEBUG]: Skipping Lnet/minecraftforge/client/event/sound/PlaySoundEvent;
[21:37:45] [main/DEBUG]: Skipping Lnet/minecraftforge/client/event/package-info;
[21:37:45] [main/DEBUG]: Skipping Lnet/minecraftforge/client/event/ViewportEvent;
[21:37:45] [main/DEBUG]: Skipping Lnet/minecraftforge/client/event/ViewportEvent$RenderFog;
[21:37:45] [main/DEBUG]: Skipping Lnet/minecraftforge/client/event/ViewportEvent$ComputeFov;
[21:37:45] [main/DEBUG]: Skipping Lnet/minecraftforge/client/event/ViewportEvent$ComputeFogColor;
[21:37:45] [main/DEBUG]: Skipping Lnet/minecraftforge/client/event/ViewportEvent$ComputeCameraAngles;
[21:37:45] [main/DEBUG]: Skipping Lnet/minecraftforge/client/event/ToastAddEvent;
[21:37:45] [main/DEBUG]: Skipping Lnet/minecraftforge/client/event/TextureStitchEvent;
[21:37:45] [main/DEBUG]: Skipping Lnet/minecraftforge/client/event/TextureStitchEvent$Pre;
[21:37:45] [main/DEBUG]: Skipping Lnet/minecraftforge/client/event/TextureStitchEvent$Post;
[21:37:45] [main/DEBUG]: Skipping Lnet/minecraftforge/client/event/ScreenshotEvent;
[21:37:45] [main/DEBUG]: Skipping Lnet/minecraftforge/client/event/ScreenEvent;
[21:37:45] [main/DEBUG]: Skipping Lnet/minecraftforge/client/event/ScreenEvent$RenderInventoryMobEffects;
[21:37:45] [main/DEBUG]: Skipping Lnet/minecraftforge/client/event/ScreenEvent$Render;
[21:37:45] [main/DEBUG]: Skipping Lnet/minecraftforge/client/event/ScreenEvent$Render$Pre;
[21:37:45] [main/DEBUG]: Skipping Lnet/minecraftforge/client/event/ScreenEvent$Render$Post;
[21:37:45] [main/DEBUG]: Skipping Lnet/minecraftforge/client/event/ScreenEvent$Opening;
[21:37:45] [main/DEBUG]: Skipping Lnet/minecraftforge/client/event/ScreenEvent$MouseScrolled;
[21:37:45] [main/DEBUG]: Skipping Lnet/minecraftforge/client/event/ScreenEvent$MouseScrolled$Pre;
[21:37:45] [main/DEBUG]: Skipping Lnet/minecraftforge/client/event/ScreenEvent$MouseScrolled$Post;
[21:37:45] [main/DEBUG]: Skipping Lnet/minecraftforge/client/event/ScreenEvent$MouseInput;
[21:37:45] [main/DEBUG]: Skipping Lnet/minecraftforge/client/event/ScreenEvent$MouseDragged;
[21:37:45] [main/DEBUG]: Skipping Lnet/minecraftforge/client/event/ScreenEvent$MouseDragged$Pre;
[21:37:45] [main/DEBUG]: Skipping Lnet/minecraftforge/client/event/ScreenEvent$MouseDragged$Post;
[21:37:45] [main/DEBUG]: Skipping Lnet/minecraftforge/client/event/ScreenEvent$MouseButtonReleased;
[21:37:45] [main/DEBUG]: Skipping Lnet/minecraftforge/client/event/ScreenEvent$MouseButtonReleased$Pre;
[21:37:45] [main/DEBUG]: Skipping Lnet/minecraftforge/client/event/ScreenEvent$MouseButtonReleased$Post;
[21:37:45] [main/DEBUG]: Skipping Lnet/minecraftforge/client/event/ScreenEvent$MouseButtonPressed;
[21:37:45] [main/DEBUG]: Skipping Lnet/minecraftforge/client/event/ScreenEvent$MouseButtonPressed$Pre;
[21:37:45] [main/DEBUG]: Skipping Lnet/minecraftforge/client/event/ScreenEvent$MouseButtonPressed$Post;
[21:37:45] [main/DEBUG]: Skipping Lnet/minecraftforge/client/event/ScreenEvent$KeyReleased;
[21:37:45] [main/DEBUG]: Skipping Lnet/minecraftforge/client/event/ScreenEvent$KeyReleased$Pre;
[21:37:45] [main/DEBUG]: Skipping Lnet/minecraftforge/client/event/ScreenEvent$KeyReleased$Post;
[21:37:45] [main/DEBUG]: Skipping Lnet/minecraftforge/client/event/ScreenEvent$KeyPressed;
[21:37:45] [main/DEBUG]: Skipping Lnet/minecraftforge/client/event/ScreenEvent$KeyPressed$Pre;
[21:37:45] [main/DEBUG]: Skipping Lnet/minecraftforge/client/event/ScreenEvent$KeyPressed$Post;
[21:37:45] [main/DEBUG]: Skipping Lnet/minecraftforge/client/event/ScreenEvent$KeyInput;
[21:37:45] [main/DEBUG]: Skipping Lnet/minecraftforge/client/event/ScreenEvent$Init;
[21:37:45] [main/DEBUG]: Skipping Lnet/minecraftforge/client/event/ScreenEvent$Init$Pre;
[21:37:45] [main/DEBUG]: Skipping Lnet/minecraftforge/client/event/ScreenEvent$Init$Post;
[21:37:45] [main/DEBUG]: Skipping Lnet/minecraftforge/client/event/ScreenEvent$Closing;
[21:37:45] [main/DEBUG]: Skipping Lnet/minecraftforge/client/event/ScreenEvent$CharacterTyped;
[21:37:45] [main/DEBUG]: Skipping Lnet/minecraftforge/client/event/ScreenEvent$CharacterTyped$Pre;
[21:37:45] [main/DEBUG]: Skipping Lnet/minecraftforge/client/event/ScreenEvent$CharacterTyped$Post;
[21:37:45] [main/DEBUG]: Skipping Lnet/minecraftforge/client/event/ScreenEvent$BackgroundRendered;
[21:37:45] [main/DEBUG]: Skipping Lnet/minecraftforge/client/event/RenderTooltipEvent;
[21:37:45] [main/DEBUG]: Skipping Lnet/minecraftforge/client/event/RenderTooltipEvent$Pre;
[21:37:45] [main/DEBUG]: Skipping Lnet/minecraftforge/client/event/RenderTooltipEvent$GatherComponents;
[21:37:45] [main/DEBUG]: Skipping Lnet/minecraftforge/client/event/RenderTooltipEvent$Color;
[21:37:45] [main/DEBUG]: Skipping Lnet/minecraftforge/client/event/RenderPlayerEvent;
[21:37:45] [main/DEBUG]: Skipping Lnet/minecraftforge/client/event/RenderPlayerEvent$Pre;
[21:37:45] [main/DEBUG]: Skipping Lnet/minecraftforge/client/event/RenderPlayerEvent$Post;
[21:37:45] [main/DEBUG]: Skipping Lnet/minecraftforge/client/event/RenderNameTagEvent;
[21:37:45] [main/DEBUG]: Skipping Lnet/minecraftforge/client/event/RenderLivingEvent;
[21:37:45] [main/DEBUG]: Skipping Lnet/minecraftforge/client/event/RenderLivingEvent$Pre;
[21:37:45] [main/DEBUG]: Skipping Lnet/minecraftforge/client/event/RenderLivingEvent$Post;
[21:37:45] [main/DEBUG]: Skipping Lnet/minecraftforge/client/event/RenderLevelStageEvent;
[21:37:45] [main/DEBUG]: Skipping Lnet/minecraftforge/client/event/RenderLevelStageEvent$Stage;
[21:37:45] [main/DEBUG]: Skipping Lnet/minecraftforge/client/event/RenderLevelStageEvent$RegisterStageEvent;
[21:37:45] [main/DEBUG]: Skipping Lnet/minecraftforge/client/event/RenderLevelLastEvent;
[21:37:45] [main/DEBUG]: Skipping Lnet/minecraftforge/client/event/RenderItemInFrameEvent;
[21:37:45] [main/DEBUG]: Skipping Lnet/minecraftforge/client/event/RenderHighlightEvent;
[21:37:45] [main/DEBUG]: Skipping Lnet/minecraftforge/client/event/RenderHighlightEvent$Entity;
[21:37:45] [main/DEBUG]: Skipping Lnet/minecraftforge/client/event/RenderHighlightEvent$Block;
[21:37:45] [main/DEBUG]: Skipping Lnet/minecraftforge/client/event/RenderHandEvent;
[21:37:45] [main/DEBUG]: Skipping Lnet/minecraftforge/client/event/RenderGuiOverlayEvent;
[21:37:45] [main/DEBUG]: Skipping Lnet/minecraftforge/client/event/RenderGuiOverlayEvent$Pre;
[21:37:45] [main/DEBUG]: Skipping Lnet/minecraftforge/client/event/RenderGuiOverlayEvent$Post;
[21:37:45] [main/DEBUG]: Skipping Lnet/minecraftforge/client/event/RenderGuiEvent;
[21:37:45] [main/DEBUG]: Skipping Lnet/minecraftforge/client/event/RenderGuiEvent$Pre;
[21:37:45] [main/DEBUG]: Skipping Lnet/minecraftforge/client/event/RenderGuiEvent$Post;
[21:37:45] [main/DEBUG]: Skipping Lnet/minecraftforge/client/event/RenderBlockScreenEffectEvent;
[21:37:45] [main/DEBUG]: Skipping Lnet/minecraftforge/client/event/RenderBlockScreenEffectEvent$OverlayType;
[21:37:45] [main/DEBUG]: Skipping Lnet/minecraftforge/client/event/RenderArmEvent;
[21:37:45] [main/DEBUG]: Skipping Lnet/minecraftforge/client/event/RegisterTextureAtlasSpriteLoadersEvent;
[21:37:45] [main/DEBUG]: Skipping Lnet/minecraftforge/client/event/RegisterShadersEvent;
[21:37:45] [main/DEBUG]: Skipping Lnet/minecraftforge/client/event/RegisterRecipeBookCategoriesEvent;
[21:37:45] [main/DEBUG]: Skipping Lnet/minecraftforge/client/event/RegisterParticleProvidersEvent;
[21:37:45] [main/DEBUG]: Skipping Lnet/minecraftforge/client/event/RegisterNamedRenderTypesEvent;
[21:37:45] [main/DEBUG]: Skipping Lnet/minecraftforge/client/event/RegisterKeyMappingsEvent;
[21:37:45] [main/DEBUG]: Skipping Lnet/minecraftforge/client/event/RegisterItemDecorationsEvent;
[21:37:45] [main/DEBUG]: Skipping Lnet/minecraftforge/client/event/RegisterGuiOverlaysEvent;
[21:37:45] [main/DEBUG]: Skipping Lnet/minecraftforge/client/event/RegisterGuiOverlaysEvent$Ordering;
[21:37:45] [main/DEBUG]: Skipping Lnet/minecraftforge/client/event/RegisterEntitySpectatorShadersEvent;
[21:37:45] [main/DEBUG]: Skipping Lnet/minecraftforge/client/event/RegisterDimensionSpecialEffectsEvent;
[21:37:45] [main/DEBUG]: Skipping Lnet/minecraftforge/client/event/RegisterColorHandlersEvent;
[21:37:45] [main/DEBUG]: Skipping Lnet/minecraftforge/client/event/RegisterColorHandlersEvent$Item;
[21:37:45] [main/DEBUG]: Skipping Lnet/minecraftforge/client/event/RegisterColorHandlersEvent$ColorResolvers;
[21:37:45] [main/DEBUG]: Skipping Lnet/minecraftforge/client/event/RegisterColorHandlersEvent$Block;
[21:37:45] [main/DEBUG]: Skipping Lnet/minecraftforge/client/event/RegisterClientTooltipComponentFactoriesEvent;
[21:37:45] [main/DEBUG]: Skipping Lnet/minecraftforge/client/event/RegisterClientReloadListenersEvent;
[21:37:45] [main/DEBUG]: Skipping Lnet/minecraftforge/client/event/RegisterClientCommandsEvent;
[21:37:45] [main/DEBUG]: Skipping Lnet/minecraftforge/client/event/RecipesUpdatedEvent;
[21:37:45] [main/DEBUG]: Skipping Lnet/minecraftforge/client/event/MovementInputUpdateEvent;
[21:37:45] [main/DEBUG]: Skipping Lnet/minecraftforge/client/event/ModelEvent;
[21:37:45] [main/DEBUG]: Skipping Lnet/minecraftforge/client/event/ModelEvent$RegisterGeometryLoaders;
[21:37:45] [main/DEBUG]: Skipping Lnet/minecraftforge/client/event/ModelEvent$RegisterAdditional;
[21:37:45] [main/DEBUG]: Skipping Lnet/minecraftforge/client/event/ModelEvent$BakingCompleted;
[21:37:45] [main/DEBUG]: Skipping Lnet/minecraftforge/client/event/InputEvent;
[21:37:45] [main/DEBUG]: Skipping Lnet/minecraftforge/client/event/InputEvent$MouseScrollingEvent;
[21:37:45] [main/DEBUG]: Skipping Lnet/minecraftforge/client/event/InputEvent$MouseButton;
[21:37:45] [main/DEBUG]: Skipping Lnet/minecraftforge/client/event/InputEvent$MouseButton$Pre;
[21:37:45] [main/DEBUG]: Skipping Lnet/minecraftforge/client/event/InputEvent$MouseButton$Post;
[21:37:45] [main/DEBUG]: Skipping Lnet/minecraftforge/client/event/InputEvent$Key;
[21:37:45] [main/DEBUG]: Skipping Lnet/minecraftforge/client/event/InputEvent$InteractionKeyMappingTriggered;
[21:37:45] [main/DEBUG]: Skipping Lnet/minecraftforge/client/event/EntityRenderersEvent;
[21:37:45] [main/DEBUG]: Skipping Lnet/minecraftforge/client/event/EntityRenderersEvent$RegisterRenderers;
[21:37:45] [main/DEBUG]: Skipping Lnet/minecraftforge/client/event/EntityRenderersEvent$RegisterLayerDefinitions;
[21:37:45] [main/DEBUG]: Skipping Lnet/minecraftforge/client/event/EntityRenderersEvent$CreateSkullModels;
[21:37:45] [main/DEBUG]: Skipping Lnet/minecraftforge/client/event/EntityRenderersEvent$AddLayers;
[21:37:45] [main/DEBUG]: Skipping Lnet/minecraftforge/client/event/CustomizeGuiOverlayEvent;
[21:37:45] [main/DEBUG]: Skipping Lnet/minecraftforge/client/event/CustomizeGuiOverlayEvent$DebugText;
[21:37:45] [main/DEBUG]: Skipping Lnet/minecraftforge/client/event/CustomizeGuiOverlayEvent$Chat;
[21:37:45] [main/DEBUG]: Skipping Lnet/minecraftforge/client/event/CustomizeGuiOverlayEvent$BossEventProgress;
[21:37:45] [main/DEBUG]: Skipping Lnet/minecraftforge/client/event/ContainerScreenEvent;
[21:37:45] [main/DEBUG]: Skipping Lnet/minecraftforge/client/event/ContainerScreenEvent$Render;
[21:37:45] [main/DEBUG]: Skipping Lnet/minecraftforge/client/event/ContainerScreenEvent$Render$Foreground;
[21:37:45] [main/DEBUG]: Skipping Lnet/minecraftforge/client/event/ContainerScreenEvent$Render$Background;
[21:37:45] [main/DEBUG]: Skipping Lnet/minecraftforge/client/event/ComputeFovModifierEvent;
[21:37:45] [main/DEBUG]: Skipping Lnet/minecraftforge/client/event/ClientPlayerNetworkEvent;
[21:37:45] [main/DEBUG]: Skipping Lnet/minecraftforge/client/event/ClientPlayerNetworkEvent$LoggingOut;
[21:37:45] [main/DEBUG]: Skipping Lnet/minecraftforge/client/event/ClientPlayerNetworkEvent$LoggingIn;
[21:37:45] [main/DEBUG]: Skipping Lnet/minecraftforge/client/event/ClientPlayerNetworkEvent$Clone;
[21:37:45] [main/DEBUG]: Skipping Lnet/minecraftforge/client/event/ClientPlayerChangeGameTypeEvent;
[21:37:45] [main/DEBUG]: Skipping Lnet/minecraftforge/client/event/ClientChatReceivedEvent;
[21:37:45] [main/DEBUG]: Skipping Lnet/minecraftforge/client/event/ClientChatReceivedEvent$System;
[21:37:45] [main/DEBUG]: Skipping Lnet/minecraftforge/client/event/ClientChatEvent;
[21:37:45] [main/DEBUG]: Skipping Lnet/minecraftforge/client/StencilManager;
[21:37:45] [main/DEBUG]: Skipping Lnet/minecraftforge/client/RenderTypeHelper;
[21:37:45] [main/DEBUG]: Skipping Lnet/minecraftforge/client/RenderTypeGroup;
[21:37:45] [main/DEBUG]: Skipping Lnet/minecraftforge/client/RecipeBookManager;
[21:37:45] [main/DEBUG]: Skipping Lnet/minecraftforge/client/NamedRenderTypeManager;
[21:37:45] [main/DEBUG]: Skipping Lnet/minecraftforge/client/ItemDecoratorHandler;
[21:37:45] [main/DEBUG]: Skipping Lnet/minecraftforge/client/IItemDecorator;
[21:37:45] [main/DEBUG]: Skipping Lnet/minecraftforge/client/IArmPoseTransformer;
[21:37:45] [main/DEBUG]: Skipping Lnet/minecraftforge/client/ForgeRenderTypes;
[21:37:45] [main/DEBUG]: Skipping Lnet/minecraftforge/client/ForgeRenderTypes$Internal;
[21:37:45] [main/DEBUG]: Skipping Lnet/minecraftforge/client/ForgeRenderTypes$CustomizableTextureState;
[21:37:45] [main/DEBUG]: Skipping Lnet/minecraftforge/client/ForgeHooksClient;
[21:37:45] [main/DEBUG]: Skipping Lnet/minecraftforge/client/ForgeHooksClient$ClientEvents;
[21:37:45] [main/DEBUG]: Skipping Lnet/minecraftforge/client/ForgeHooksClient$1;
[21:37:45] [main/DEBUG]: Skipping Lnet/minecraftforge/client/ExtendedServerListData;
[21:37:45] [main/DEBUG]: Skipping Lnet/minecraftforge/client/EntitySpectatorShaderManager;
[21:37:45] [main/DEBUG]: Skipping Lnet/minecraftforge/client/DimensionSpecialEffectsManager;
[21:37:45] [main/DEBUG]: Skipping Lnet/minecraftforge/client/ConfigScreenHandler;
[21:37:45] [main/DEBUG]: Skipping Lnet/minecraftforge/client/ConfigScreenHandler$ConfigScreenFactory;
[21:37:45] [main/DEBUG]: Skipping Lnet/minecraftforge/client/ColorResolverManager;
[21:37:45] [main/DEBUG]: Skipping Lnet/minecraftforge/client/ClientForgeMod;
[21:37:45] [main/DEBUG]: Skipping Lnet/minecraftforge/client/ClientCommandSourceStack;
[21:37:45] [main/DEBUG]: Skipping Lnet/minecraftforge/client/ClientCommandHandler;
[21:37:45] [main/DEBUG]: Skipping Lnet/minecraftforge/client/ChunkRenderTypeSet;
[21:37:45] [main/DEBUG]: Skipping Lnet/minecraftforge/client/ChunkRenderTypeSet$None;
[21:37:45] [main/DEBUG]: Skipping Lnet/minecraftforge/client/ChunkRenderTypeSet$IteratorImpl;
[21:37:45] [main/DEBUG]: Skipping Lnet/minecraftforge/client/ChunkRenderTypeSet$All;
[21:37:45] [main/DEBUG]: Skipping Lnet/minecraft/world/ticks/package-info;
[21:37:45] [main/DEBUG]: Skipping Lnet/minecraft/world/ticks/WorldGenTickAccess;
[21:37:45] [main/DEBUG]: Skipping Lnet/minecraft/world/ticks/TickPriority;
[21:37:45] [main/DEBUG]: Skipping Lnet/minecraft/world/ticks/TickContainerAccess;
[21:37:45] [main/DEBUG]: Skipping Lnet/minecraft/world/ticks/TickAccess;
[21:37:45] [main/DEBUG]: Skipping Lnet/minecraft/world/ticks/SerializableTickContainer;
[21:37:45] [main/DEBUG]: Skipping Lnet/minecraft/world/ticks/ScheduledTick;
[21:37:45] [main/DEBUG]: Skipping Lnet/minecraft/world/ticks/ScheduledTick$1;
[21:37:45] [main/DEBUG]: Skipping Lnet/minecraft/world/ticks/SavedTick;
[21:37:45] [main/DEBUG]: Skipping Lnet/minecraft/world/ticks/SavedTick$1;
[21:37:45] [main/DEBUG]: Skipping Lnet/minecraft/world/ticks/ProtoChunkTicks;
[21:37:45] [main/DEBUG]: Skipping Lnet/minecraft/world/ticks/LevelTicks;
[21:37:45] [main/DEBUG]: Skipping Lnet/minecraft/world/ticks/LevelTicks$PosAndContainerConsumer;
[21:37:45] [main/DEBUG]: Skipping Lnet/minecraft/world/ticks/LevelTickAccess;
[21:37:45] [main/DEBUG]: Skipping Lnet/minecraft/world/ticks/LevelChunkTicks;
[21:37:45] [main/DEBUG]: Skipping Lnet/minecraft/world/ticks/BlackholeTickAccess;
[21:37:45] [main/DEBUG]: Skipping Lnet/minecraft/world/ticks/BlackholeTickAccess$2;
[21:37:45] [main/DEBUG]: Skipping Lnet/minecraft/world/ticks/BlackholeTickAccess$1;
[21:37:45] [main/DEBUG]: Skipping Lnet/minecraft/world/scores/package-info;
[21:37:45] [main/DEBUG]: Skipping Lnet/minecraft/world/scores/criteria/package-info;
[21:37:45] [main/DEBUG]: Skipping Lnet/minecraft/world/scores/criteria/ObjectiveCriteria;
[21:37:45] [main/DEBUG]: Skipping Lnet/minecraft/world/scores/criteria/ObjectiveCriteria$RenderType;
[21:37:45] [main/DEBUG]: Skipping Lnet/minecraft/world/scores/Team;
[21:37:45] [main/DEBUG]: Skipping Lnet/minecraft/world/scores/Team$Visibility;
[21:37:45] [main/DEBUG]: Skipping Lnet/minecraft/world/scores/Team$CollisionRule;
[21:37:45] [main/DEBUG]: Skipping Lnet/minecraft/world/scores/ScoreboardSaveData;
[21:37:45] [main/DEBUG]: Skipping Lnet/minecraft/world/scores/Scoreboard;
[21:37:45] [main/DEBUG]: Skipping Lnet/minecraft/world/scores/Score;
[21:37:45] [main/DEBUG]: Skipping Lnet/minecraft/world/scores/PlayerTeam;
[21:37:45] [main/DEBUG]: Skipping Lnet/minecraft/world/scores/Objective;
[21:37:45] [main/DEBUG]: Skipping Lnet/minecraft/world/phys/shapes/package-info;
[21:37:45] [main/DEBUG]: Skipping Lnet/minecraft/world/phys/shapes/VoxelShape;
[21:37:45] [main/DEBUG]: Skipping Lnet/minecraft/world/phys/shapes/SubShape;
[21:37:45] [main/DEBUG]: Skipping Lnet/minecraft/world/phys/shapes/SliceShape;
[21:37:45] [main/DEBUG]: Skipping Lnet/minecraft/world/phys/shapes/Shapes;
[21:37:45] [main/DEBUG]: Skipping Lnet/minecraft/world/phys/shapes/Shapes$DoubleLineConsumer;
[21:37:45] [main/DEBUG]: Skipping Lnet/minecraft/world/phys/shapes/OffsetDoubleList;
[21:37:45] [main/DEBUG]: Skipping Lnet/minecraft/world/phys/shapes/NonOverlappingMerger;
[21:37:45] [main/DEBUG]: Skipping Lnet/minecraft/world/phys/shapes/IndirectMerger;
[21:37:45] [main/DEBUG]: Skipping Lnet/minecraft/world/phys/shapes/IndexMerger;
[21:37:45] [main/DEBUG]: Skipping Lnet/minecraft/world/phys/shapes/IndexMerger$IndexConsumer;
[21:37:45] [main/DEBUG]: Skipping Lnet/minecraft/world/phys/shapes/IdenticalMerger;
[21:37:45] [main/DEBUG]: Skipping Lnet/minecraft/world/phys/shapes/EntityCollisionContext;
[21:37:45] [main/DEBUG]: Skipping Lnet/minecraft/world/phys/shapes/EntityCollisionContext$1;
[21:37:45] [main/DEBUG]: Skipping Lnet/minecraft/world/phys/shapes/DiscreteVoxelShape;
[21:37:45] [main/DEBUG]: Skipping Lnet/minecraft/world/phys/shapes/DiscreteVoxelShape$IntLineConsumer;
[21:37:45] [main/DEBUG]: Skipping Lnet/minecraft/world/phys/shapes/DiscreteVoxelShape$IntFaceConsumer;
[21:37:45] [main/DEBUG]: Skipping Lnet/minecraft/world/phys/shapes/DiscreteCubeMerger;
[21:37:45] [main/DEBUG]: Skipping Lnet/minecraft/world/phys/shapes/CubeVoxelShape;
[21:37:45] [main/DEBUG]: Skipping Lnet/minecraft/world/phys/shapes/CubePointRange;
[21:37:45] [main/DEBUG]: Skipping Lnet/minecraft/world/phys/shapes/CollisionContext;
[21:37:45] [main/DEBUG]: Skipping Lnet/minecraft/world/phys/shapes/BooleanOp;
[21:37:45] [main/DEBUG]: Skipping Lnet/minecraft/world/phys/shapes/BitSetDiscreteVoxelShape;
[21:37:45] [main/DEBUG]: Skipping Lnet/minecraft/world/phys/shapes/ArrayVoxelShape;
[21:37:45] [main/DEBUG]: Skipping Lnet/minecraft/world/phys/shapes/ArrayVoxelShape$1;
[21:37:45] [main/DEBUG]: Skipping Lnet/minecraft/world/phys/package-info;
[21:37:45] [main/DEBUG]: Skipping Lnet/minecraft/world/phys/Vec3;
[21:37:45] [main/DEBUG]: Skipping Lnet/minecraft/world/phys/Vec2;
[21:37:45] [main/DEBUG]: Skipping Lnet/minecraft/world/phys/HitResult;
[21:37:45] [main/DEBUG]: Skipping Lnet/minecraft/world/phys/HitResult$Type;
[21:37:45] [main/DEBUG]: Skipping Lnet/minecraft/world/phys/EntityHitResult;
[21:37:45] [main/DEBUG]: Skipping Lnet/minecraft/world/phys/BlockHitResult;
[21:37:45] [main/DEBUG]: Skipping Lnet/minecraft/world/phys/AABB;
[21:37:45] [main/DEBUG]: Skipping Lnet/minecraft/world/package-info;
[21:37:45] [main/DEBUG]: Skipping Lnet/minecraft/world/level/timers/package-info;
[21:37:45] [main/DEBUG]: Skipping Lnet/minecraft/world/level/timers/TimerQueue;
[21:37:45] [main/DEBUG]: Skipping Lnet/minecraft/world/level/timers/TimerQueue$Event;
[21:37:45] [main/DEBUG]: Skipping Lnet/minecraft/world/level/timers/TimerCallbacks;
[21:37:45] [main/DEBUG]: Skipping Lnet/minecraft/world/level/timers/TimerCallback;
[21:37:45] [main/DEBUG]: Skipping Lnet/minecraft/world/level/timers/TimerCallback$Serializer;
[21:37:45] [main/DEBUG]: Skipping Lnet/minecraft/world/level/timers/FunctionTagCallback;
[21:37:45] [main/DEBUG]: Skipping Lnet/minecraft/world/level/timers/FunctionTagCallback$Serializer;
[21:37:45] [main/DEBUG]: Skipping Lnet/minecraft/world/level/timers/FunctionCallback;
[21:37:45] [main/DEBUG]: Skipping Lnet/minecraft/world/level/timers/FunctionCallback$Serializer;
[21:37:45] [main/DEBUG]: Skipping Lnet/minecraft/world/level/storage/package-info;
[21:37:45] [main/DEBUG]: Skipping Lnet/minecraft/world/level/storage/loot/providers/score/package-info;
[21:37:45] [main/DEBUG]: Skipping Lnet/minecraft/world/level/storage/loot/providers/score/ScoreboardNameProviders;
[21:37:45] [main/DEBUG]: Skipping Lnet/minecraft/world/level/storage/loot/providers/score/ScoreboardNameProvider;
[21:37:45] [main/DEBUG]: Skipping Lnet/minecraft/world/level/storage/loot/providers/score/LootScoreProviderType;
[21:37:45] [main/DEBUG]: Skipping Lnet/minecraft/world/level/storage/loot/providers/score/FixedScoreboardNameProvider;
[21:37:45] [main/DEBUG]: Skipping Lnet/minecraft/world/level/storage/loot/providers/score/FixedScoreboardNameProvider$Serializer;
[21:37:45] [main/DEBUG]: Skipping Lnet/minecraft/world/level/storage/loot/providers/score/ContextScoreboardNameProvider;
[21:37:45] [main/DEBUG]: Skipping Lnet/minecraft/world/level/storage/loot/providers/score/ContextScoreboardNameProvider$Serializer;
[21:37:45] [main/DEBUG]: Skipping Lnet/minecraft/world/level/storage/loot/providers/score/ContextScoreboardNameProvider$InlineSerializer;
[21:37:45] [main/DEBUG]: Skipping Lnet/minecraft/world/level/storage/loot/providers/number/package-info;
[21:37:45] [main/DEBUG]: Skipping Lnet/minecraft/world/level/storage/loot/providers/number/UniformGenerator;
[21:37:45] [main/DEBUG]: Skipping Lnet/minecraft/world/level/storage/loot/providers/number/UniformGenerator$Serializer;
[21:37:45] [main/DEBUG]: Skipping Lnet/minecraft/world/level/storage/loot/providers/number/ScoreboardValue;
[21:37:45] [main/DEBUG]: Skipping Lnet/minecraft/world/level/storage/loot/providers/number/ScoreboardValue$Serializer;
[21:37:45] [main/DEBUG]: Skipping Lnet/minecraft/world/level/storage/loot/providers/number/NumberProviders;
[21:37:45] [main/DEBUG]: Skipping Lnet/minecraft/world/level/storage/loot/providers/number/NumberProvider;
[21:37:45] [main/DEBUG]: Skipping Lnet/minecraft/world/level/storage/loot/providers/number/LootNumberProviderType;
[21:37:45] [main/DEBUG]: Skipping Lnet/minecraft/world/level/storage/loot/providers/number/ConstantValue;
[21:37:45] [main/DEBUG]: Skipping Lnet/minecraft/world/level/storage/loot/providers/number/ConstantValue$Serializer;
[21:37:45] [main/DEBUG]: Skipping Lnet/minecraft/world/level/storage/loot/providers/number/ConstantValue$InlineSerializer;
[21:37:45] [main/DEBUG]: Skipping Lnet/minecraft/world/level/storage/loot/providers/number/BinomialDistributionGenerator;
[21:37:45] [main/DEBUG]: Skipping Lnet/minecraft/world/level/storage/loot/providers/number/BinomialDistributionGenerator$Serializer;
[21:37:45] [main/DEBUG]: Skipping Lnet/minecraft/world/level/storage/loot/providers/nbt/package-info;
[21:37:45] [main/DEBUG]: Skipping Lnet/minecraft/world/level/storage/loot/providers/nbt/StorageNbtProvider;
[21:37:45] [main/DEBUG]: Skipping Lnet/minecraft/world/level/storage/loot/providers/nbt/StorageNbtProvider$Serializer;
[21:37:45] [main/DEBUG]: Skipping Lnet/minecraft/world/level/storage/loot/providers/nbt/NbtProviders;
[21:37:45] [main/DEBUG]: Skipping Lnet/minecraft/world/level/storage/loot/providers/nbt/NbtProvider;
[21:37:45] [main/DEBUG]: Skipping Lnet/minecraft/world/level/storage/loot/providers/nbt/LootNbtProviderType;
[21:37:45] [main/DEBUG]: Skipping Lnet/minecraft/world/level/storage/loot/providers/nbt/ContextNbtProvider;
[21:37:45] [main/DEBUG]: Skipping Lnet/minecraft/world/level/storage/loot/providers/nbt/ContextNbtProvider$Serializer;
[21:37:45] [main/DEBUG]: Skipping Lnet/minecraft/world/level/storage/loot/providers/nbt/ContextNbtProvider$InlineSerializer;
[21:37:45] [main/DEBUG]: Skipping Lnet/minecraft/world/level/storage/loot/providers/nbt/ContextNbtProvider$Getter;
[21:37:45] [main/DEBUG]: Skipping Lnet/minecraft/world/level/storage/loot/providers/nbt/ContextNbtProvider$2;
[21:37:45] [main/DEBUG]: Skipping Lnet/minecraft/world/level/storage/loot/providers/nbt/ContextNbtProvider$1;
[21:37:45] [main/DEBUG]: Skipping Lnet/minecraft/world/level/storage/loot/predicates/package-info;
[21:37:45] [main/DEBUG]: Skipping Lnet/minecraft/world/level/storage/loot/predicates/WeatherCheck;
[21:37:45] [main/DEBUG]: Skipping Lnet/minecraft/world/level/storage/loot/predicates/WeatherCheck$Serializer;
[21:37:45] [main/DEBUG]: Skipping Lnet/minecraft/world/level/storage/loot/predicates/WeatherCheck$Builder;
[21:37:45] [main/DEBUG]: Skipping Lnet/minecraft/world/level/storage/loot/predicates/ValueCheckCondition;
[21:37:45] [main/DEBUG]: Skipping Lnet/minecraft/world/level/storage/loot/predicates/ValueCheckCondition$Serializer;
[21:37:45] [main/DEBUG]: Skipping Lnet/minecraft/world/level/storage/loot/predicates/TimeCheck;
[21:37:45] [main/DEBUG]: Skipping Lnet/minecraft/world/level/storage/loot/predicates/TimeCheck$Serializer;
[21:37:45] [main/DEBUG]: Skipping Lnet/minecraft/world/level/storage/loot/predicates/TimeCheck$Builder;
[21:37:45] [main/DEBUG]: Skipping Lnet/minecraft/world/level/storage/loot/predicates/MatchTool;
[21:37:45] [main/DEBUG]: Skipping Lnet/minecraft/world/level/storage/loot/predicates/MatchTool$Serializer;
[21:37:45] [main/DEBUG]: Skipping Lnet/minecraft/world/level/storage/loot/predicates/LootItemRandomChanceCondition;
[21:37:45] [main/DEBUG]: Skipping Lnet/minecraft/world/level/storage/loot/predicates/LootItemRandomChanceCondition$Serializer;
[21:37:45] [main/DEBUG]: Skipping Lnet/minecraft/world/level/storage/loot/predicates/LootItemKilledByPlayerCondition;
[21:37:45] [main/DEBUG]: Skipping Lnet/minecraft/world/level/storage/loot/predicates/LootItemKilledByPlayerCondition$Serializer;
[21:37:45] [main/DEBUG]: Skipping Lnet/minecraft/world/level/storage/loot/predicates/LootItemEntityPropertyCondition;
[21:37:45] [main/DEBUG]: Skipping Lnet/minecraft/world/level/storage/loot/predicates/LootItemEntityPropertyCondition$Serializer;
[21:37:45] [main/DEBUG]: Skipping Lnet/minecraft/world/level/storage/loot/predicates/LootItemConditions;
[21:37:45] [main/DEBUG]: Skipping Lnet/minecraft/world/level/storage/loot/predicates/LootItemConditionType;
[21:37:45] [main/DEBUG]: Skipping Lnet/minecraft/world/level/storage/loot/predicates/LootItemCondition;
[21:37:45] [main/DEBUG]: Skipping Lnet/minecraft/world/level/storage/loot/predicates/LootItemCondition$Builder;
[21:37:45] [main/DEBUG]: Skipping Lnet/minecraft/world/level/storage/loot/predicates/LootItemBlockStatePropertyCondition;
[21:37:45] [main/DEBUG]: Skipping Lnet/minecraft/world/level/storage/loot/predicates/LootItemBlockStatePropertyCondition$Serializer;
[21:37:45] [main/DEBUG]: Skipping Lnet/minecraft/world/level/storage/loot/predicates/LootItemBlockStatePropertyCondition$Builder;
[21:37:45] [main/DEBUG]: Skipping Lnet/minecraft/world/level/storage/loot/predicates/LocationCheck;
[21:37:45] [main/DEBUG]: Skipping Lnet/minecraft/world/level/storage/loot/predicates/LocationCheck$Serializer;
[21:37:45] [main/DEBUG]: Skipping Lnet/minecraft/world/level/storage/loot/predicates/InvertedLootItemCondition;
[21:37:45] [main/DEBUG]: Skipping Lnet/minecraft/world/level/storage/loot/predicates/InvertedLootItemCondition$Serializer;
[21:37:45] [main/DEBUG]: Skipping Lnet/minecraft/world/level/storage/loot/predicates/ExplosionCondition;
[21:37:45] [main/DEBUG]: Skipping Lnet/minecraft/world/level/storage/loot/predicates/ExplosionCondition$Serializer;
[21:37:45] [main/DEBUG]: Skipping Lnet/minecraft/world/level/storage/loot/predicates/EntityHasScoreCondition;
[21:37:45] [main/DEBUG]: Skipping Lnet/minecraft/world/level/storage/loot/predicates/EntityHasScoreCondition$Serializer;
[21:37:45] [main/DEBUG]: Skipping Lnet/minecraft/world/level/storage/loot/predicates/EntityHasScoreCondition$Builder;
[21:37:45] [main/DEBUG]: Skipping Lnet/minecraft/world/level/storage/loot/predicates/DamageSourceCondition;
[21:37:45] [main/DEBUG]: Skipping Lnet/minecraft/world/level/storage/loot/predicates/DamageSourceCondition$Serializer;
[21:37:45] [main/DEBUG]: Skipping Lnet/minecraft/world/level/storage/loot/predicates/ConditionUserBuilder;
[21:37:45] [main/DEBUG]: Skipping Lnet/minecraft/world/level/storage/loot/predicates/ConditionReference;
[21:37:45] [main/DEBUG]: Skipping Lnet/minecraft/world/level/storage/loot/predicates/ConditionReference$Serializer;
[21:37:45] [main/DEBUG]: Skipping Lnet/minecraft/world/level/storage/loot/predicates/BonusLevelTableCondition;
[21:37:45] [main/DEBUG]: Skipping Lnet/minecraft/world/level/storage/loot/predicates/BonusLevelTableCondition$Serializer;
[21:37:45] [main/DEBUG]: Skipping Lnet/minecraft/world/level/storage/loot/predicates/AlternativeLootItemCondition;
[21:37:45] [main/DEBUG]: Skipping Lnet/minecraft/world/level/storage/loot/predicates/AlternativeLootItemCondition$Serializer;
[21:37:45] [main/DEBUG]: Skipping Lnet/minecraft/world/level/storage/loot/predicates/AlternativeLootItemCondition$Builder;
[21:37:45] [main/DEBUG]: Skipping Lnet/minecraft/world/level/storage/loot/predicates/LootItemRandomChanceWithLootingCondition;
[21:37:45] [main/DEBUG]: Skipping Lnet/minecraft/world/level/storage/loot/predicates/LootItemRandomChanceWithLootingCondition$Serializer;
[21:37:45] [main/DEBUG]: Skipping Lnet/minecraft/world/level/storage/loot/parameters/package-info;
[21:37:45] [main/DEBUG]: Skipping Lnet/minecraft/world/level/storage/loot/parameters/LootContextParams;
[21:37:45] [main/DEBUG]: Skipping Lnet/minecraft/world/level/storage/loot/parameters/LootContextParamSet;
[21:37:45] [main/DEBUG]: Skipping Lnet/minecraft/world/level/storage/loot/parameters/LootContextParamSet$Builder;
[21:37:45] [main/DEBUG]: Skipping Lnet/minecraft/world/level/storage/loot/parameters/LootContextParam;
[21:37:45] [main/DEBUG]: Skipping Lnet/minecraft/world/level/storage/loot/parameters/LootContextParamSets;
[21:37:45] [main/DEBUG]: Skipping Lnet/minecraft/world/level/storage/loot/package-info;
[21:37:45] [main/DEBUG]: Skipping Lnet/minecraft/world/level/storage/loot/functions/package-info;
[21:37:45] [main/DEBUG]: Skipping Lnet/minecraft/world/level/storage/loot/functions/SetStewEffectFunction;
[21:37:45] [main/DEBUG]: Skipping Lnet/minecraft/world/level/storage/loot/functions/SetStewEffectFunction$Serializer;
[21:37:45] [main/DEBUG]: Skipping Lnet/minecraft/world/level/storage/loot/functions/SetStewEffectFunction$Builder;
[21:37:45] [main/DEBUG]: Skipping Lnet/minecraft/world/level/storage/loot/functions/SetPotionFunction;
[21:37:45] [main/DEBUG]: Skipping Lnet/minecraft/world/level/storage/loot/functions/SetPotionFunction$Serializer;
[21:37:45] [main/DEBUG]: Skipping Lnet/minecraft/world/level/storage/loot/functions/SetNbtFunction;
[21:37:45] [main/DEBUG]: Skipping Lnet/minecraft/world/level/storage/loot/functions/SetNbtFunction$Serializer;
[21:37:45] [main/DEBUG]: Skipping Lnet/minecraft/world/level/storage/loot/functions/SetNameFunction;
[21:37:45] [main/DEBUG]: Skipping Lnet/minecraft/world/level/storage/loot/functions/SetNameFunction$Serializer;
[21:37:45] [main/DEBUG]: Skipping Lnet/minecraft/world/level/storage/loot/functions/SetLoreFunction;
[21:37:45] [main/DEBUG]: Skipping Lnet/minecraft/world/level/storage/loot/functions/SetLoreFunction$Serializer;
[21:37:45] [main/DEBUG]: Skipping Lnet/minecraft/world/level/storage/loot/functions/SetLoreFunction$Builder;
[21:37:45] [main/DEBUG]: Skipping Lnet/minecraft/world/level/storage/loot/functions/SetItemDamageFunction;
[21:37:45] [main/DEBUG]: Skipping Lnet/minecraft/world/level/storage/loot/functions/SetItemDamageFunction$Serializer;
[21:37:45] [main/DEBUG]: Skipping Lnet/minecraft/world/level/storage/loot/functions/SetItemCountFunction;
[21:37:45] [main/DEBUG]: Skipping Lnet/minecraft/world/level/storage/loot/functions/SetItemCountFunction$Serializer;
[21:37:45] [main/DEBUG]: Skipping Lnet/minecraft/world/level/storage/loot/functions/SetInstrumentFunction;
[21:37:45] [main/DEBUG]: Skipping Lnet/minecraft/world/level/storage/loot/functions/SetInstrumentFunction$Serializer;
[21:37:45] [main/DEBUG]: Skipping Lnet/minecraft/world/level/storage/loot/functions/SetEnchantmentsFunction;
[21:37:45] [main/DEBUG]: Skipping Lnet/minecraft/world/level/storage/loot/functions/SetEnchantmentsFunction$Serializer;
[21:37:45] [main/DEBUG]: Skipping Lnet/minecraft/world/level/storage/loot/functions/SetEnchantmentsFunction$Builder;
[21:37:45] [main/DEBUG]: Skipping Lnet/minecraft/world/level/storage/loot/functions/SetContainerLootTable;
[21:37:45] [main/DEBUG]: Skipping Lnet/minecraft/world/level/storage/loot/functions/SetContainerLootTable$Serializer;
[21:37:45] [main/DEBUG]: Skipping Lnet/minecraft/world/level/storage/loot/functions/SetContainerContents;
[21:37:45] [main/DEBUG]: Skipping Lnet/minecraft/world/level/storage/loot/functions/SetContainerContents$Serializer;
[21:37:45] [main/DEBUG]: Skipping Lnet/minecraft/world/level/storage/loot/functions/SetContainerContents$Builder;
[21:37:45] [main/DEBUG]: Skipping Lnet/minecraft/world/level/storage/loot/functions/SetBannerPatternFunction;
[21:37:45] [main/DEBUG]: Skipping Lnet/minecraft/world/level/storage/loot/functions/SetBannerPatternFunction$Serializer;
[21:37:45] [main/DEBUG]: Skipping Lnet/minecraft/world/level/storage/loot/functions/SetBannerPatternFunction$Builder;
[21:37:45] [main/DEBUG]: Skipping Lnet/minecraft/world/level/storage/loot/functions/SetAttributesFunction;
[21:37:45] [main/DEBUG]: Skipping Lnet/minecraft/world/level/storage/loot/functions/SetAttributesFunction$Serializer;
[21:37:45] [main/DEBUG]: Skipping Lnet/minecraft/world/level/storage/loot/functions/SetAttributesFunction$ModifierBuilder;
[21:37:45] [main/DEBUG]: Skipping Lnet/minecraft/world/level/storage/loot/functions/SetAttributesFunction$Modifier;
[21:37:45] [main/DEBUG]: Skipping Lnet/minecraft/world/level/storage/loot/functions/SetAttributesFunction$Builder;
[21:37:45] [main/DEBUG]: Skipping Lnet/minecraft/world/level/storage/loot/functions/SetAttributesFunction$1;
[21:37:45] [main/DEBUG]: Skipping Lnet/minecraft/world/level/storage/loot/functions/LootItemFunctions;
[21:37:45] [main/DEBUG]: Skipping Lnet/minecraft/world/level/storage/loot/functions/LootItemFunctionType;
[21:37:45] [main/DEBUG]: Skipping Lnet/minecraft/world/level/storage/loot/functions/LootItemFunction;
[21:37:45] [main/DEBUG]: Skipping Lnet/minecraft/world/level/storage/loot/functions/LootItemFunction$Builder;
[21:37:45] [main/DEBUG]: Skipping Lnet/minecraft/world/level/storage/loot/functions/LootItemConditionalFunction;
[21:37:45] [main/DEBUG]: Skipping Lnet/minecraft/world/level/storage/loot/functions/LootItemConditionalFunction$Serializer;
[21:37:45] [main/DEBUG]: Skipping Lnet/minecraft/world/level/storage/loot/functions/LootItemConditionalFunction$DummyBuilder;
[21:37:45] [main/DEBUG]: Skipping Lnet/minecraft/world/level/storage/loot/functions/LootItemConditionalFunction$Builder;
[21:37:45] [main/DEBUG]: Skipping Lnet/minecraft/world/level/storage/loot/functions/LimitCount;
[21:37:45] [main/DEBUG]: Skipping Lnet/minecraft/world/level/storage/loot/functions/LimitCount$Serializer;
[21:37:45] [main/DEBUG]: Skipping Lnet/minecraft/world/level/storage/loot/functions/FunctionUserBuilder;
[21:37:45] [main/DEBUG]: Skipping Lnet/minecraft/world/level/storage/loot/functions/FillPlayerHead;
[21:37:45] [main/DEBUG]: Skipping Lnet/minecraft/world/level/storage/loot/functions/FillPlayerHead$Serializer;
[21:37:45] [main/DEBUG]: Skipping Lnet/minecraft/world/level/storage/loot/functions/ExplorationMapFunction;
[21:37:45] [main/DEBUG]: Skipping Lnet/minecraft/world/level/storage/loot/functions/ExplorationMapFunction$Serializer;
[21:37:45] [main/DEBUG]: Skipping Lnet/minecraft/world/level/storage/loot/functions/ExplorationMapFunction$Builder;
[21:37:45] [main/DEBUG]: Skipping Lnet/minecraft/world/level/storage/loot/functions/EnchantWithLevelsFunction;
[21:37:45] [main/DEBUG]: Skipping Lnet/minecraft/world/level/storage/loot/functions/EnchantWithLevelsFunction$Serializer;
[21:37:45] [main/DEBUG]: Skipping Lnet/minecraft/world/level/storage/loot/functions/EnchantWithLevelsFunction$Builder;
[21:37:45] [main/DEBUG]: Skipping Lnet/minecraft/world/level/storage/loot/functions/EnchantRandomlyFunction;
[21:37:45] [main/DEBUG]: Skipping Lnet/minecraft/world/level/storage/loot/functions/EnchantRandomlyFunction$Serializer;
[21:37:45] [main/DEBUG]: Skipping Lnet/minecraft/world/level/storage/loot/functions/EnchantRandomlyFunction$Builder;
[21:37:45] [main/DEBUG]: Skipping Lnet/minecraft/world/level/storage/loot/functions/CopyNbtFunction;
[21:37:45] [main/DEBUG]: Skipping Lnet/minecraft/world/level/storage/loot/functions/CopyNbtFunction$Serializer;
[21:37:45] [main/DEBUG]: Skipping Lnet/minecraft/world/level/storage/loot/functions/CopyNbtFunction$MergeStrategy;
[21:37:45] [main/DEBUG]: Skipping Lnet/minecraft/world/level/storage/loot/functions/CopyNbtFunction$MergeStrategy$3;
[21:37:45] [main/DEBUG]: Skipping Lnet/minecraft/world/level/storage/loot/functions/CopyNbtFunction$MergeStrategy$2;
[21:37:45] [main/DEBUG]: Skipping Lnet/minecraft/world/level/storage/loot/functions/CopyNbtFunction$MergeStrategy$1;
[21:37:45] [main/DEBUG]: Skipping Lnet/minecraft/world/level/storage/loot/functions/CopyNbtFunction$CopyOperation;
[21:37:45] [main/DEBUG]: Skipping Lnet/minecraft/world/level/storage/loot/functions/CopyNbtFunction$Builder;
[21:37:45] [main/DEBUG]: Skipping Lnet/minecraft/world/level/storage/loot/functions/CopyNameFunction;
[21:37:45] [main/DEBUG]: Skipping Lnet/minecraft/world/level/storage/loot/functions/CopyNameFunction$Serializer;
[21:37:45] [main/DEBUG]: Skipping Lnet/minecraft/world/level/storage/loot/functions/CopyNameFunction$NameSource;
[21:37:45] [main/DEBUG]: Skipping Lnet/minecraft/world/level/storage/loot/functions/CopyBlockState;
[21:37:45] [main/DEBUG]: Skipping Lnet/minecraft/world/level/storage/loot/functions/CopyBlockState$Serializer;
[21:37:45] [main/DEBUG]: Skipping Lnet/minecraft/world/level/storage/loot/functions/CopyBlockState$Builder;
[21:37:45] [main/DEBUG]: Skipping Lnet/minecraft/world/level/storage/loot/functions/ApplyExplosionDecay;
[21:37:45] [main/DEBUG]: Skipping Lnet/minecraft/world/level/storage/loot/functions/ApplyExplosionDecay$Serializer;
[21:37:46] [main/DEBUG]: Skipping Lnet/minecraft/world/level/storage/loot/functions/ApplyBonusCount;
[21:37:46] [main/DEBUG]: Skipping Lnet/minecraft/world/level/storage/loot/functions/ApplyBonusCount$UniformBonusCount;
[21:37:46] [main/DEBUG]: Skipping Lnet/minecraft/world/level/storage/loot/functions/ApplyBonusCount$Serializer;
[21:37:46] [main/DEBUG]: Skipping Lnet/minecraft/world/level/storage/loot/functions/ApplyBonusCount$OreDrops;
[21:37:46] [main/DEBUG]: Skipping Lnet/minecraft/world/level/storage/loot/functions/ApplyBonusCount$FormulaDeserializer;
[21:37:46] [main/DEBUG]: Skipping Lnet/minecraft/world/level/storage/loot/functions/ApplyBonusCount$Formula;
[21:37:46] [main/DEBUG]: Skipping Lnet/minecraft/world/level/storage/loot/functions/ApplyBonusCount$BinomialWithBonusCount;
[21:37:46] [main/DEBUG]: Skipping Lnet/minecraft/world/level/storage/loot/functions/SmeltItemFunction;
[21:37:46] [main/DEBUG]: Skipping Lnet/minecraft/world/level/storage/loot/functions/SmeltItemFunction$Serializer;
[21:37:46] [main/DEBUG]: Skipping Lnet/minecraft/world/level/storage/loot/functions/LootingEnchantFunction;
[21:37:46] [main/DEBUG]: Skipping Lnet/minecraft/world/level/storage/loot/functions/LootingEnchantFunction$Serializer;
[21:37:46] [main/DEBUG]: Skipping Lnet/minecraft/world/level/storage/loot/functions/LootingEnchantFunction$Builder;
[21:37:46] [main/DEBUG]: Skipping Lnet/minecraft/world/level/storage/loot/entries/package-info;
[21:37:46] [main/DEBUG]: Skipping Lnet/minecraft/world/level/storage/loot/entries/TagEntry;
[21:37:46] [main/DEBUG]: Skipping Lnet/minecraft/world/level/storage/loot/entries/TagEntry$Serializer;
[21:37:46] [main/DEBUG]: Skipping Lnet/minecraft/world/level/storage/loot/entries/TagEntry$1;
[21:37:46] [main/DEBUG]: Skipping Lnet/minecraft/world/level/storage/loot/entries/SequentialEntry;
[21:37:46] [main/DEBUG]: Skipping Lnet/minecraft/world/level/storage/loot/entries/SequentialEntry$Builder;
[21:37:46] [main/DEBUG]: Skipping Lnet/minecraft/world/level/storage/loot/entries/LootTableReference;
[21:37:46] [main/DEBUG]: Skipping Lnet/minecraft/world/level/storage/loot/entries/LootTableReference$Serializer;
[21:37:46] [main/DEBUG]: Skipping Lnet/minecraft/world/level/storage/loot/entries/LootPoolSingletonContainer;
[21:37:46] [main/DEBUG]: Skipping Lnet/minecraft/world/level/storage/loot/entries/LootPoolSingletonContainer$Serializer;
[21:37:46] [main/DEBUG]: Skipping Lnet/minecraft/world/level/storage/loot/entries/LootPoolSingletonContainer$EntryConstructor;
[21:37:46] [main/DEBUG]: Skipping Lnet/minecraft/world/level/storage/loot/entries/LootPoolSingletonContainer$EntryBase;
[21:37:46] [main/DEBUG]: Skipping Lnet/minecraft/world/level/storage/loot/entries/LootPoolSingletonContainer$DummyBuilder;
[21:37:46] [main/DEBUG]: Skipping Lnet/minecraft/world/level/storage/loot/entries/LootPoolSingletonContainer$Builder;
[21:37:46] [main/DEBUG]: Skipping Lnet/minecraft/world/level/storage/loot/entries/LootPoolSingletonContainer$1;
[21:37:46] [main/DEBUG]: Skipping Lnet/minecraft/world/level/storage/loot/entries/LootPoolEntryType;
[21:37:46] [main/DEBUG]: Skipping Lnet/minecraft/world/level/storage/loot/entries/LootPoolEntryContainer;
[21:37:46] [main/DEBUG]: Skipping Lnet/minecraft/world/level/storage/loot/entries/LootPoolEntryContainer$Serializer;
[21:37:46] [main/DEBUG]: Skipping Lnet/minecraft/world/level/storage/loot/entries/LootPoolEntryContainer$Builder;
[21:37:46] [main/DEBUG]: Skipping Lnet/minecraft/world/level/storage/loot/entries/LootPoolEntry;
[21:37:46] [main/DEBUG]: Skipping Lnet/minecraft/world/level/storage/loot/entries/LootPoolEntries;
[21:37:46] [main/DEBUG]: Skipping Lnet/minecraft/world/level/storage/loot/entries/LootItem;
[21:37:46] [main/DEBUG]: Skipping Lnet/minecraft/world/level/storage/loot/entries/LootItem$Serializer;
[21:37:46] [main/DEBUG]: Skipping Lnet/minecraft/world/level/storage/loot/entries/EntryGroup;
[21:37:46] [main/DEBUG]: Skipping Lnet/minecraft/world/level/storage/loot/entries/EntryGroup$Builder;
[21:37:46] [main/DEBUG]: Skipping Lnet/minecraft/world/level/storage/loot/entries/EmptyLootItem;
[21:37:46] [main/DEBUG]: Skipping Lnet/minecraft/world/level/storage/loot/entries/EmptyLootItem$Serializer;
[21:37:46] [main/DEBUG]: Skipping Lnet/minecraft/world/level/storage/loot/entries/DynamicLoot;
[21:37:46] [main/DEBUG]: Skipping Lnet/minecraft/world/level/storage/loot/entries/DynamicLoot$Serializer;
[21:37:46] [main/DEBUG]: Skipping Lnet/minecraft/world/level/storage/loot/entries/CompositeEntryBase;
[21:37:46] [main/DEBUG]: Skipping Lnet/minecraft/world/level/storage/loot/entries/CompositeEntryBase$CompositeEntryConstructor;
[21:37:46] [main/DEBUG]: Skipping Lnet/minecraft/world/level/storage/loot/entries/CompositeEntryBase$1;
[21:37:46] [main/DEBUG]: Skipping Lnet/minecraft/world/level/storage/loot/entries/ComposableEntryContainer;
[21:37:46] [main/DEBUG]: Skipping Lnet/minecraft/world/level/storage/loot/entries/AlternativesEntry;
[21:37:46] [main/DEBUG]: Skipping Lnet/minecraft/world/level/storage/loot/entries/AlternativesEntry$Builder;
[21:37:46] [main/DEBUG]: Skipping Lnet/minecraft/world/level/storage/loot/ValidationContext;
[21:37:46] [main/DEBUG]: Skipping Lnet/minecraft/world/level/storage/loot/SerializerType;
[21:37:46] [main/DEBUG]: Skipping Lnet/minecraft/world/level/storage/loot/Serializer;
[21:37:46] [main/DEBUG]: Skipping Lnet/minecraft/world/level/storage/loot/PredicateManager;
[21:37:46] [main/DEBUG]: Skipping Lnet/minecraft/world/level/storage/loot/PredicateManager$CompositePredicate;
[21:37:46] [main/DEBUG]: Skipping Lnet/minecraft/world/level/storage/loot/LootContextUser;
[21:37:46] [main/DEBUG]: Skipping Lnet/minecraft/world/level/storage/loot/ItemModifierManager;
[21:37:46] [main/DEBUG]: Skipping Lnet/minecraft/world/level/storage/loot/ItemModifierManager$FunctionSequence;
[21:37:46] [main/DEBUG]: Skipping Lnet/minecraft/world/level/storage/loot/IntRange;
[21:37:46] [main/DEBUG]: Skipping Lnet/minecraft/world/level/storage/loot/IntRange$Serializer;
[21:37:46] [main/DEBUG]: Skipping Lnet/minecraft/world/level/storage/loot/IntRange$IntLimiter;
[21:37:46] [main/DEBUG]: Skipping Lnet/minecraft/world/level/storage/loot/IntRange$IntChecker;
[21:37:46] [main/DEBUG]: Skipping Lnet/minecraft/world/level/storage/loot/GsonAdapterFactory;
[21:37:46] [main/DEBUG]: Skipping Lnet/minecraft/world/level/storage/loot/GsonAdapterFactory$JsonAdapter;
[21:37:46] [main/DEBUG]: Skipping Lnet/minecraft/world/level/storage/loot/GsonAdapterFactory$InlineSerializer;
[21:37:46] [main/DEBUG]: Skipping Lnet/minecraft/world/level/storage/loot/GsonAdapterFactory$Builder;
[21:37:46] [main/DEBUG]: Skipping Lnet/minecraft/world/level/storage/loot/Deserializers;
[21:37:46] [main/DEBUG]: Skipping Lnet/minecraft/world/level/storage/loot/BuiltInLootTables;
[21:37:46] [main/DEBUG]: Skipping Lnet/minecraft/world/level/storage/loot/LootTables;
[21:37:46] [main/DEBUG]: Skipping Lnet/minecraft/world/level/storage/loot/LootTable;
[21:37:46] [main/DEBUG]: Skipping Lnet/minecraft/world/level/storage/loot/LootTable$Serializer;
[21:37:46] [main/DEBUG]: Skipping Lnet/minecraft/world/level/storage/loot/LootTable$Builder;
[21:37:46] [main/DEBUG]: Transforming class Lnet/minecraft/world/level/storage/loot/LootPool;
[21:37:46] [main/DEBUG]: Transforming net/minecraft/world/level/storage/loot/LootPool FIELD f_79028_ to access PRIVATE and REMOVEFINAL
[21:37:46] [main/DEBUG]: Transforming net/minecraft/world/level/storage/loot/LootPool FIELD f_79029_ to access PRIVATE and REMOVEFINAL
[21:37:46] [main/DEBUG]: Skipping Lnet/minecraft/world/level/storage/loot/LootPool$Serializer;
[21:37:46] [main/DEBUG]: Skipping Lnet/minecraft/world/level/storage/loot/LootPool$Builder;
[21:37:46] [main/DEBUG]: Skipping Lnet/minecraft/world/level/storage/loot/LootContext;
[21:37:46] [main/DEBUG]: Skipping Lnet/minecraft/world/level/storage/loot/LootContext$EntityTarget;
[21:37:46] [main/DEBUG]: Skipping Lnet/minecraft/world/level/storage/loot/LootContext$EntityTarget$Serializer;
[21:37:46] [main/DEBUG]: Skipping Lnet/minecraft/world/level/storage/loot/LootContext$DynamicDrop;
[21:37:46] [main/DEBUG]: Skipping Lnet/minecraft/world/level/storage/loot/LootContext$Builder;
[21:37:46] [main/DEBUG]: Skipping Lnet/minecraft/world/level/storage/WritableLevelData;
[21:37:46] [main/DEBUG]: Skipping Lnet/minecraft/world/level/storage/WorldData;
[21:37:46] [main/DEBUG]: Skipping Lnet/minecraft/world/level/storage/ServerLevelData;
[21:37:46] [main/DEBUG]: Skipping Lnet/minecraft/world/level/storage/LevelVersion;
[21:37:46] [main/DEBUG]: Skipping Lnet/minecraft/world/level/storage/LevelStorageException;
[21:37:46] [main/DEBUG]: Transforming class Lnet/minecraft/world/level/storage/LevelResource;
[21:37:46] [main/DEBUG]: Transforming net/minecraft/world/level/storage/LevelResource METHOD <init>(Ljava/lang/String;)V to access PUBLIC and LEAVE
[21:37:46] [main/DEBUG]: Skipping Lnet/minecraft/world/level/storage/LevelData;
[21:37:46] [main/DEBUG]: Skipping Lnet/minecraft/world/level/storage/DerivedLevelData;
[21:37:46] [main/DEBUG]: Skipping Lnet/minecraft/world/level/storage/DataVersion;
[21:37:46] [main/DEBUG]: Skipping Lnet/minecraft/world/level/storage/CommandStorage;
[21:37:46] [main/DEBUG]: Skipping Lnet/minecraft/world/level/storage/CommandStorage$Container;
[21:37:46] [main/DEBUG]: Skipping Lnet/minecraft/world/level/storage/PrimaryLevelData;
[21:37:46] [main/DEBUG]: Skipping Lnet/minecraft/world/level/storage/PlayerDataStorage;
[21:37:46] [main/DEBUG]: Skipping Lnet/minecraft/world/level/storage/LevelSummary;
[21:37:46] [main/DEBUG]: Skipping Lnet/minecraft/world/level/storage/LevelSummary$BackupStatus;
[21:37:46] [main/DEBUG]: Skipping Lnet/minecraft/world/level/storage/LevelStorageSource;
[21:37:46] [main/DEBUG]: Skipping Lnet/minecraft/world/level/storage/LevelStorageSource$LevelStorageAccess;
[21:37:46] [main/DEBUG]: Skipping Lnet/minecraft/world/level/storage/LevelStorageSource$LevelStorageAccess$2;
[21:37:46] [main/DEBUG]: Skipping Lnet/minecraft/world/level/storage/LevelStorageSource$LevelStorageAccess$1;
[21:37:46] [main/DEBUG]: Skipping Lnet/minecraft/world/level/storage/LevelStorageSource$LevelDirectory;
[21:37:46] [main/DEBUG]: Skipping Lnet/minecraft/world/level/storage/LevelStorageSource$LevelCandidates;
[21:37:46] [main/DEBUG]: Skipping Lnet/minecraft/world/level/storage/DimensionDataStorage;
[21:37:46] [main/DEBUG]: Skipping Lnet/minecraft/world/level/saveddata/package-info;
[21:37:46] [main/DEBUG]: Skipping Lnet/minecraft/world/level/saveddata/maps/package-info;
[21:37:46] [main/DEBUG]: Skipping Lnet/minecraft/world/level/saveddata/maps/MapItemSavedData;
[21:37:46] [main/DEBUG]: Skipping Lnet/minecraft/world/level/saveddata/maps/MapItemSavedData$MapPatch;
[21:37:46] [main/DEBUG]: Skipping Lnet/minecraft/world/level/saveddata/maps/MapItemSavedData$HoldingPlayer;
[21:37:46] [main/DEBUG]: Skipping Lnet/minecraft/world/level/saveddata/maps/MapIndex;
[21:37:46] [main/DEBUG]: Skipping Lnet/minecraft/world/level/saveddata/maps/MapFrame;
[21:37:46] [main/DEBUG]: Skipping Lnet/minecraft/world/level/saveddata/maps/MapBanner;
[21:37:46] [main/DEBUG]: Skipping Lnet/minecraft/world/level/saveddata/maps/MapBanner$1;
[21:37:46] [main/DEBUG]: Skipping Lnet/minecraft/world/level/saveddata/maps/MapDecoration;
[21:37:46] [main/DEBUG]: Skipping Lnet/minecraft/world/level/saveddata/maps/MapDecoration$Type;
[21:37:46] [main/DEBUG]: Skipping Lnet/minecraft/world/level/saveddata/SavedData;
[21:37:46] [main/DEBUG]: Skipping Lnet/minecraft/world/level/redstone/package-info;
[21:37:46] [main/DEBUG]: Skipping Lnet/minecraft/world/level/redstone/Redstone;
[21:37:46] [main/DEBUG]: Skipping Lnet/minecraft/world/level/redstone/NeighborUpdater;
[21:37:46] [main/DEBUG]: Skipping Lnet/minecraft/world/level/redstone/InstantNeighborUpdater;
[21:37:46] [main/DEBUG]: Skipping Lnet/minecraft/world/level/redstone/CollectingNeighborUpdater;
[21:37:46] [main/DEBUG]: Skipping Lnet/minecraft/world/level/redstone/CollectingNeighborUpdater$SimpleNeighborUpdate;
[21:37:46] [main/DEBUG]: Skipping Lnet/minecraft/world/level/redstone/CollectingNeighborUpdater$ShapeUpdate;
[21:37:46] [main/DEBUG]: Skipping Lnet/minecraft/world/level/redstone/CollectingNeighborUpdater$NeighborUpdates;
[21:37:46] [main/DEBUG]: Skipping Lnet/minecraft/world/level/redstone/CollectingNeighborUpdater$MultiNeighborUpdate;
[21:37:46] [main/DEBUG]: Skipping Lnet/minecraft/world/level/redstone/CollectingNeighborUpdater$FullNeighborUpdate;
[21:37:46] [main/DEBUG]: Skipping Lnet/minecraft/world/level/portal/package-info;
[21:37:46] [main/DEBUG]: Skipping Lnet/minecraft/world/level/portal/PortalInfo;
[21:37:46] [main/DEBUG]: Skipping Lnet/minecraft/world/level/portal/PortalShape;
[21:37:46] [main/DEBUG]: Transforming class Lnet/minecraft/world/level/portal/PortalForcer;
[21:37:46] [main/DEBUG]: Transforming net/minecraft/world/level/portal/PortalForcer FIELD f_77648_ to access PROTECTED and LEAVE
[21:37:46] [main/DEBUG]: Skipping Lnet/minecraft/world/level/pathfinder/package-info;
[21:37:46] [main/DEBUG]: Skipping Lnet/minecraft/world/level/pathfinder/Target;
[21:37:46] [main/DEBUG]: Skipping Lnet/minecraft/world/level/pathfinder/SwimNodeEvaluator;
[21:37:46] [main/DEBUG]: Skipping Lnet/minecraft/world/level/pathfinder/PathFinder;
[21:37:46] [main/DEBUG]: Skipping Lnet/minecraft/world/level/pathfinder/PathComputationType;
[21:37:46] [main/DEBUG]: Skipping Lnet/minecraft/world/level/pathfinder/Path;
[21:37:46] [main/DEBUG]: Skipping Lnet/minecraft/world/level/pathfinder/NodeEvaluator;
[21:37:46] [main/DEBUG]: Skipping Lnet/minecraft/world/level/pathfinder/Node;
[21:37:46] [main/DEBUG]: Skipping Lnet/minecraft/world/level/pathfinder/FlyNodeEvaluator;
[21:37:46] [main/DEBUG]: Skipping Lnet/minecraft/world/level/pathfinder/BinaryHeap;
[21:37:46] [main/DEBUG]: Skipping Lnet/minecraft/world/level/pathfinder/WalkNodeEvaluator;
[21:37:46] [main/DEBUG]: Skipping Lnet/minecraft/world/level/pathfinder/BlockPathTypes;
[21:37:46] [main/DEBUG]: Skipping Lnet/minecraft/world/level/pathfinder/AmphibiousNodeEvaluator;
[21:37:46] [main/DEBUG]: Skipping Lnet/minecraft/world/level/package-info;
[21:37:46] [main/DEBUG]: Skipping Lnet/minecraft/world/level/material/package-info;
[21:37:46] [main/DEBUG]: Skipping Lnet/minecraft/world/level/material/WaterFluid;
[21:37:46] [main/DEBUG]: Skipping Lnet/minecraft/world/level/material/WaterFluid$Source;
[21:37:46] [main/DEBUG]: Skipping Lnet/minecraft/world/level/material/WaterFluid$Flowing;
[21:37:46] [main/DEBUG]: Skipping Lnet/minecraft/world/level/material/PushReaction;
[21:37:46] [main/DEBUG]: Skipping Lnet/minecraft/world/level/material/MaterialColor;
[21:37:46] [main/DEBUG]: Skipping Lnet/minecraft/world/level/material/MaterialColor$Brightness;
[21:37:46] [main/DEBUG]: Skipping Lnet/minecraft/world/level/material/Material;
[21:37:46] [main/DEBUG]: Skipping Lnet/minecraft/world/level/material/Material$Builder;
[21:37:46] [main/DEBUG]: Skipping Lnet/minecraft/world/level/material/FogType;
[21:37:46] [main/DEBUG]: Skipping Lnet/minecraft/world/level/material/Fluids;
[21:37:46] [main/DEBUG]: Skipping Lnet/minecraft/world/level/material/EmptyFluid;
[21:37:46] [main/DEBUG]: Skipping Lnet/minecraft/world/level/material/LavaFluid;
[21:37:46] [main/DEBUG]: Skipping Lnet/minecraft/world/level/material/LavaFluid$Source;
[21:37:46] [main/DEBUG]: Skipping Lnet/minecraft/world/level/material/LavaFluid$Flowing;
[21:37:46] [main/DEBUG]: Skipping Lnet/minecraft/world/level/material/FluidState;
[21:37:46] [main/DEBUG]: Skipping Lnet/minecraft/world/level/material/Fluid;
[21:37:46] [main/DEBUG]: Skipping Lnet/minecraft/world/level/material/FlowingFluid;
[21:37:46] [main/DEBUG]: Skipping Lnet/minecraft/world/level/material/FlowingFluid$1;
[21:37:46] [main/DEBUG]: Skipping Lnet/minecraft/world/level/lighting/package-info;
[21:37:46] [main/DEBUG]: Skipping Lnet/minecraft/world/level/lighting/SpatialLongSet;
[21:37:46] [main/DEBUG]: Skipping Lnet/minecraft/world/level/lighting/SpatialLongSet$InternalMap;
[21:37:46] [main/DEBUG]: Skipping Lnet/minecraft/world/level/lighting/SkyLightSectionStorage;
[21:37:46] [main/DEBUG]: Skipping Lnet/minecraft/world/level/lighting/SkyLightSectionStorage$SkyDataLayerStorageMap;
[21:37:46] [main/DEBUG]: Skipping Lnet/minecraft/world/level/lighting/SkyLightSectionStorage$1;
[21:37:46] [main/DEBUG]: Skipping Lnet/minecraft/world/level/lighting/LightEventListener;
[21:37:46] [main/DEBUG]: Skipping Lnet/minecraft/world/level/lighting/LevelLightEngine;
[21:37:46] [main/DEBUG]: Skipping Lnet/minecraft/world/level/lighting/LayerLightSectionStorage;
[21:37:46] [main/DEBUG]: Skipping Lnet/minecraft/world/level/lighting/LayerLightSectionStorage$1;
[21:37:46] [main/DEBUG]: Skipping Lnet/minecraft/world/level/lighting/LayerLightEventListener;
[21:37:46] [main/DEBUG]: Skipping Lnet/minecraft/world/level/lighting/LayerLightEventListener$DummyLightLayerEventListener;
[21:37:46] [main/DEBUG]: Skipping Lnet/minecraft/world/level/lighting/DataLayerStorageMap;
[21:37:46] [main/DEBUG]: Skipping Lnet/minecraft/world/level/lighting/BlockLightSectionStorage;
[21:37:46] [main/DEBUG]: Skipping Lnet/minecraft/world/level/lighting/BlockLightSectionStorage$BlockDataLayerStorageMap;
[21:37:46] [main/DEBUG]: Skipping Lnet/minecraft/world/level/lighting/SkyLightEngine;
[21:37:46] [main/DEBUG]: Skipping Lnet/minecraft/world/level/lighting/LayerLightEngine;
[21:37:46] [main/DEBUG]: Skipping Lnet/minecraft/world/level/lighting/DynamicGraphMinFixedPoint;
[21:37:46] [main/DEBUG]: Skipping Lnet/minecraft/world/level/lighting/DynamicGraphMinFixedPoint$2;
[21:37:46] [main/DEBUG]: Skipping Lnet/minecraft/world/level/lighting/DynamicGraphMinFixedPoint$1;
[21:37:46] [main/DEBUG]: Skipping Lnet/minecraft/world/level/lighting/BlockLightEngine;
[21:37:46] [main/DEBUG]: Skipping Lnet/minecraft/world/level/levelgen/synth/package-info;
[21:37:46] [main/DEBUG]: Skipping Lnet/minecraft/world/level/levelgen/synth/SimplexNoise;
[21:37:46] [main/DEBUG]: Skipping Lnet/minecraft/world/level/levelgen/synth/PerlinSimplexNoise;
[21:37:46] [main/DEBUG]: Skipping Lnet/minecraft/world/level/levelgen/synth/PerlinNoise;
[21:37:46] [main/DEBUG]: Skipping Lnet/minecraft/world/level/levelgen/synth/NormalNoise;
[21:37:46] [main/DEBUG]: Skipping Lnet/minecraft/world/level/levelgen/synth/NormalNoise$NoiseParameters;
[21:37:46] [main/DEBUG]: Skipping Lnet/minecraft/world/level/levelgen/synth/NoiseUtils;
[21:37:46] [main/DEBUG]: Skipping Lnet/minecraft/world/level/levelgen/synth/ImprovedNoise;
[21:37:46] [main/DEBUG]: Skipping Lnet/minecraft/world/level/levelgen/synth/BlendedNoise;
[21:37:46] [main/DEBUG]: Skipping Lnet/minecraft/world/level/levelgen/structure/templatesystem/package-info;
[21:37:46] [main/DEBUG]: Skipping Lnet/minecraft/world/level/levelgen/structure/templatesystem/TagMatchTest;
[21:37:46] [main/DEBUG]: Skipping Lnet/minecraft/world/level/levelgen/structure/templatesystem/StructureTemplateManager;
[21:37:46] [main/DEBUG]: Skipping Lnet/minecraft/world/level/levelgen/structure/templatesystem/StructureTemplateManager$Source;
[21:37:46] [main/DEBUG]: Skipping Lnet/minecraft/world/level/levelgen/structure/templatesystem/StructureTemplateManager$InputStreamOpener;
[21:37:46] [main/DEBUG]: Skipping Lnet/minecraft/world/level/levelgen/structure/templatesystem/StructureProcessorType;
[21:37:46] [main/DEBUG]: Skipping Lnet/minecraft/world/level/levelgen/structure/templatesystem/StructureProcessorList;
[21:37:46] [main/DEBUG]: Skipping Lnet/minecraft/world/level/levelgen/structure/templatesystem/StructurePlaceSettings;
[21:37:46] [main/DEBUG]: Skipping Lnet/minecraft/world/level/levelgen/structure/templatesystem/RuleTestType;
[21:37:46] [main/DEBUG]: Skipping Lnet/minecraft/world/level/levelgen/structure/templatesystem/RuleTest;
[21:37:46] [main/DEBUG]: Skipping Lnet/minecraft/world/level/levelgen/structure/templatesystem/RuleProcessor;
[21:37:46] [main/DEBUG]: Skipping Lnet/minecraft/world/level/levelgen/structure/templatesystem/RandomBlockStateMatchTest;
[21:37:46] [main/DEBUG]: Skipping Lnet/minecraft/world/level/levelgen/structure/templatesystem/RandomBlockMatchTest;
[21:37:46] [main/DEBUG]: Skipping Lnet/minecraft/world/level/levelgen/structure/templatesystem/ProtectedBlockProcessor;
[21:37:46] [main/DEBUG]: Skipping Lnet/minecraft/world/level/levelgen/structure/templatesystem/ProcessorRule;
[21:37:46] [main/DEBUG]: Skipping Lnet/minecraft/world/level/levelgen/structure/templatesystem/PosRuleTestType;
[21:37:46] [main/DEBUG]: Skipping Lnet/minecraft/world/level/levelgen/structure/templatesystem/PosRuleTest;
[21:37:46] [main/DEBUG]: Skipping Lnet/minecraft/world/level/levelgen/structure/templatesystem/PosAlwaysTrueTest;
[21:37:46] [main/DEBUG]: Skipping Lnet/minecraft/world/level/levelgen/structure/templatesystem/NopProcessor;
[21:37:46] [main/DEBUG]: Skipping Lnet/minecraft/world/level/levelgen/structure/templatesystem/LinearPosTest;
[21:37:46] [main/DEBUG]: Skipping Lnet/minecraft/world/level/levelgen/structure/templatesystem/LavaSubmergedBlockProcessor;
[21:37:46] [main/DEBUG]: Skipping Lnet/minecraft/world/level/levelgen/structure/templatesystem/JigsawReplacementProcessor;
[21:37:46] [main/DEBUG]: Skipping Lnet/minecraft/world/level/levelgen/structure/templatesystem/GravityProcessor;
[21:37:46] [main/DEBUG]: Skipping Lnet/minecraft/world/level/levelgen/structure/templatesystem/BlockStateMatchTest;
[21:37:46] [main/DEBUG]: Skipping Lnet/minecraft/world/level/levelgen/structure/templatesystem/BlockRotProcessor;
[21:37:46] [main/DEBUG]: Skipping Lnet/minecraft/world/level/levelgen/structure/templatesystem/BlockMatchTest;
[21:37:46] [main/DEBUG]: Skipping Lnet/minecraft/world/level/levelgen/structure/templatesystem/BlockIgnoreProcessor;
[21:37:46] [main/DEBUG]: Skipping Lnet/minecraft/world/level/levelgen/structure/templatesystem/BlockAgeProcessor;
[21:37:46] [main/DEBUG]: Skipping Lnet/minecraft/world/level/levelgen/structure/templatesystem/BlackstoneReplaceProcessor;
[21:37:46] [main/DEBUG]: Skipping Lnet/minecraft/world/level/levelgen/structure/templatesystem/AxisAlignedLinearPosTest;
[21:37:46] [main/DEBUG]: Skipping Lnet/minecraft/world/level/levelgen/structure/templatesystem/AlwaysTrueTest;
[21:37:46] [main/DEBUG]: Skipping Lnet/minecraft/world/level/levelgen/structure/templatesystem/StructureTemplate;
[21:37:46] [main/DEBUG]: Skipping Lnet/minecraft/world/level/levelgen/structure/templatesystem/StructureTemplate$StructureEntityInfo;
[21:37:46] [main/DEBUG]: Skipping Lnet/minecraft/world/level/levelgen/structure/templatesystem/StructureTemplate$StructureBlockInfo;
[21:37:46] [main/DEBUG]: Skipping Lnet/minecraft/world/level/levelgen/structure/templatesystem/StructureTemplate$SimplePalette;
[21:37:46] [main/DEBUG]: Skipping Lnet/minecraft/world/level/levelgen/structure/templatesystem/StructureTemplate$Palette;
[21:37:46] [main/DEBUG]: Skipping Lnet/minecraft/world/level/levelgen/structure/templatesystem/StructureTemplate$1;
[21:37:46] [main/DEBUG]: Skipping Lnet/minecraft/world/level/levelgen/structure/templatesystem/StructureProcessor;
[21:37:46] [main/DEBUG]: Skipping Lnet/minecraft/world/level/levelgen/structure/structures/package-info;
[21:37:46] [main/DEBUG]: Skipping Lnet/minecraft/world/level/levelgen/structure/structures/WoodlandMansionStructure;
[21:37:46] [main/DEBUG]: Skipping Lnet/minecraft/world/level/levelgen/structure/structures/SwampHutStructure;
[21:37:46] [main/DEBUG]: Skipping Lnet/minecraft/world/level/levelgen/structure/structures/SwampHutPiece;
[21:37:46] [main/DEBUG]: Skipping Lnet/minecraft/world/level/levelgen/structure/structures/StrongholdStructure;
[21:37:46] [main/DEBUG]: Skipping Lnet/minecraft/world/level/levelgen/structure/structures/StrongholdPieces;
[21:37:46] [main/DEBUG]: Skipping Lnet/minecraft/world/level/levelgen/structure/structures/StrongholdPieces$Turn;
[21:37:46] [main/DEBUG]: Skipping Lnet/minecraft/world/level/levelgen/structure/structures/StrongholdPieces$StrongholdPiece;
[21:37:46] [main/DEBUG]: Skipping Lnet/minecraft/world/level/levelgen/structure/structures/StrongholdPieces$StrongholdPiece$SmallDoorType;
[21:37:46] [main/DEBUG]: Skipping Lnet/minecraft/world/level/levelgen/structure/structures/StrongholdPieces$StraightStairsDown;
[21:37:46] [main/DEBUG]: Skipping Lnet/minecraft/world/level/levelgen/structure/structures/StrongholdPieces$Straight;
[21:37:46] [main/DEBUG]: Skipping Lnet/minecraft/world/level/levelgen/structure/structures/StrongholdPieces$StartPiece;
[21:37:46] [main/DEBUG]: Skipping Lnet/minecraft/world/level/levelgen/structure/structures/StrongholdPieces$StairsDown;
[21:37:46] [main/DEBUG]: Skipping Lnet/minecraft/world/level/levelgen/structure/structures/StrongholdPieces$SmoothStoneSelector;
[21:37:46] [main/DEBUG]: Skipping Lnet/minecraft/world/level/levelgen/structure/structures/StrongholdPieces$RoomCrossing;
[21:37:46] [main/DEBUG]: Skipping Lnet/minecraft/world/level/levelgen/structure/structures/StrongholdPieces$RightTurn;
[21:37:46] [main/DEBUG]: Skipping Lnet/minecraft/world/level/levelgen/structure/structures/StrongholdPieces$PrisonHall;
[21:37:46] [main/DEBUG]: Skipping Lnet/minecraft/world/level/levelgen/structure/structures/StrongholdPieces$PortalRoom;
[21:37:46] [main/DEBUG]: Skipping Lnet/minecraft/world/level/levelgen/structure/structures/StrongholdPieces$PieceWeight;
[21:37:46] [main/DEBUG]: Skipping Lnet/minecraft/world/level/levelgen/structure/structures/StrongholdPieces$Library;
[21:37:46] [main/DEBUG]: Skipping Lnet/minecraft/world/level/levelgen/structure/structures/StrongholdPieces$LeftTurn;
[21:37:46] [main/DEBUG]: Skipping Lnet/minecraft/world/level/levelgen/structure/structures/StrongholdPieces$FiveCrossing;
[21:37:46] [main/DEBUG]: Skipping Lnet/minecraft/world/level/levelgen/structure/structures/StrongholdPieces$FillerCorridor;
[21:37:46] [main/DEBUG]: Skipping Lnet/minecraft/world/level/levelgen/structure/structures/StrongholdPieces$ChestCorridor;
[21:37:46] [main/DEBUG]: Skipping Lnet/minecraft/world/level/levelgen/structure/structures/StrongholdPieces$3;
[21:37:46] [main/DEBUG]: Skipping Lnet/minecraft/world/level/levelgen/structure/structures/StrongholdPieces$2;
[21:37:46] [main/DEBUG]: Skipping Lnet/minecraft/world/level/levelgen/structure/structures/StrongholdPieces$1;
[21:37:46] [main/DEBUG]: Skipping Lnet/minecraft/world/level/levelgen/structure/structures/ShipwreckStructure;
[21:37:46] [main/DEBUG]: Skipping Lnet/minecraft/world/level/levelgen/structure/structures/ShipwreckPieces;
[21:37:46] [main/DEBUG]: Skipping Lnet/minecraft/world/level/levelgen/structure/structures/ShipwreckPieces$ShipwreckPiece;
[21:37:46] [main/DEBUG]: Skipping Lnet/minecraft/world/level/levelgen/structure/structures/RuinedPortalStructure;
[21:37:46] [main/DEBUG]: Skipping Lnet/minecraft/world/level/levelgen/structure/structures/RuinedPortalStructure$Setup;
[21:37:46] [main/DEBUG]: Skipping Lnet/minecraft/world/level/levelgen/structure/structures/RuinedPortalPiece;
[21:37:46] [main/DEBUG]: Skipping Lnet/minecraft/world/level/levelgen/structure/structures/RuinedPortalPiece$VerticalPlacement;
[21:37:46] [main/DEBUG]: Skipping Lnet/minecraft/world/level/levelgen/structure/structures/RuinedPortalPiece$Properties;
[21:37:46] [main/DEBUG]: Skipping Lnet/minecraft/world/level/levelgen/structure/structures/OceanRuinStructure;
[21:37:46] [main/DEBUG]: Skipping Lnet/minecraft/world/level/levelgen/structure/structures/OceanRuinStructure$Type;
[21:37:46] [main/DEBUG]: Skipping Lnet/minecraft/world/level/levelgen/structure/structures/OceanRuinPieces;
[21:37:46] [main/DEBUG]: Skipping Lnet/minecraft/world/level/levelgen/structure/structures/OceanRuinPieces$OceanRuinPiece;
[21:37:46] [main/DEBUG]: Skipping Lnet/minecraft/world/level/levelgen/structure/structures/OceanRuinPieces$1;
[21:37:46] [main/DEBUG]: Skipping Lnet/minecraft/world/level/levelgen/structure/structures/OceanMonumentStructure;
[21:37:46] [main/DEBUG]: Skipping Lnet/minecraft/world/level/levelgen/structure/structures/NetherFossilStructure;
[21:37:46] [main/DEBUG]: Skipping Lnet/minecraft/world/level/levelgen/structure/structures/NetherFossilPieces;
[21:37:46] [main/DEBUG]: Skipping Lnet/minecraft/world/level/levelgen/structure/structures/NetherFossilPieces$NetherFossilPiece;
[21:37:46] [main/DEBUG]: Skipping Lnet/minecraft/world/level/levelgen/structure/structures/NetherFortressStructure;
[21:37:46] [main/DEBUG]: Skipping Lnet/minecraft/world/level/levelgen/structure/structures/NetherFortressPieces;
[21:37:46] [main/DEBUG]: Skipping Lnet/minecraft/world/level/levelgen/structure/structures/NetherFortressPieces$StartPiece;
[21:37:46] [main/DEBUG]: Skipping Lnet/minecraft/world/level/levelgen/structure/structures/NetherFortressPieces$StairsRoom;
[21:37:46] [main/DEBUG]: Skipping Lnet/minecraft/world/level/levelgen/structure/structures/NetherFortressPieces$RoomCrossing;
[21:37:46] [main/DEBUG]: Skipping Lnet/minecraft/world/level/levelgen/structure/structures/NetherFortressPieces$PieceWeight;
[21:37:46] [main/DEBUG]: Skipping Lnet/minecraft/world/level/levelgen/structure/structures/NetherFortressPieces$NetherBridgePiece;
[21:37:46] [main/DEBUG]: Skipping Lnet/minecraft/world/level/levelgen/structure/structures/NetherFortressPieces$MonsterThrone;
[21:37:46] [main/DEBUG]: Skipping Lnet/minecraft/world/level/levelgen/structure/structures/NetherFortressPieces$CastleStalkRoom;
[21:37:46] [main/DEBUG]: Skipping Lnet/minecraft/world/level/levelgen/structure/structures/NetherFortressPieces$CastleSmallCorridorRightTurnPiece;
[21:37:46] [main/DEBUG]: Skipping Lnet/minecraft/world/level/levelgen/structure/structures/NetherFortressPieces$CastleSmallCorridorPiece;
[21:37:46] [main/DEBUG]: Skipping Lnet/minecraft/world/level/levelgen/structure/structures/NetherFortressPieces$CastleSmallCorridorLeftTurnPiece;
[21:37:46] [main/DEBUG]: Skipping Lnet/minecraft/world/level/levelgen/structure/structures/NetherFortressPieces$CastleSmallCorridorCrossingPiece;
[21:37:46] [main/DEBUG]: Skipping Lnet/minecraft/world/level/levelgen/structure/structures/NetherFortressPieces$CastleEntrance;
[21:37:46] [main/DEBUG]: Skipping Lnet/minecraft/world/level/levelgen/structure/structures/NetherFortressPieces$CastleCorridorTBalconyPiece;
[21:37:46] [main/DEBUG]: Skipping Lnet/minecraft/world/level/levelgen/structure/structures/NetherFortressPieces$CastleCorridorStairsPiece;
[21:37:46] [main/DEBUG]: Skipping Lnet/minecraft/world/level/levelgen/structure/structures/NetherFortressPieces$BridgeStraight;
[21:37:46] [main/DEBUG]: Skipping Lnet/minecraft/world/level/levelgen/structure/structures/NetherFortressPieces$BridgeEndFiller;
[21:37:46] [main/DEBUG]: Skipping Lnet/minecraft/world/level/levelgen/structure/structures/NetherFortressPieces$BridgeCrossing;
[21:37:46] [main/DEBUG]: Skipping Lnet/minecraft/world/level/levelgen/structure/structures/NetherFortressPieces$1;
[21:37:46] [main/DEBUG]: Skipping Lnet/minecraft/world/level/levelgen/structure/structures/MineshaftStructure;
[21:37:46] [main/DEBUG]: Skipping Lnet/minecraft/world/level/levelgen/structure/structures/MineshaftStructure$Type;
[21:37:46] [main/DEBUG]: Skipping Lnet/minecraft/world/level/levelgen/structure/structures/MineshaftPieces;
[21:37:46] [main/DEBUG]: Skipping Lnet/minecraft/world/level/levelgen/structure/structures/MineshaftPieces$MineShaftStairs;
[21:37:46] [main/DEBUG]: Skipping Lnet/minecraft/world/level/levelgen/structure/structures/MineshaftPieces$MineShaftRoom;
[21:37:46] [main/DEBUG]: Skipping Lnet/minecraft/world/level/levelgen/structure/structures/MineshaftPieces$MineShaftPiece;
[21:37:46] [main/DEBUG]: Skipping Lnet/minecraft/world/level/levelgen/structure/structures/MineshaftPieces$MineShaftCrossing;
[21:37:46] [main/DEBUG]: Skipping Lnet/minecraft/world/level/levelgen/structure/structures/MineshaftPieces$MineShaftCorridor;
[21:37:46] [main/DEBUG]: Skipping Lnet/minecraft/world/level/levelgen/structure/structures/MineshaftPieces$1;
[21:37:46] [main/DEBUG]: Skipping Lnet/minecraft/world/level/levelgen/structure/structures/JungleTempleStructure;
[21:37:46] [main/DEBUG]: Skipping Lnet/minecraft/world/level/levelgen/structure/structures/JungleTemplePiece;
[21:37:46] [main/DEBUG]: Skipping Lnet/minecraft/world/level/levelgen/structure/structures/JungleTemplePiece$MossStoneSelector;
[21:37:46] [main/DEBUG]: Skipping Lnet/minecraft/world/level/levelgen/structure/structures/JigsawStructure;
[21:37:46] [main/DEBUG]: Skipping Lnet/minecraft/world/level/levelgen/structure/structures/JigsawStructure$1;
[21:37:46] [main/DEBUG]: Skipping Lnet/minecraft/world/level/levelgen/structure/structures/IglooStructure;
[21:37:46] [main/DEBUG]: Skipping Lnet/minecraft/world/level/levelgen/structure/structures/IglooPieces;
[21:37:46] [main/DEBUG]: Skipping Lnet/minecraft/world/level/levelgen/structure/structures/IglooPieces$IglooPiece;
[21:37:46] [main/DEBUG]: Skipping Lnet/minecraft/world/level/levelgen/structure/structures/EndCityStructure;
[21:37:46] [main/DEBUG]: Skipping Lnet/minecraft/world/level/levelgen/structure/structures/EndCityPieces;
[21:37:46] [main/DEBUG]: Skipping Lnet/minecraft/world/level/levelgen/structure/structures/EndCityPieces$SectionGenerator;
[21:37:46] [main/DEBUG]: Skipping Lnet/minecraft/world/level/levelgen/structure/structures/EndCityPieces$EndCityPiece;
[21:37:46] [main/DEBUG]: Skipping Lnet/minecraft/world/level/levelgen/structure/structures/EndCityPieces$4;
[21:37:46] [main/DEBUG]: Skipping Lnet/minecraft/world/level/levelgen/structure/structures/EndCityPieces$3;
[21:37:46] [main/DEBUG]: Skipping Lnet/minecraft/world/level/levelgen/structure/structures/EndCityPieces$2;
[21:37:46] [main/DEBUG]: Skipping Lnet/minecraft/world/level/levelgen/structure/structures/EndCityPieces$1;
[21:37:46] [main/DEBUG]: Skipping Lnet/minecraft/world/level/levelgen/structure/structures/DesertPyramidStructure;
[21:37:46] [main/DEBUG]: Skipping Lnet/minecraft/world/level/levelgen/structure/structures/DesertPyramidPiece;
[21:37:46] [main/DEBUG]: Skipping Lnet/minecraft/world/level/levelgen/structure/structures/BuriedTreasureStructure;
[21:37:46] [main/DEBUG]: Skipping Lnet/minecraft/world/level/levelgen/structure/structures/BuriedTreasurePieces;
[21:37:46] [main/DEBUG]: Skipping Lnet/minecraft/world/level/levelgen/structure/structures/BuriedTreasurePieces$BuriedTreasurePiece;
[21:37:46] [main/DEBUG]: Skipping Lnet/minecraft/world/level/levelgen/structure/structures/WoodlandMansionPieces;
[21:37:46] [main/DEBUG]: Skipping Lnet/minecraft/world/level/levelgen/structure/structures/WoodlandMansionPieces$WoodlandMansionPiece;
[21:37:46] [main/DEBUG]: Skipping Lnet/minecraft/world/level/levelgen/structure/structures/WoodlandMansionPieces$ThirdFloorRoomCollection;
[21:37:46] [main/DEBUG]: Skipping Lnet/minecraft/world/level/levelgen/structure/structures/WoodlandMansionPieces$SimpleGrid;
[21:37:46] [main/DEBUG]: Skipping Lnet/minecraft/world/level/levelgen/structure/structures/WoodlandMansionPieces$SecondFloorRoomCollection;
[21:37:46] [main/DEBUG]: Skipping Lnet/minecraft/world/level/levelgen/structure/structures/WoodlandMansionPieces$PlacementData;
[21:37:46] [main/DEBUG]: Skipping Lnet/minecraft/world/level/levelgen/structure/structures/WoodlandMansionPieces$MansionPiecePlacer;
[21:37:46] [main/DEBUG]: Skipping Lnet/minecraft/world/level/levelgen/structure/structures/WoodlandMansionPieces$MansionGrid;
[21:37:46] [main/DEBUG]: Skipping Lnet/minecraft/world/level/levelgen/structure/structures/WoodlandMansionPieces$FloorRoomCollection;
[21:37:46] [main/DEBUG]: Skipping Lnet/minecraft/world/level/levelgen/structure/structures/WoodlandMansionPieces$FirstFloorRoomCollection;
[21:37:46] [main/DEBUG]: Skipping Lnet/minecraft/world/level/levelgen/structure/structures/OceanMonumentPieces;
[21:37:46] [main/DEBUG]: Skipping Lnet/minecraft/world/level/levelgen/structure/structures/OceanMonumentPieces$RoomDefinition;
[21:37:46] [main/DEBUG]: Skipping Lnet/minecraft/world/level/levelgen/structure/structures/OceanMonumentPieces$OceanMonumentWingRoom;
[21:37:46] [main/DEBUG]: Skipping Lnet/minecraft/world/level/levelgen/structure/structures/OceanMonumentPieces$OceanMonumentSimpleTopRoom;
[21:37:46] [main/DEBUG]: Skipping Lnet/minecraft/world/level/levelgen/structure/structures/OceanMonumentPieces$OceanMonumentSimpleRoom;
[21:37:46] [main/DEBUG]: Skipping Lnet/minecraft/world/level/levelgen/structure/structures/OceanMonumentPieces$OceanMonumentPiece;
[21:37:46] [main/DEBUG]: Skipping Lnet/minecraft/world/level/levelgen/structure/structures/OceanMonumentPieces$OceanMonumentPenthouse;
[21:37:46] [main/DEBUG]: Skipping Lnet/minecraft/world/level/levelgen/structure/structures/OceanMonumentPieces$OceanMonumentEntryRoom;
[21:37:46] [main/DEBUG]: Skipping Lnet/minecraft/world/level/levelgen/structure/structures/OceanMonumentPieces$OceanMonumentDoubleZRoom;
[21:37:46] [main/DEBUG]: Skipping Lnet/minecraft/world/level/levelgen/structure/structures/OceanMonumentPieces$OceanMonumentDoubleYZRoom;
[21:37:46] [main/DEBUG]: Skipping Lnet/minecraft/world/level/levelgen/structure/structures/OceanMonumentPieces$OceanMonumentDoubleYRoom;
[21:37:46] [main/DEBUG]: Skipping Lnet/minecraft/world/level/levelgen/structure/structures/OceanMonumentPieces$OceanMonumentDoubleXYRoom;
[21:37:46] [main/DEBUG]: Skipping Lnet/minecraft/world/level/levelgen/structure/structures/OceanMonumentPieces$OceanMonumentDoubleXRoom;
[21:37:46] [main/DEBUG]: Skipping Lnet/minecraft/world/level/levelgen/structure/structures/OceanMonumentPieces$OceanMonumentCoreRoom;
[21:37:46] [main/DEBUG]: Skipping Lnet/minecraft/world/level/levelgen/structure/structures/OceanMonumentPieces$MonumentRoomFitter;
[21:37:46] [main/DEBUG]: Skipping Lnet/minecraft/world/level/levelgen/structure/structures/OceanMonumentPieces$MonumentBuilding;
[21:37:46] [main/DEBUG]: Skipping Lnet/minecraft/world/level/levelgen/structure/structures/OceanMonumentPieces$FitSimpleTopRoom;
[21:37:46] [main/DEBUG]: Skipping Lnet/minecraft/world/level/levelgen/structure/structures/OceanMonumentPieces$FitSimpleRoom;
[21:37:46] [main/DEBUG]: Skipping Lnet/minecraft/world/level/levelgen/structure/structures/OceanMonumentPieces$FitDoubleZRoom;
[21:37:46] [main/DEBUG]: Skipping Lnet/minecraft/world/level/levelgen/structure/structures/OceanMonumentPieces$FitDoubleYZRoom;
[21:37:46] [main/DEBUG]: Skipping Lnet/minecraft/world/level/levelgen/structure/structures/OceanMonumentPieces$FitDoubleYRoom;
[21:37:46] [main/DEBUG]: Skipping Lnet/minecraft/world/level/levelgen/structure/structures/OceanMonumentPieces$FitDoubleXYRoom;
[21:37:46] [main/DEBUG]: Skipping Lnet/minecraft/world/level/levelgen/structure/structures/OceanMonumentPieces$FitDoubleXRoom;
[21:37:46] [main/DEBUG]: Skipping Lnet/minecraft/world/level/levelgen/structure/structures/OceanMonumentPieces$1;
[21:37:46] [main/DEBUG]: Skipping Lnet/minecraft/world/level/levelgen/structure/pools/package-info;
[21:37:46] [main/DEBUG]: Skipping Lnet/minecraft/world/level/levelgen/structure/pools/StructureTemplatePool;
[21:37:46] [main/DEBUG]: Skipping Lnet/minecraft/world/level/levelgen/structure/pools/StructureTemplatePool$Projection;
[21:37:46] [main/DEBUG]: Skipping Lnet/minecraft/world/level/levelgen/structure/pools/StructurePoolElementType;
[21:37:46] [main/DEBUG]: Skipping Lnet/minecraft/world/level/levelgen/structure/pools/StructurePoolElement;
[21:37:46] [main/DEBUG]: Skipping Lnet/minecraft/world/level/levelgen/structure/pools/SinglePoolElement;
[21:37:46] [main/DEBUG]: Skipping Lnet/minecraft/world/level/levelgen/structure/pools/ListPoolElement;
[21:37:46] [main/DEBUG]: Skipping Lnet/minecraft/world/level/levelgen/structure/pools/LegacySinglePoolElement;
[21:37:46] [main/DEBUG]: Skipping Lnet/minecraft/world/level/levelgen/structure/pools/JigsawPlacement;
[21:37:46] [main/DEBUG]: Skipping Lnet/minecraft/world/level/levelgen/structure/pools/JigsawPlacement$Placer;
[21:37:46] [main/DEBUG]: Skipping Lnet/minecraft/world/level/levelgen/structure/pools/JigsawPlacement$PieceState;
[21:37:46] [main/DEBUG]: Skipping Lnet/minecraft/world/level/levelgen/structure/pools/JigsawJunction;
[21:37:46] [main/DEBUG]: Skipping Lnet/minecraft/world/level/levelgen/structure/pools/FeaturePoolElement;
[21:37:46] [main/DEBUG]: Skipping Lnet/minecraft/world/level/levelgen/structure/pools/EmptyPoolElement;
[21:37:46] [main/DEBUG]: Skipping Lnet/minecraft/world/level/levelgen/structure/placement/package-info;
[21:37:46] [main/DEBUG]: Skipping Lnet/minecraft/world/level/levelgen/structure/placement/StructurePlacementType;
[21:37:46] [main/DEBUG]: Skipping Lnet/minecraft/world/level/levelgen/structure/placement/StructurePlacement;
[21:37:46] [main/DEBUG]: Skipping Lnet/minecraft/world/level/levelgen/structure/placement/StructurePlacement$FrequencyReductionMethod;
[21:37:46] [main/DEBUG]: Skipping Lnet/minecraft/world/level/levelgen/structure/placement/StructurePlacement$FrequencyReducer;
[21:37:46] [main/DEBUG]: Skipping Lnet/minecraft/world/level/levelgen/structure/placement/StructurePlacement$ExclusionZone;
[21:37:46] [main/DEBUG]: Skipping Lnet/minecraft/world/level/levelgen/structure/placement/RandomSpreadType;
[21:37:46] [main/DEBUG]: Skipping Lnet/minecraft/world/level/levelgen/structure/placement/RandomSpreadType$1;
[21:37:46] [main/DEBUG]: Skipping Lnet/minecraft/world/level/levelgen/structure/placement/RandomSpreadStructurePlacement;
[21:37:46] [main/DEBUG]: Skipping Lnet/minecraft/world/level/levelgen/structure/placement/ConcentricRingsStructurePlacement;
[21:37:46] [main/DEBUG]: Skipping Lnet/minecraft/world/level/levelgen/structure/pieces/package-info;
[21:37:46] [main/DEBUG]: Skipping Lnet/minecraft/world/level/levelgen/structure/pieces/StructurePiecesBuilder;
[21:37:46] [main/DEBUG]: Skipping Lnet/minecraft/world/level/levelgen/structure/pieces/StructurePieceType;
[21:37:46] [main/DEBUG]: Skipping Lnet/minecraft/world/level/levelgen/structure/pieces/StructurePieceType$StructureTemplateType;
[21:37:46] [main/DEBUG]: Skipping Lnet/minecraft/world/level/levelgen/structure/pieces/StructurePieceType$ContextlessType;
[21:37:46] [main/DEBUG]: Skipping Lnet/minecraft/world/level/levelgen/structure/pieces/StructurePieceSerializationContext;
[21:37:46] [main/DEBUG]: Skipping Lnet/minecraft/world/level/levelgen/structure/pieces/PiecesContainer;
[21:37:46] [main/DEBUG]: Skipping Lnet/minecraft/world/level/levelgen/structure/pieces/PieceGeneratorSupplier;
[21:37:46] [main/DEBUG]: Skipping Lnet/minecraft/world/level/levelgen/structure/pieces/PieceGeneratorSupplier$Context;
[21:37:46] [main/DEBUG]: Skipping Lnet/minecraft/world/level/levelgen/structure/pieces/PieceGenerator;
[21:37:46] [main/DEBUG]: Skipping Lnet/minecraft/world/level/levelgen/structure/pieces/PieceGenerator$Context;
[21:37:46] [main/DEBUG]: Skipping Lnet/minecraft/world/level/levelgen/structure/package-info;
[21:37:46] [main/DEBUG]: Skipping Lnet/minecraft/world/level/levelgen/structure/TerrainAdjustment;
[21:37:46] [main/DEBUG]: Skipping Lnet/minecraft/world/level/levelgen/structure/TemplateStructurePiece;
[21:37:46] [main/DEBUG]: Skipping Lnet/minecraft/world/level/levelgen/structure/StructureType;
[21:37:46] [main/DEBUG]: Skipping Lnet/minecraft/world/level/levelgen/structure/StructureSpawnOverride;
[21:37:46] [main/DEBUG]: Skipping Lnet/minecraft/world/level/levelgen/structure/StructureSpawnOverride$BoundingBoxType;
[21:37:46] [main/DEBUG]: Skipping Lnet/minecraft/world/level/levelgen/structure/StructureSet;
[21:37:46] [main/DEBUG]: Skipping Lnet/minecraft/world/level/levelgen/structure/StructureSet$StructureSelectionEntry;
[21:37:46] [main/DEBUG]: Skipping Lnet/minecraft/world/level/levelgen/structure/StructurePieceAccessor;
[21:37:46] [main/DEBUG]: Skipping Lnet/minecraft/world/level/levelgen/structure/StructureFeatureIndexSavedData;
[21:37:46] [main/DEBUG]: Skipping Lnet/minecraft/world/level/levelgen/structure/StructureCheckResult;
[21:37:46] [main/DEBUG]: Skipping Lnet/minecraft/world/level/levelgen/structure/StructureCheck;
[21:37:46] [main/DEBUG]: Skipping Lnet/minecraft/world/level/levelgen/structure/SinglePieceStructure;
[21:37:46] [main/DEBUG]: Skipping Lnet/minecraft/world/level/levelgen/structure/SinglePieceStructure$PieceConstructor;
[21:37:46] [main/DEBUG]: Skipping Lnet/minecraft/world/level/levelgen/structure/ScatteredFeaturePiece;
[21:37:46] [main/DEBUG]: Skipping Lnet/minecraft/world/level/levelgen/structure/PostPlacementProcessor;
[21:37:46] [main/DEBUG]: Skipping Lnet/minecraft/world/level/levelgen/structure/PoolElementStructurePiece;
[21:37:46] [main/DEBUG]: Skipping Lnet/minecraft/world/level/levelgen/structure/LegacyStructureDataHandler;
[21:37:46] [main/DEBUG]: Skipping Lnet/minecraft/world/level/levelgen/structure/BuiltinStructures;
[21:37:46] [main/DEBUG]: Skipping Lnet/minecraft/world/level/levelgen/structure/BuiltinStructureSets;
[21:37:46] [main/DEBUG]: Skipping Lnet/minecraft/world/level/levelgen/structure/BoundingBox;
[21:37:46] [main/DEBUG]: Skipping Lnet/minecraft/world/level/levelgen/structure/BoundingBox$1;
[21:37:46] [main/DEBUG]: Skipping Lnet/minecraft/world/level/levelgen/structure/StructureStart;
[21:37:46] [main/DEBUG]: Skipping Lnet/minecraft/world/level/levelgen/structure/StructurePiece;
[21:37:46] [main/DEBUG]: Skipping Lnet/minecraft/world/level/levelgen/structure/StructurePiece$BlockSelector;
[21:37:46] [main/DEBUG]: Skipping Lnet/minecraft/world/level/levelgen/structure/StructurePiece$1;
[21:37:46] [main/DEBUG]: Skipping Lnet/minecraft/world/level/levelgen/structure/Structure;
[21:37:46] [main/DEBUG]: Skipping Lnet/minecraft/world/level/levelgen/structure/Structure$StructureSettings;
[21:37:46] [main/DEBUG]: Skipping Lnet/minecraft/world/level/levelgen/structure/Structure$GenerationStub;
[21:37:46] [main/DEBUG]: Skipping Lnet/minecraft/world/level/levelgen/structure/Structure$GenerationContext;
[21:37:46] [main/DEBUG]: Skipping Lnet/minecraft/world/level/levelgen/presets/WorldPresets;
[21:37:46] [main/DEBUG]: Skipping Lnet/minecraft/world/level/levelgen/presets/WorldPresets$Bootstrap;
[21:37:46] [main/DEBUG]: Skipping Lnet/minecraft/world/level/levelgen/presets/WorldPreset;
[21:37:46] [main/DEBUG]: Skipping Lnet/minecraft/world/level/levelgen/placement/package-info;
[21:37:46] [main/DEBUG]: Skipping Lnet/minecraft/world/level/levelgen/placement/SurfaceWaterDepthFilter;
[21:37:46] [main/DEBUG]: Skipping Lnet/minecraft/world/level/levelgen/placement/SurfaceRelativeThresholdFilter;
[21:37:46] [main/DEBUG]: Skipping Lnet/minecraft/world/level/levelgen/placement/RepeatingPlacement;
[21:37:46] [main/DEBUG]: Skipping Lnet/minecraft/world/level/levelgen/placement/RarityFilter;
[21:37:46] [main/DEBUG]: Skipping Lnet/minecraft/world/level/levelgen/placement/RandomOffsetPlacement;
[21:37:46] [main/DEBUG]: Skipping Lnet/minecraft/world/level/levelgen/placement/PlacementModifierType;
[21:37:46] [main/DEBUG]: Skipping Lnet/minecraft/world/level/levelgen/placement/PlacementModifier;
[21:37:46] [main/DEBUG]: Skipping Lnet/minecraft/world/level/levelgen/placement/PlacementFilter;
[21:37:46] [main/DEBUG]: Skipping Lnet/minecraft/world/level/levelgen/placement/PlacementContext;
[21:37:46] [main/DEBUG]: Skipping Lnet/minecraft/world/level/levelgen/placement/PlacedFeature;
[21:37:46] [main/DEBUG]: Skipping Lnet/minecraft/world/level/levelgen/placement/PlacedFeature$test;
[21:37:46] [main/DEBUG]: Skipping Lnet/minecraft/world/level/levelgen/placement/NoiseThresholdCountPlacement;
[21:37:46] [main/DEBUG]: Skipping Lnet/minecraft/world/level/levelgen/placement/NoiseBasedCountPlacement;
[21:37:46] [main/DEBUG]: Skipping Lnet/minecraft/world/level/levelgen/placement/InSquarePlacement;
[21:37:46] [main/DEBUG]: Skipping Lnet/minecraft/world/level/levelgen/placement/HeightmapPlacement;
[21:37:46] [main/DEBUG]: Skipping Lnet/minecraft/world/level/levelgen/placement/HeightRangePlacement;
[21:37:46] [main/DEBUG]: Skipping Lnet/minecraft/world/level/levelgen/placement/EnvironmentScanPlacement;
[21:37:46] [main/DEBUG]: Skipping Lnet/minecraft/world/level/levelgen/placement/CountPlacement;
[21:37:46] [main/DEBUG]: Skipping Lnet/minecraft/world/level/levelgen/placement/CountOnEveryLayerPlacement;
[21:37:46] [main/DEBUG]: Skipping Lnet/minecraft/world/level/levelgen/placement/CaveSurface;
[21:37:46] [main/DEBUG]: Skipping Lnet/minecraft/world/level/levelgen/placement/CarvingMaskPlacement;
[21:37:46] [main/DEBUG]: Skipping Lnet/minecraft/world/level/levelgen/placement/BlockPredicateFilter;
[21:37:46] [main/DEBUG]: Skipping Lnet/minecraft/world/level/levelgen/placement/BiomeFilter;
[21:37:46] [main/DEBUG]: Skipping Lnet/minecraft/world/level/levelgen/package-info;
[21:37:46] [main/DEBUG]: Skipping Lnet/minecraft/world/level/levelgen/material/package-info;
[21:37:46] [main/DEBUG]: Skipping Lnet/minecraft/world/level/levelgen/material/WorldGenMaterialRule;
[21:37:46] [main/DEBUG]: Skipping Lnet/minecraft/world/level/levelgen/material/MaterialRuleList;
[21:37:46] [main/DEBUG]: Skipping Lnet/minecraft/world/level/levelgen/heightproviders/package-info;
[21:37:46] [main/DEBUG]: Skipping Lnet/minecraft/world/level/levelgen/heightproviders/WeightedListHeight;
[21:37:46] [main/DEBUG]: Skipping Lnet/minecraft/world/level/levelgen/heightproviders/VeryBiasedToBottomHeight;
[21:37:46] [main/DEBUG]: Skipping Lnet/minecraft/world/level/levelgen/heightproviders/UniformHeight;
[21:37:46] [main/DEBUG]: Skipping Lnet/minecraft/world/level/levelgen/heightproviders/TrapezoidHeight;
[21:37:46] [main/DEBUG]: Skipping Lnet/minecraft/world/level/levelgen/heightproviders/HeightProviderType;
[21:37:46] [main/DEBUG]: Skipping Lnet/minecraft/world/level/levelgen/heightproviders/HeightProvider;
[21:37:46] [main/DEBUG]: Skipping Lnet/minecraft/world/level/levelgen/heightproviders/ConstantHeight;
[21:37:46] [main/DEBUG]: Skipping Lnet/minecraft/world/level/levelgen/heightproviders/BiasedToBottomHeight;
[21:37:46] [main/DEBUG]: Skipping Lnet/minecraft/world/level/levelgen/flat/package-info;
[21:37:46] [main/DEBUG]: Skipping Lnet/minecraft/world/level/levelgen/flat/FlatLevelGeneratorSettings;
[21:37:46] [main/DEBUG]: Skipping Lnet/minecraft/world/level/levelgen/flat/FlatLevelGeneratorPresets;
[21:37:46] [main/DEBUG]: Skipping Lnet/minecraft/world/level/levelgen/flat/FlatLevelGeneratorPresets$Bootstrap;
[21:37:46] [main/DEBUG]: Skipping Lnet/minecraft/world/level/levelgen/flat/FlatLevelGeneratorPreset;
[21:37:46] [main/DEBUG]: Skipping Lnet/minecraft/world/level/levelgen/flat/FlatLayerInfo;
[21:37:46] [main/DEBUG]: Skipping Lnet/minecraft/world/level/levelgen/feature/trunkplacers/package-info;
[21:37:46] [main/DEBUG]: Skipping Lnet/minecraft/world/level/levelgen/feature/trunkplacers/UpwardsBranchingTrunkPlacer;
[21:37:46] [main/DEBUG]: Transforming class Lnet/minecraft/world/level/levelgen/feature/trunkplacers/TrunkPlacerType;
[21:37:46] [main/DEBUG]: Transforming net/minecraft/world/level/levelgen/feature/trunkplacers/TrunkPlacerType METHOD <init>(Lcom/mojang/serialization/Codec;)V to access PUBLIC and LEAVE
[21:37:46] [main/DEBUG]: Skipping Lnet/minecraft/world/level/levelgen/feature/trunkplacers/StraightTrunkPlacer;
[21:37:46] [main/DEBUG]: Skipping Lnet/minecraft/world/level/levelgen/feature/trunkplacers/MegaJungleTrunkPlacer;
[21:37:46] [main/DEBUG]: Skipping Lnet/minecraft/world/level/levelgen/feature/trunkplacers/GiantTrunkPlacer;
[21:37:46] [main/DEBUG]: Skipping Lnet/minecraft/world/level/levelgen/feature/trunkplacers/ForkingTrunkPlacer;
[21:37:46] [main/DEBUG]: Skipping Lnet/minecraft/world/level/levelgen/feature/trunkplacers/FancyTrunkPlacer;
[21:37:46] [main/DEBUG]: Skipping Lnet/minecraft/world/level/levelgen/feature/trunkplacers/FancyTrunkPlacer$FoliageCoords;
[21:37:46] [main/DEBUG]: Skipping Lnet/minecraft/world/level/levelgen/feature/trunkplacers/DarkOakTrunkPlacer;
[21:37:46] [main/DEBUG]: Skipping Lnet/minecraft/world/level/levelgen/feature/trunkplacers/BendingTrunkPlacer;
[21:37:46] [main/DEBUG]: Skipping Lnet/minecraft/world/level/levelgen/feature/trunkplacers/TrunkPlacer;
[21:37:46] [main/DEBUG]: Skipping Lnet/minecraft/world/level/levelgen/feature/treedecorators/package-info;
[21:37:46] [main/DEBUG]: Skipping Lnet/minecraft/world/level/levelgen/feature/treedecorators/TrunkVineDecorator;
[21:37:46] [main/DEBUG]: Transforming class Lnet/minecraft/world/level/levelgen/feature/treedecorators/TreeDecoratorType;
[21:37:46] [main/DEBUG]: Transforming net/minecraft/world/level/levelgen/feature/treedecorators/TreeDecoratorType METHOD <init>(Lcom/mojang/serialization/Codec;)V to access PUBLIC and LEAVE
[21:37:46] [main/DEBUG]: Skipping Lnet/minecraft/world/level/levelgen/feature/treedecorators/TreeDecorator;
[21:37:46] [main/DEBUG]: Skipping Lnet/minecraft/world/level/levelgen/feature/treedecorators/TreeDecorator$Context;
[21:37:46] [main/DEBUG]: Skipping Lnet/minecraft/world/level/levelgen/feature/treedecorators/LeaveVineDecorator;
[21:37:46] [main/DEBUG]: Skipping Lnet/minecraft/world/level/levelgen/feature/treedecorators/CocoaDecorator;
[21:37:46] [main/DEBUG]: Skipping Lnet/minecraft/world/level/levelgen/feature/treedecorators/BeehiveDecorator;
[21:37:46] [main/DEBUG]: Skipping Lnet/minecraft/world/level/levelgen/feature/treedecorators/AttachedToLeavesDecorator;
[21:37:46] [main/DEBUG]: Skipping Lnet/minecraft/world/level/levelgen/feature/treedecorators/AlterGroundDecorator;
[21:37:46] [main/DEBUG]: Skipping Lnet/minecraft/world/level/levelgen/feature/stateproviders/package-info;
[21:37:46] [main/DEBUG]: Skipping Lnet/minecraft/world/level/levelgen/feature/stateproviders/WeightedStateProvider;
[21:37:46] [main/DEBUG]: Skipping Lnet/minecraft/world/level/levelgen/feature/stateproviders/SimpleStateProvider;
[21:37:46] [main/DEBUG]: Skipping Lnet/minecraft/world/level/levelgen/feature/stateproviders/RuleBasedBlockStateProvider;
[21:37:46] [main/DEBUG]: Skipping Lnet/minecraft/world/level/levelgen/feature/stateproviders/RuleBasedBlockStateProvider$Rule;
[21:37:46] [main/DEBUG]: Skipping Lnet/minecraft/world/level/levelgen/feature/stateproviders/RotatedBlockProvider;
[21:37:46] [main/DEBUG]: Skipping Lnet/minecraft/world/level/levelgen/feature/stateproviders/RandomizedIntStateProvider;
[21:37:46] [main/DEBUG]: Skipping Lnet/minecraft/world/level/levelgen/feature/stateproviders/NoiseThresholdProvider;
[21:37:46] [main/DEBUG]: Skipping Lnet/minecraft/world/level/levelgen/feature/stateproviders/NoiseProvider;
[21:37:46] [main/DEBUG]: Skipping Lnet/minecraft/world/level/levelgen/feature/stateproviders/NoiseBasedStateProvider;
[21:37:46] [main/DEBUG]: Skipping Lnet/minecraft/world/level/levelgen/feature/stateproviders/DualNoiseProvider;
[21:37:46] [main/DEBUG]: Transforming class Lnet/minecraft/world/level/levelgen/feature/stateproviders/BlockStateProviderType;
[21:37:46] [main/DEBUG]: Transforming net/minecraft/world/level/levelgen/feature/stateproviders/BlockStateProviderType METHOD <init>(Lcom/mojang/serialization/Codec;)V to access PUBLIC and LEAVE
[21:37:46] [main/DEBUG]: Skipping Lnet/minecraft/world/level/levelgen/feature/stateproviders/BlockStateProvider;
[21:37:46] [main/DEBUG]: Transforming class Lnet/minecraft/world/level/levelgen/feature/rootplacers/RootPlacerType;
[21:37:46] [main/DEBUG]: Transforming net/minecraft/world/level/levelgen/feature/rootplacers/RootPlacerType METHOD <init>(Lcom/mojang/serialization/Codec;)V to access PUBLIC and LEAVE
[21:37:46] [main/DEBUG]: Skipping Lnet/minecraft/world/level/levelgen/feature/rootplacers/RootPlacer;
[21:37:46] [main/DEBUG]: Skipping Lnet/minecraft/world/level/levelgen/feature/rootplacers/MangroveRootPlacer;
[21:37:46] [main/DEBUG]: Skipping Lnet/minecraft/world/level/levelgen/feature/rootplacers/MangroveRootPlacement;
[21:37:46] [main/DEBUG]: Skipping Lnet/minecraft/world/level/levelgen/feature/rootplacers/AboveRootPlacement;
[21:37:46] [main/DEBUG]: Skipping Lnet/minecraft/world/level/levelgen/feature/package-info;
[21:37:46] [main/DEBUG]: Skipping Lnet/minecraft/world/level/levelgen/feature/foliageplacers/package-info;
[21:37:46] [main/DEBUG]: Skipping Lnet/minecraft/world/level/levelgen/feature/foliageplacers/SpruceFoliagePlacer;
[21:37:46] [main/DEBUG]: Skipping Lnet/minecraft/world/level/levelgen/feature/foliageplacers/RandomSpreadFoliagePlacer;
[21:37:46] [main/DEBUG]: Skipping Lnet/minecraft/world/level/levelgen/feature/foliageplacers/PineFoliagePlacer;
[21:37:46] [main/DEBUG]: Skipping Lnet/minecraft/world/level/levelgen/feature/foliageplacers/MegaPineFoliagePlacer;
[21:37:46] [main/DEBUG]: Skipping Lnet/minecraft/world/level/levelgen/feature/foliageplacers/MegaJungleFoliagePlacer;
[21:37:46] [main/DEBUG]: Transforming class Lnet/minecraft/world/level/levelgen/feature/foliageplacers/FoliagePlacerType;
[21:37:46] [main/DEBUG]: Transforming net/minecraft/world/level/levelgen/feature/foliageplacers/FoliagePlacerType METHOD <init>(Lcom/mojang/serialization/Codec;)V to access PUBLIC and LEAVE
[21:37:46] [main/DEBUG]: Skipping Lnet/minecraft/world/level/levelgen/feature/foliageplacers/FoliagePlacer;
[21:37:46] [main/DEBUG]: Skipping Lnet/minecraft/world/level/levelgen/feature/foliageplacers/FoliagePlacer$FoliageAttachment;
[21:37:46] [main/DEBUG]: Skipping Lnet/minecraft/world/level/levelgen/feature/foliageplacers/FancyFoliagePlacer;
[21:37:46] [main/DEBUG]: Skipping Lnet/minecraft/world/level/levelgen/feature/foliageplacers/DarkOakFoliagePlacer;
[21:37:46] [main/DEBUG]: Skipping Lnet/minecraft/world/level/levelgen/feature/foliageplacers/BushFoliagePlacer;
[21:37:46] [main/DEBUG]: Skipping Lnet/minecraft/world/level/levelgen/feature/foliageplacers/BlobFoliagePlacer;
[21:37:46] [main/DEBUG]: Skipping Lnet/minecraft/world/level/levelgen/feature/foliageplacers/AcaciaFoliagePlacer;
[21:37:46] [main/DEBUG]: Skipping Lnet/minecraft/world/level/levelgen/feature/featuresize/package-info;
[21:37:46] [main/DEBUG]: Skipping Lnet/minecraft/world/level/levelgen/feature/featuresize/TwoLayersFeatureSize;
[21:37:46] [main/DEBUG]: Skipping Lnet/minecraft/world/level/levelgen/feature/featuresize/ThreeLayersFeatureSize;
[21:37:46] [main/DEBUG]: Transforming class Lnet/minecraft/world/level/levelgen/feature/featuresize/FeatureSizeType;
[21:37:46] [main/DEBUG]: Transforming net/minecraft/world/level/levelgen/feature/featuresize/FeatureSizeType METHOD <init>(Lcom/mojang/serialization/Codec;)V to access PUBLIC and LEAVE
[21:37:46] [main/DEBUG]: Skipping Lnet/minecraft/world/level/levelgen/feature/featuresize/FeatureSize;
[21:37:46] [main/DEBUG]: Skipping Lnet/minecraft/world/level/levelgen/feature/configurations/package-info;
[21:37:46] [main/DEBUG]: Skipping Lnet/minecraft/world/level/levelgen/feature/configurations/VegetationPatchConfiguration;
[21:37:46] [main/DEBUG]: Skipping Lnet/minecraft/world/level/levelgen/feature/configurations/UnderwaterMagmaConfiguration;
[21:37:46] [main/DEBUG]: Skipping Lnet/minecraft/world/level/levelgen/feature/configurations/TwistingVinesConfig;
[21:37:46] [main/DEBUG]: Skipping Lnet/minecraft/world/level/levelgen/feature/configurations/SpringConfiguration;
[21:37:46] [main/DEBUG]: Skipping Lnet/minecraft/world/level/levelgen/feature/configurations/SpikeConfiguration;
[21:37:46] [main/DEBUG]: Skipping Lnet/minecraft/world/level/levelgen/feature/configurations/SimpleRandomFeatureConfiguration;
[21:37:46] [main/DEBUG]: Skipping Lnet/minecraft/world/level/levelgen/feature/configurations/SimpleBlockConfiguration;
[21:37:46] [main/DEBUG]: Skipping Lnet/minecraft/world/level/levelgen/feature/configurations/SculkPatchConfiguration;
[21:37:46] [main/DEBUG]: Skipping Lnet/minecraft/world/level/levelgen/feature/configurations/RootSystemConfiguration;
[21:37:46] [main/DEBUG]: Skipping Lnet/minecraft/world/level/levelgen/feature/configurations/ReplaceSphereConfiguration;
[21:37:46] [main/DEBUG]: Skipping Lnet/minecraft/world/level/levelgen/feature/configurations/ReplaceBlockConfiguration;
[21:37:46] [main/DEBUG]: Skipping Lnet/minecraft/world/level/levelgen/feature/configurations/RandomPatchConfiguration;
[21:37:46] [main/DEBUG]: Skipping Lnet/minecraft/world/level/levelgen/feature/configurations/RandomFeatureConfiguration;
[21:37:46] [main/DEBUG]: Skipping Lnet/minecraft/world/level/levelgen/feature/configurations/RandomBooleanFeatureConfiguration;
[21:37:46] [main/DEBUG]: Skipping Lnet/minecraft/world/level/levelgen/feature/configurations/ProbabilityFeatureConfiguration;
[21:37:46] [main/DEBUG]: Skipping Lnet/minecraft/world/level/levelgen/feature/configurations/PointedDripstoneConfiguration;
[21:37:46] [main/DEBUG]: Skipping Lnet/minecraft/world/level/levelgen/feature/configurations/OreConfiguration;
[21:37:46] [main/DEBUG]: Skipping Lnet/minecraft/world/level/levelgen/feature/configurations/OreConfiguration$TargetBlockState;
[21:37:46] [main/DEBUG]: Skipping Lnet/minecraft/world/level/levelgen/feature/configurations/NoneFeatureConfiguration;
[21:37:46] [main/DEBUG]: Skipping Lnet/minecraft/world/level/levelgen/feature/configurations/NetherForestVegetationConfig;
[21:37:46] [main/DEBUG]: Skipping Lnet/minecraft/world/level/levelgen/feature/configurations/MultifaceGrowthConfiguration;
[21:37:46] [main/DEBUG]: Skipping Lnet/minecraft/world/level/levelgen/feature/configurations/LayerConfiguration;
[21:37:46] [main/DEBUG]: Skipping Lnet/minecraft/world/level/levelgen/feature/configurations/LargeDripstoneConfiguration;
[21:37:46] [main/DEBUG]: Skipping Lnet/minecraft/world/level/levelgen/feature/configurations/HugeMushroomFeatureConfiguration;
[21:37:46] [main/DEBUG]: Skipping Lnet/minecraft/world/level/levelgen/feature/configurations/GeodeConfiguration;
[21:37:46] [main/DEBUG]: Skipping Lnet/minecraft/world/level/levelgen/feature/configurations/FeatureConfiguration;
[21:37:46] [main/DEBUG]: Skipping Lnet/minecraft/world/level/levelgen/feature/configurations/EndGatewayConfiguration;
[21:37:46] [main/DEBUG]: Skipping Lnet/minecraft/world/level/levelgen/feature/configurations/DripstoneClusterConfiguration;
[21:37:46] [main/DEBUG]: Skipping Lnet/minecraft/world/level/levelgen/feature/configurations/DiskConfiguration;
[21:37:46] [main/DEBUG]: Skipping Lnet/minecraft/world/level/levelgen/feature/configurations/DeltaFeatureConfiguration;
[21:37:46] [main/DEBUG]: Skipping Lnet/minecraft/world/level/levelgen/feature/configurations/CountConfiguration;
[21:37:46] [main/DEBUG]: Skipping Lnet/minecraft/world/level/levelgen/feature/configurations/ColumnFeatureConfiguration;
[21:37:46] [main/DEBUG]: Skipping Lnet/minecraft/world/level/levelgen/feature/configurations/BlockStateConfiguration;
[21:37:46] [main/DEBUG]: Skipping Lnet/minecraft/world/level/levelgen/feature/configurations/BlockPileConfiguration;
[21:37:46] [main/DEBUG]: Skipping Lnet/minecraft/world/level/levelgen/feature/configurations/BlockColumnConfiguration;
[21:37:46] [main/DEBUG]: Skipping Lnet/minecraft/world/level/levelgen/feature/configurations/BlockColumnConfiguration$Layer;
[21:37:46] [main/DEBUG]: Skipping Lnet/minecraft/world/level/levelgen/feature/configurations/TreeConfiguration;
[21:37:46] [main/DEBUG]: Skipping Lnet/minecraft/world/level/levelgen/feature/configurations/TreeConfiguration$TreeConfigurationBuilder;
[21:37:46] [main/DEBUG]: Skipping Lnet/minecraft/world/level/levelgen/feature/WeightedPlacedFeature;
[21:37:46] [main/DEBUG]: Skipping Lnet/minecraft/world/level/levelgen/feature/WeepingVinesFeature;
[21:37:46] [main/DEBUG]: Skipping Lnet/minecraft/world/level/levelgen/feature/WaterloggedVegetationPatchFeature;
[21:37:46] [main/DEBUG]: Skipping Lnet/minecraft/world/level/levelgen/feature/VoidStartPlatformFeature;
[21:37:46] [main/DEBUG]: Skipping Lnet/minecraft/world/level/levelgen/feature/VinesFeature;
[21:37:46] [main/DEBUG]: Skipping Lnet/minecraft/world/level/levelgen/feature/VegetationPatchFeature;
[21:37:46] [main/DEBUG]: Skipping Lnet/minecraft/world/level/levelgen/feature/UnderwaterMagmaFeature;
[21:37:46] [main/DEBUG]: Skipping Lnet/minecraft/world/level/levelgen/feature/TwistingVinesFeature;
[21:37:46] [main/DEBUG]: Skipping Lnet/minecraft/world/level/levelgen/feature/TreeFeature;
[21:37:46] [main/DEBUG]: Skipping Lnet/minecraft/world/level/levelgen/feature/SpringFeature;
[21:37:46] [main/DEBUG]: Skipping Lnet/minecraft/world/level/levelgen/feature/SpikeFeature;
[21:37:46] [main/DEBUG]: Skipping Lnet/minecraft/world/level/levelgen/feature/SpikeFeature$SpikeCacheLoader;
[21:37:46] [main/DEBUG]: Skipping Lnet/minecraft/world/level/levelgen/feature/SpikeFeature$EndSpike;
[21:37:46] [main/DEBUG]: Skipping Lnet/minecraft/world/level/levelgen/feature/SnowAndFreezeFeature;
[21:37:46] [main/DEBUG]: Skipping Lnet/minecraft/world/level/levelgen/feature/SimpleRandomSelectorFeature;
[21:37:46] [main/DEBUG]: Skipping Lnet/minecraft/world/level/levelgen/feature/SimpleBlockFeature;
[21:37:46] [main/DEBUG]: Skipping Lnet/minecraft/world/level/levelgen/feature/SeagrassFeature;
[21:37:46] [main/DEBUG]: Skipping Lnet/minecraft/world/level/levelgen/feature/SeaPickleFeature;
[21:37:46] [main/DEBUG]: Skipping Lnet/minecraft/world/level/levelgen/feature/SculkPatchFeature;
[21:37:46] [main/DEBUG]: Skipping Lnet/minecraft/world/level/levelgen/feature/ScatteredOreFeature;
[21:37:46] [main/DEBUG]: Skipping Lnet/minecraft/world/level/levelgen/feature/RootSystemFeature;
[21:37:46] [main/DEBUG]: Skipping Lnet/minecraft/world/level/levelgen/feature/ReplaceBlockFeature;
[21:37:46] [main/DEBUG]: Skipping Lnet/minecraft/world/level/levelgen/feature/ReplaceBlobsFeature;
[21:37:46] [main/DEBUG]: Skipping Lnet/minecraft/world/level/levelgen/feature/RandomSelectorFeature;
[21:37:46] [main/DEBUG]: Skipping Lnet/minecraft/world/level/levelgen/feature/RandomPatchFeature;
[21:37:46] [main/DEBUG]: Skipping Lnet/minecraft/world/level/levelgen/feature/RandomBooleanSelectorFeature;
[21:37:46] [main/DEBUG]: Skipping Lnet/minecraft/world/level/levelgen/feature/PointedDripstoneFeature;
[21:37:46] [main/DEBUG]: Skipping Lnet/minecraft/world/level/levelgen/feature/OreFeature;
[21:37:46] [main/DEBUG]: Skipping Lnet/minecraft/world/level/levelgen/feature/NoOpFeature;
[21:37:46] [main/DEBUG]: Skipping Lnet/minecraft/world/level/levelgen/feature/NetherForestVegetationFeature;
[21:37:46] [main/DEBUG]: Skipping Lnet/minecraft/world/level/levelgen/feature/MultifaceGrowthFeature;
[21:37:46] [main/DEBUG]: Skipping Lnet/minecraft/world/level/levelgen/feature/LargeDripstoneFeature;
[21:37:46] [main/DEBUG]: Skipping Lnet/minecraft/world/level/levelgen/feature/LargeDripstoneFeature$WindOffsetter;
[21:37:46] [main/DEBUG]: Skipping Lnet/minecraft/world/level/levelgen/feature/LargeDripstoneFeature$LargeDripstone;
[21:37:46] [main/DEBUG]: Skipping Lnet/minecraft/world/level/levelgen/feature/LakeFeature;
[21:37:46] [main/DEBUG]: Skipping Lnet/minecraft/world/level/levelgen/feature/LakeFeature$Configuration;
[21:37:46] [main/DEBUG]: Skipping Lnet/minecraft/world/level/levelgen/feature/KelpFeature;
[21:37:46] [main/DEBUG]: Skipping Lnet/minecraft/world/level/levelgen/feature/IcebergFeature;
[21:37:46] [main/DEBUG]: Skipping Lnet/minecraft/world/level/levelgen/feature/IceSpikeFeature;
[21:37:46] [main/DEBUG]: Skipping Lnet/minecraft/world/level/levelgen/feature/HugeRedMushroomFeature;
[21:37:46] [main/DEBUG]: Skipping Lnet/minecraft/world/level/levelgen/feature/HugeFungusFeature;
[21:37:46] [main/DEBUG]: Skipping Lnet/minecraft/world/level/levelgen/feature/HugeFungusConfiguration;
[21:37:46] [main/DEBUG]: Skipping Lnet/minecraft/world/level/levelgen/feature/HugeBrownMushroomFeature;
[21:37:46] [main/DEBUG]: Skipping Lnet/minecraft/world/level/levelgen/feature/GlowstoneFeature;
[21:37:46] [main/DEBUG]: Skipping Lnet/minecraft/world/level/levelgen/feature/GeodeFeature;
[21:37:46] [main/DEBUG]: Skipping Lnet/minecraft/world/level/levelgen/feature/FossilFeatureConfiguration;
[21:37:46] [main/DEBUG]: Skipping Lnet/minecraft/world/level/levelgen/feature/FossilFeature;
[21:37:46] [main/DEBUG]: Skipping Lnet/minecraft/world/level/levelgen/feature/FillLayerFeature;
[21:37:46] [main/DEBUG]: Skipping Lnet/minecraft/world/level/levelgen/feature/FeaturePlaceContext;
[21:37:46] [main/DEBUG]: Skipping Lnet/minecraft/world/level/levelgen/feature/FeatureCountTracker;
[21:37:46] [main/DEBUG]: Skipping Lnet/minecraft/world/level/levelgen/feature/FeatureCountTracker$LevelData;
[21:37:46] [main/DEBUG]: Skipping Lnet/minecraft/world/level/levelgen/feature/FeatureCountTracker$FeatureData;
[21:37:46] [main/DEBUG]: Skipping Lnet/minecraft/world/level/levelgen/feature/FeatureCountTracker$1;
[21:37:46] [main/DEBUG]: Skipping Lnet/minecraft/world/level/levelgen/feature/EndPodiumFeature;
[21:37:46] [main/DEBUG]: Skipping Lnet/minecraft/world/level/levelgen/feature/EndIslandFeature;
[21:37:46] [main/DEBUG]: Skipping Lnet/minecraft/world/level/levelgen/feature/EndGatewayFeature;
[21:37:46] [main/DEBUG]: Skipping Lnet/minecraft/world/level/levelgen/feature/DripstoneUtils;
[21:37:46] [main/DEBUG]: Skipping Lnet/minecraft/world/level/levelgen/feature/DripstoneClusterFeature;
[21:37:46] [main/DEBUG]: Skipping Lnet/minecraft/world/level/levelgen/feature/DiskFeature;
[21:37:46] [main/DEBUG]: Skipping Lnet/minecraft/world/level/levelgen/feature/DesertWellFeature;
[21:37:46] [main/DEBUG]: Skipping Lnet/minecraft/world/level/levelgen/feature/DeltaFeature;
[21:37:46] [main/DEBUG]: Skipping Lnet/minecraft/world/level/levelgen/feature/CoralTreeFeature;
[21:37:46] [main/DEBUG]: Skipping Lnet/minecraft/world/level/levelgen/feature/CoralMushroomFeature;
[21:37:46] [main/DEBUG]: Skipping Lnet/minecraft/world/level/levelgen/feature/CoralFeature;
[21:37:46] [main/DEBUG]: Skipping Lnet/minecraft/world/level/levelgen/feature/CoralClawFeature;
[21:37:46] [main/DEBUG]: Skipping Lnet/minecraft/world/level/levelgen/feature/ConfiguredFeature;
[21:37:46] [main/DEBUG]: Skipping Lnet/minecraft/world/level/levelgen/feature/ChorusPlantFeature;
[21:37:46] [main/DEBUG]: Skipping Lnet/minecraft/world/level/levelgen/feature/BonusChestFeature;
[21:37:46] [main/DEBUG]: Skipping Lnet/minecraft/world/level/levelgen/feature/BlueIceFeature;
[21:37:46] [main/DEBUG]: Skipping Lnet/minecraft/world/level/levelgen/feature/BlockPileFeature;
[21:37:46] [main/DEBUG]: Skipping Lnet/minecraft/world/level/levelgen/feature/BlockColumnFeature;
[21:37:46] [main/DEBUG]: Skipping Lnet/minecraft/world/level/levelgen/feature/BlockBlobFeature;
[21:37:46] [main/DEBUG]: Skipping Lnet/minecraft/world/level/levelgen/feature/BasaltPillarFeature;
[21:37:46] [main/DEBUG]: Skipping Lnet/minecraft/world/level/levelgen/feature/BasaltColumnsFeature;
[21:37:46] [main/DEBUG]: Skipping Lnet/minecraft/world/level/levelgen/feature/BambooFeature;
[21:37:46] [main/DEBUG]: Skipping Lnet/minecraft/world/level/levelgen/feature/AbstractHugeMushroomFeature;
[21:37:46] [main/DEBUG]: Skipping Lnet/minecraft/world/level/levelgen/feature/MonsterRoomFeature;
[21:37:46] [main/DEBUG]: Skipping Lnet/minecraft/world/level/levelgen/feature/Feature;
[21:37:46] [main/DEBUG]: Skipping Lnet/minecraft/world/level/levelgen/carver/package-info;
[21:37:46] [main/DEBUG]: Skipping Lnet/minecraft/world/level/levelgen/carver/WorldCarver;
[21:37:46] [main/DEBUG]: Skipping Lnet/minecraft/world/level/levelgen/carver/WorldCarver$CarveSkipChecker;
[21:37:46] [main/DEBUG]: Skipping Lnet/minecraft/world/level/levelgen/carver/NetherWorldCarver;
[21:37:46] [main/DEBUG]: Skipping Lnet/minecraft/world/level/levelgen/carver/ConfiguredWorldCarver;
[21:37:46] [main/DEBUG]: Skipping Lnet/minecraft/world/level/levelgen/carver/CaveWorldCarver;
[21:37:46] [main/DEBUG]: Skipping Lnet/minecraft/world/level/levelgen/carver/CaveCarverConfiguration;
[21:37:46] [main/DEBUG]: Skipping Lnet/minecraft/world/level/levelgen/carver/CarvingContext;
[21:37:46] [main/DEBUG]: Skipping Lnet/minecraft/world/level/levelgen/carver/CarverDebugSettings;
[21:37:46] [main/DEBUG]: Skipping Lnet/minecraft/world/level/levelgen/carver/CarverConfiguration;
[21:37:46] [main/DEBUG]: Skipping Lnet/minecraft/world/level/levelgen/carver/CanyonWorldCarver;
[21:37:46] [main/DEBUG]: Skipping Lnet/minecraft/world/level/levelgen/carver/CanyonCarverConfiguration;
[21:37:46] [main/DEBUG]: Skipping Lnet/minecraft/world/level/levelgen/carver/CanyonCarverConfiguration$CanyonShapeConfiguration;
[21:37:46] [main/DEBUG]: Skipping Lnet/minecraft/world/level/levelgen/blockpredicates/package-info;
[21:37:46] [main/DEBUG]: Skipping Lnet/minecraft/world/level/levelgen/blockpredicates/WouldSurvivePredicate;
[21:37:46] [main/DEBUG]: Skipping Lnet/minecraft/world/level/levelgen/blockpredicates/TrueBlockPredicate;
[21:37:46] [main/DEBUG]: Skipping Lnet/minecraft/world/level/levelgen/blockpredicates/StateTestingPredicate;
[21:37:46] [main/DEBUG]: Skipping Lnet/minecraft/world/level/levelgen/blockpredicates/SolidPredicate;
[21:37:46] [main/DEBUG]: Skipping Lnet/minecraft/world/level/levelgen/blockpredicates/ReplaceablePredicate;
[21:37:46] [main/DEBUG]: Skipping Lnet/minecraft/world/level/levelgen/blockpredicates/NotPredicate;
[21:37:46] [main/DEBUG]: Skipping Lnet/minecraft/world/level/levelgen/blockpredicates/MatchingFluidsPredicate;
[21:37:46] [main/DEBUG]: Skipping Lnet/minecraft/world/level/levelgen/blockpredicates/MatchingBlocksPredicate;
[21:37:46] [main/DEBUG]: Skipping Lnet/minecraft/world/level/levelgen/blockpredicates/MatchingBlockTagPredicate;
[21:37:46] [main/DEBUG]: Skipping Lnet/minecraft/world/level/levelgen/blockpredicates/InsideWorldBoundsPredicate;
[21:37:46] [main/DEBUG]: Skipping Lnet/minecraft/world/level/levelgen/blockpredicates/HasSturdyFacePredicate;
[21:37:46] [main/DEBUG]: Skipping Lnet/minecraft/world/level/levelgen/blockpredicates/CombiningPredicate;
[21:37:46] [main/DEBUG]: Skipping Lnet/minecraft/world/level/levelgen/blockpredicates/BlockPredicateType;
[21:37:46] [main/DEBUG]: Skipping Lnet/minecraft/world/level/levelgen/blockpredicates/BlockPredicate;
[21:37:46] [main/DEBUG]: Skipping Lnet/minecraft/world/level/levelgen/blockpredicates/AnyOfPredicate;
[21:37:46] [main/DEBUG]: Skipping Lnet/minecraft/world/level/levelgen/blockpredicates/AllOfPredicate;
[21:37:46] [main/DEBUG]: Skipping Lnet/minecraft/world/level/levelgen/blending/package-info;
[21:37:46] [main/DEBUG]: Skipping Lnet/minecraft/world/level/levelgen/blending/BlendingData;
[21:37:46] [main/DEBUG]: Skipping Lnet/minecraft/world/level/levelgen/blending/BlendingData$HeightConsumer;
[21:37:46] [main/DEBUG]: Skipping Lnet/minecraft/world/level/levelgen/blending/BlendingData$DensityConsumer;
[21:37:46] [main/DEBUG]: Skipping Lnet/minecraft/world/level/levelgen/blending/BlendingData$BiomeConsumer;
[21:37:46] [main/DEBUG]: Skipping Lnet/minecraft/world/level/levelgen/blending/Blender;
[21:37:46] [main/DEBUG]: Skipping Lnet/minecraft/world/level/levelgen/blending/Blender$DistanceGetter;
[21:37:46] [main/DEBUG]: Skipping Lnet/minecraft/world/level/levelgen/blending/Blender$CellValueGetter;
[21:37:46] [main/DEBUG]: Skipping Lnet/minecraft/world/level/levelgen/blending/Blender$BlendingOutput;
[21:37:46] [main/DEBUG]: Skipping Lnet/minecraft/world/level/levelgen/blending/Blender$1;
[21:37:46] [main/DEBUG]: Skipping Lnet/minecraft/world/level/levelgen/XoroshiroRandomSource;
[21:37:46] [main/DEBUG]: Skipping Lnet/minecraft/world/level/levelgen/XoroshiroRandomSource$XoroshiroPositionalRandomFactory;
[21:37:46] [main/DEBUG]: Skipping Lnet/minecraft/world/level/levelgen/Xoroshiro128PlusPlus;
[21:37:46] [main/DEBUG]: Skipping Lnet/minecraft/world/level/levelgen/WorldgenRandom;
[21:37:46] [main/DEBUG]: Skipping Lnet/minecraft/world/level/levelgen/WorldgenRandom$Algorithm;
[21:37:46] [main/DEBUG]: Skipping Lnet/minecraft/world/level/levelgen/WorldGenerationContext;
[21:37:46] [main/DEBUG]: Transforming class Lnet/minecraft/world/level/levelgen/WorldGenSettings;
[21:37:46] [main/DEBUG]: Transforming net/minecraft/world/level/levelgen/WorldGenSettings FIELD f_64606_ to access PUBLIC and LEAVE
[21:37:46] [main/DEBUG]: Transforming net/minecraft/world/level/levelgen/WorldGenSettings METHOD <init>(JZZLnet/minecraft/core/Registry;Ljava/util/Optional;)V to access PUBLIC and LEAVE
[21:37:46] [main/DEBUG]: Skipping Lnet/minecraft/world/level/levelgen/VerticalAnchor;
[21:37:46] [main/DEBUG]: Skipping Lnet/minecraft/world/level/levelgen/VerticalAnchor$BelowTop;
[21:37:46] [main/DEBUG]: Skipping Lnet/minecraft/world/level/levelgen/VerticalAnchor$Absolute;
[21:37:46] [main/DEBUG]: Skipping Lnet/minecraft/world/level/levelgen/VerticalAnchor$AboveBottom;
[21:37:46] [main/DEBUG]: Skipping Lnet/minecraft/world/level/levelgen/ThreadSafeLegacyRandomSource;
[21:37:46] [main/DEBUG]: Skipping Lnet/minecraft/world/level/levelgen/SurfaceSystem;
[21:37:46] [main/DEBUG]: Skipping Lnet/minecraft/world/level/levelgen/SurfaceSystem$1;
[21:37:46] [main/DEBUG]: Skipping Lnet/minecraft/world/level/levelgen/SurfaceRules;
[21:37:46] [main/DEBUG]: Skipping Lnet/minecraft/world/level/levelgen/SurfaceRules$YConditionSource;
[21:37:46] [main/DEBUG]: Skipping Lnet/minecraft/world/level/levelgen/SurfaceRules$YConditionSource$1YCondition;
[21:37:46] [main/DEBUG]: Skipping Lnet/minecraft/world/level/levelgen/SurfaceRules$WaterConditionSource;
[21:37:46] [main/DEBUG]: Skipping Lnet/minecraft/world/level/levelgen/SurfaceRules$WaterConditionSource$1WaterCondition;
[21:37:46] [main/DEBUG]: Skipping Lnet/minecraft/world/level/levelgen/SurfaceRules$VerticalGradientConditionSource;
[21:37:46] [main/DEBUG]: Skipping Lnet/minecraft/world/level/levelgen/SurfaceRules$VerticalGradientConditionSource$1VerticalGradientCondition;
[21:37:46] [main/DEBUG]: Skipping Lnet/minecraft/world/level/levelgen/SurfaceRules$TestRuleSource;
[21:37:46] [main/DEBUG]: Skipping Lnet/minecraft/world/level/levelgen/SurfaceRules$TestRule;
[21:37:46] [main/DEBUG]: Skipping Lnet/minecraft/world/level/levelgen/SurfaceRules$Temperature;
[21:37:46] [main/DEBUG]: Skipping Lnet/minecraft/world/level/levelgen/SurfaceRules$SurfaceRule;
[21:37:46] [main/DEBUG]: Skipping Lnet/minecraft/world/level/levelgen/SurfaceRules$StoneDepthCheck;
[21:37:46] [main/DEBUG]: Skipping Lnet/minecraft/world/level/levelgen/SurfaceRules$StoneDepthCheck$1StoneDepthCondition;
[21:37:46] [main/DEBUG]: Skipping Lnet/minecraft/world/level/levelgen/SurfaceRules$Steep;
[21:37:46] [main/DEBUG]: Skipping Lnet/minecraft/world/level/levelgen/SurfaceRules$StateRule;
[21:37:46] [main/DEBUG]: Skipping Lnet/minecraft/world/level/levelgen/SurfaceRules$SequenceRuleSource;
[21:37:46] [main/DEBUG]: Skipping Lnet/minecraft/world/level/levelgen/SurfaceRules$SequenceRule;
[21:37:46] [main/DEBUG]: Skipping Lnet/minecraft/world/level/levelgen/SurfaceRules$RuleSource;
[21:37:46] [main/DEBUG]: Skipping Lnet/minecraft/world/level/levelgen/SurfaceRules$NotConditionSource;
[21:37:46] [main/DEBUG]: Skipping Lnet/minecraft/world/level/levelgen/SurfaceRules$NotCondition;
[21:37:46] [main/DEBUG]: Skipping Lnet/minecraft/world/level/levelgen/SurfaceRules$NoiseThresholdConditionSource;
[21:37:46] [main/DEBUG]: Skipping Lnet/minecraft/world/level/levelgen/SurfaceRules$NoiseThresholdConditionSource$1NoiseThresholdCondition;
[21:37:46] [main/DEBUG]: Skipping Lnet/minecraft/world/level/levelgen/SurfaceRules$LazyYCondition;
[21:37:46] [main/DEBUG]: Skipping Lnet/minecraft/world/level/levelgen/SurfaceRules$LazyXZCondition;
[21:37:46] [main/DEBUG]: Skipping Lnet/minecraft/world/level/levelgen/SurfaceRules$LazyCondition;
[21:37:46] [main/DEBUG]: Skipping Lnet/minecraft/world/level/levelgen/SurfaceRules$Hole;
[21:37:46] [main/DEBUG]: Skipping Lnet/minecraft/world/level/levelgen/SurfaceRules$Context;
[21:37:46] [main/DEBUG]: Skipping Lnet/minecraft/world/level/levelgen/SurfaceRules$Context$TemperatureHelperCondition;
[21:37:46] [main/DEBUG]: Skipping Lnet/minecraft/world/level/levelgen/SurfaceRules$Context$SteepMaterialCondition;
[21:37:46] [main/DEBUG]: Skipping Lnet/minecraft/world/level/levelgen/SurfaceRules$Context$HoleCondition;
[21:37:46] [main/DEBUG]: Skipping Lnet/minecraft/world/level/levelgen/SurfaceRules$Context$AbovePreliminarySurfaceCondition;
[21:37:46] [main/DEBUG]: Skipping Lnet/minecraft/world/level/levelgen/SurfaceRules$ConditionSource;
[21:37:46] [main/DEBUG]: Skipping Lnet/minecraft/world/level/levelgen/SurfaceRules$Condition;
[21:37:46] [main/DEBUG]: Skipping Lnet/minecraft/world/level/levelgen/SurfaceRules$BlockRuleSource;
[21:37:46] [main/DEBUG]: Skipping Lnet/minecraft/world/level/levelgen/SurfaceRules$BiomeConditionSource;
[21:37:46] [main/DEBUG]: Skipping Lnet/minecraft/world/level/levelgen/SurfaceRules$BiomeConditionSource$1BiomeCondition;
[21:37:46] [main/DEBUG]: Skipping Lnet/minecraft/world/level/levelgen/SurfaceRules$Bandlands;
[21:37:46] [main/DEBUG]: Skipping Lnet/minecraft/world/level/levelgen/SurfaceRules$AbovePreliminarySurface;
[21:37:46] [main/DEBUG]: Skipping Lnet/minecraft/world/level/levelgen/SingleThreadedRandomSource;
[21:37:46] [main/DEBUG]: Skipping Lnet/minecraft/world/level/levelgen/RandomSupport;
[21:37:46] [main/DEBUG]: Skipping Lnet/minecraft/world/level/levelgen/RandomSupport$Seed128bit;
[21:37:46] [main/DEBUG]: Skipping Lnet/minecraft/world/level/levelgen/RandomState;
[21:37:46] [main/DEBUG]: Skipping Lnet/minecraft/world/level/levelgen/RandomState$1NoiseWiringHelper;
[21:37:46] [main/DEBUG]: Skipping Lnet/minecraft/world/level/levelgen/PositionalRandomFactory;
[21:37:46] [main/DEBUG]: Skipping Lnet/minecraft/world/level/levelgen/OreVeinifier;
[21:37:46] [main/DEBUG]: Skipping Lnet/minecraft/world/level/levelgen/OreVeinifier$VeinType;
[21:37:46] [main/DEBUG]: Skipping Lnet/minecraft/world/level/levelgen/Noises;
[21:37:46] [main/DEBUG]: Skipping Lnet/minecraft/world/level/levelgen/NoiseSettings;
[21:37:46] [main/DEBUG]: Skipping Lnet/minecraft/world/level/levelgen/NoiseRouterData;
[21:37:46] [main/DEBUG]: Skipping Lnet/minecraft/world/level/levelgen/NoiseRouterData$QuantizedSpaghettiRarity;
[21:37:46] [main/DEBUG]: Skipping Lnet/minecraft/world/level/levelgen/NoiseRouter;
[21:37:46] [main/DEBUG]: Transforming class Lnet/minecraft/world/level/levelgen/NoiseGeneratorSettings;
[21:37:46] [main/DEBUG]: Transforming net/minecraft/world/level/levelgen/NoiseGeneratorSettings METHOD m_224385_(Lnet/minecraft/core/Registry;Lnet/minecraft/resources/ResourceKey;Lnet/minecraft/world/level/levelgen/NoiseGeneratorSettings;)Lnet/minecraft/core/Holder; to access PUBLIC and LEAVE
[21:37:46] [main/DEBUG]: Transforming net/minecraft/world/level/levelgen/NoiseGeneratorSettings METHOD m_198268_()Lnet/minecraft/world/level/levelgen/NoiseGeneratorSettings; to access PUBLIC and LEAVE
[21:37:46] [main/DEBUG]: Transforming net/minecraft/world/level/levelgen/NoiseGeneratorSettings METHOD m_198269_()Lnet/minecraft/world/level/levelgen/NoiseGeneratorSettings; to access PUBLIC and LEAVE
[21:37:46] [main/DEBUG]: Transforming net/minecraft/world/level/levelgen/NoiseGeneratorSettings METHOD m_198265_(ZZ)Lnet/minecraft/world/level/levelgen/NoiseGeneratorSettings; to access PUBLIC and LEAVE
[21:37:46] [main/DEBUG]: Transforming net/minecraft/world/level/levelgen/NoiseGeneratorSettings METHOD m_198270_()Lnet/minecraft/world/level/levelgen/NoiseGeneratorSettings; to access PUBLIC and LEAVE
[21:37:46] [main/DEBUG]: Transforming net/minecraft/world/level/levelgen/NoiseGeneratorSettings METHOD m_198271_()Lnet/minecraft/world/level/levelgen/NoiseGeneratorSettings; to access PUBLIC and LEAVE
[21:37:46] [main/DEBUG]: Transforming net/minecraft/world/level/levelgen/NoiseGeneratorSettings METHOD m_64474_(Lcom/mojang/serialization/codecs/RecordCodecBuilder$Instance;)Lcom/mojang/datafixers/kinds/App; to access PUBLIC and LEAVE
[21:37:46] [main/DEBUG]: Skipping Lnet/minecraft/world/level/levelgen/NoiseChunk;
[21:37:46] [main/DEBUG]: Skipping Lnet/minecraft/world/level/levelgen/NoiseChunk$NoiseInterpolator;
[21:37:46] [main/DEBUG]: Skipping Lnet/minecraft/world/level/levelgen/NoiseChunk$NoiseChunkDensityFunction;
[21:37:46] [main/DEBUG]: Skipping Lnet/minecraft/world/level/levelgen/NoiseChunk$FlatCache;
[21:37:46] [main/DEBUG]: Skipping Lnet/minecraft/world/level/levelgen/NoiseChunk$CacheOnce;
[21:37:46] [main/DEBUG]: Skipping Lnet/minecraft/world/level/levelgen/NoiseChunk$CacheAllInCell;
[21:37:46] [main/DEBUG]: Skipping Lnet/minecraft/world/level/levelgen/NoiseChunk$Cache2D;
[21:37:46] [main/DEBUG]: Skipping Lnet/minecraft/world/level/levelgen/NoiseChunk$BlockStateFiller;
[21:37:46] [main/DEBUG]: Skipping Lnet/minecraft/world/level/levelgen/NoiseChunk$BlendOffset;
[21:37:46] [main/DEBUG]: Skipping Lnet/minecraft/world/level/levelgen/NoiseChunk$BlendAlpha;
[21:37:46] [main/DEBUG]: Skipping Lnet/minecraft/world/level/levelgen/NoiseChunk$2;
[21:37:46] [main/DEBUG]: Skipping Lnet/minecraft/world/level/levelgen/NoiseChunk$1;
[21:37:46] [main/DEBUG]: Transforming class Lnet/minecraft/world/level/levelgen/NoiseBasedChunkGenerator;
[21:37:46] [main/DEBUG]: Transforming net/minecraft/world/level/levelgen/NoiseBasedChunkGenerator CLASS to access PUBLIC and REMOVEFINAL
[21:37:46] [main/DEBUG]: Transforming net/minecraft/world/level/levelgen/NoiseBasedChunkGenerator METHOD m_224239_(Lnet/minecraft/world/level/LevelHeightAccessor;Lnet/minecraft/world/level/levelgen/RandomState;IILorg/apache/commons/lang3/mutable/MutableObject;Ljava/util/function/Predicate;)Ljava/util/OptionalInt; to access PROTECTED and LEAVE
[21:37:46] [main/DEBUG]: Skipping Lnet/minecraft/world/level/levelgen/MarsagliaPolarGaussian;
[21:37:46] [main/DEBUG]: Skipping Lnet/minecraft/world/level/levelgen/LegacyRandomSource;
[21:37:46] [main/DEBUG]: Skipping Lnet/minecraft/world/level/levelgen/LegacyRandomSource$LegacyPositionalRandomFactory;
[21:37:46] [main/DEBUG]: Skipping Lnet/minecraft/world/level/levelgen/Heightmap;
[21:37:46] [main/DEBUG]: Skipping Lnet/minecraft/world/level/levelgen/Heightmap$Usage;
[21:37:46] [main/DEBUG]: Skipping Lnet/minecraft/world/level/levelgen/Heightmap$Types;
[21:37:46] [main/DEBUG]: Skipping Lnet/minecraft/world/level/levelgen/GeodeLayerSettings;
[21:37:46] [main/DEBUG]: Skipping Lnet/minecraft/world/level/levelgen/GeodeCrackSettings;
[21:37:46] [main/DEBUG]: Skipping Lnet/minecraft/world/level/levelgen/GeodeBlockSettings;
[21:37:46] [main/DEBUG]: Skipping Lnet/minecraft/world/level/levelgen/GenerationStep;
[21:37:46] [main/DEBUG]: Skipping Lnet/minecraft/world/level/levelgen/GenerationStep$Decoration;
[21:37:46] [main/DEBUG]: Skipping Lnet/minecraft/world/level/levelgen/GenerationStep$Carving;
[21:37:46] [main/DEBUG]: Skipping Lnet/minecraft/world/level/levelgen/FlatLevelSource;
[21:37:46] [main/DEBUG]: Skipping Lnet/minecraft/world/level/levelgen/DensityFunctions;
[21:37:46] [main/DEBUG]: Skipping Lnet/minecraft/world/level/levelgen/DensityFunctions$YClampedGradient;
[21:37:46] [main/DEBUG]: Skipping Lnet/minecraft/world/level/levelgen/DensityFunctions$WeirdScaledSampler;
[21:37:46] [main/DEBUG]: Skipping Lnet/minecraft/world/level/levelgen/DensityFunctions$WeirdScaledSampler$RarityValueMapper;
[21:37:46] [main/DEBUG]: Skipping Lnet/minecraft/world/level/levelgen/DensityFunctions$TwoArgumentSimpleFunction;
[21:37:46] [main/DEBUG]: Skipping Lnet/minecraft/world/level/levelgen/DensityFunctions$TwoArgumentSimpleFunction$Type;
[21:37:46] [main/DEBUG]: Skipping Lnet/minecraft/world/level/levelgen/DensityFunctions$TransformerWithContext;
[21:37:46] [main/DEBUG]: Skipping Lnet/minecraft/world/level/levelgen/DensityFunctions$Spline;
[21:37:46] [main/DEBUG]: Skipping Lnet/minecraft/world/level/levelgen/DensityFunctions$Spline$Point;
[21:37:46] [main/DEBUG]: Skipping Lnet/minecraft/world/level/levelgen/DensityFunctions$Spline$Coordinate;
[21:37:46] [main/DEBUG]: Skipping Lnet/minecraft/world/level/levelgen/DensityFunctions$ShiftedNoise;
[21:37:46] [main/DEBUG]: Skipping Lnet/minecraft/world/level/levelgen/DensityFunctions$ShiftNoise;
[21:37:46] [main/DEBUG]: Skipping Lnet/minecraft/world/level/levelgen/DensityFunctions$ShiftB;
[21:37:46] [main/DEBUG]: Skipping Lnet/minecraft/world/level/levelgen/DensityFunctions$ShiftA;
[21:37:46] [main/DEBUG]: Skipping Lnet/minecraft/world/level/levelgen/DensityFunctions$Shift;
[21:37:46] [main/DEBUG]: Skipping Lnet/minecraft/world/level/levelgen/DensityFunctions$RangeChoice;
[21:37:46] [main/DEBUG]: Skipping Lnet/minecraft/world/level/levelgen/DensityFunctions$PureTransformer;
[21:37:46] [main/DEBUG]: Skipping Lnet/minecraft/world/level/levelgen/DensityFunctions$Noise;
[21:37:46] [main/DEBUG]: Skipping Lnet/minecraft/world/level/levelgen/DensityFunctions$MulOrAdd;
[21:37:46] [main/DEBUG]: Skipping Lnet/minecraft/world/level/levelgen/DensityFunctions$MulOrAdd$Type;
[21:37:46] [main/DEBUG]: Skipping Lnet/minecraft/world/level/levelgen/DensityFunctions$MarkerOrMarked;
[21:37:46] [main/DEBUG]: Skipping Lnet/minecraft/world/level/levelgen/DensityFunctions$Marker;
[21:37:46] [main/DEBUG]: Skipping Lnet/minecraft/world/level/levelgen/DensityFunctions$Marker$Type;
[21:37:46] [main/DEBUG]: Skipping Lnet/minecraft/world/level/levelgen/DensityFunctions$Mapped;
[21:37:46] [main/DEBUG]: Skipping Lnet/minecraft/world/level/levelgen/DensityFunctions$Mapped$Type;
[21:37:46] [main/DEBUG]: Skipping Lnet/minecraft/world/level/levelgen/DensityFunctions$HolderHolder;
[21:37:46] [main/DEBUG]: Skipping Lnet/minecraft/world/level/levelgen/DensityFunctions$EndIslandDensityFunction;
[21:37:46] [main/DEBUG]: Skipping Lnet/minecraft/world/level/levelgen/DensityFunctions$Constant;
[21:37:46] [main/DEBUG]: Skipping Lnet/minecraft/world/level/levelgen/DensityFunctions$Clamp;
[21:37:46] [main/DEBUG]: Skipping Lnet/minecraft/world/level/levelgen/DensityFunctions$BlendOffset;
[21:37:46] [main/DEBUG]: Skipping Lnet/minecraft/world/level/levelgen/DensityFunctions$BlendDensity;
[21:37:46] [main/DEBUG]: Skipping Lnet/minecraft/world/level/levelgen/DensityFunctions$BlendAlpha;
[21:37:46] [main/DEBUG]: Skipping Lnet/minecraft/world/level/levelgen/DensityFunctions$BeardifierOrMarker;
[21:37:46] [main/DEBUG]: Skipping Lnet/minecraft/world/level/levelgen/DensityFunctions$BeardifierMarker;
[21:37:46] [main/DEBUG]: Skipping Lnet/minecraft/world/level/levelgen/DensityFunctions$Ap2;
[21:37:46] [main/DEBUG]: Skipping Lnet/minecraft/world/level/levelgen/DensityFunctions$1;
[21:37:46] [main/DEBUG]: Skipping Lnet/minecraft/world/level/levelgen/DensityFunction;
[21:37:46] [main/DEBUG]: Skipping Lnet/minecraft/world/level/levelgen/DensityFunction$Visitor;
[21:37:46] [main/DEBUG]: Skipping Lnet/minecraft/world/level/levelgen/DensityFunction$SinglePointContext;
[21:37:46] [main/DEBUG]: Skipping Lnet/minecraft/world/level/levelgen/DensityFunction$SimpleFunction;
[21:37:46] [main/DEBUG]: Skipping Lnet/minecraft/world/level/levelgen/DensityFunction$NoiseHolder;
[21:37:46] [main/DEBUG]: Skipping Lnet/minecraft/world/level/levelgen/DensityFunction$FunctionContext;
[21:37:46] [main/DEBUG]: Skipping Lnet/minecraft/world/level/levelgen/DensityFunction$ContextProvider;
[21:37:46] [main/DEBUG]: Skipping Lnet/minecraft/world/level/levelgen/Density;
[21:37:46] [main/DEBUG]: Skipping Lnet/minecraft/world/level/levelgen/Column;
[21:37:46] [main/DEBUG]: Skipping Lnet/minecraft/world/level/levelgen/Column$Ray;
[21:37:46] [main/DEBUG]: Skipping Lnet/minecraft/world/level/levelgen/Column$Range;
[21:37:46] [main/DEBUG]: Skipping Lnet/minecraft/world/level/levelgen/Column$Line;
[21:37:46] [main/DEBUG]: Skipping Lnet/minecraft/world/level/levelgen/BitRandomSource;
[21:37:46] [main/DEBUG]: Skipping Lnet/minecraft/world/level/levelgen/BelowZeroRetrogen;
[21:37:46] [main/DEBUG]: Skipping Lnet/minecraft/world/level/levelgen/BelowZeroRetrogen$1;
[21:37:46] [main/DEBUG]: Skipping Lnet/minecraft/world/level/levelgen/Aquifer;
[21:37:46] [main/DEBUG]: Transforming class Lnet/minecraft/world/level/levelgen/Aquifer$NoiseBasedAquifer;
[21:37:46] [main/DEBUG]: Transforming net/minecraft/world/level/levelgen/Aquifer$NoiseBasedAquifer FIELD f_157994_ to access PROTECTED and LEAVE
[21:37:46] [main/DEBUG]: Transforming net/minecraft/world/level/levelgen/Aquifer$NoiseBasedAquifer FIELD f_157996_ to access PROTECTED and LEAVE
[21:37:46] [main/DEBUG]: Transforming net/minecraft/world/level/levelgen/Aquifer$NoiseBasedAquifer FIELD f_157998_ to access PROTECTED and LEAVE
[21:37:46] [main/DEBUG]: Transforming net/minecraft/world/level/levelgen/Aquifer$NoiseBasedAquifer FIELD f_157999_ to access PROTECTED and LEAVE
[21:37:46] [main/DEBUG]: Transforming net/minecraft/world/level/levelgen/Aquifer$NoiseBasedAquifer FIELD f_158000_ to access PROTECTED and LEAVE
[21:37:46] [main/DEBUG]: Transforming net/minecraft/world/level/levelgen/Aquifer$NoiseBasedAquifer FIELD f_158002_ to access PROTECTED and LEAVE
[21:37:46] [main/DEBUG]: Transforming net/minecraft/world/level/levelgen/Aquifer$NoiseBasedAquifer FIELD f_158003_ to access PROTECTED and LEAVE
[21:37:46] [main/DEBUG]: Transforming net/minecraft/world/level/levelgen/Aquifer$NoiseBasedAquifer FIELD f_158004_ to access PROTECTED and LEAVE
[21:37:46] [main/DEBUG]: Transforming net/minecraft/world/level/levelgen/Aquifer$NoiseBasedAquifer FIELD f_158005_ to access PROTECTED and LEAVE
[21:37:46] [main/DEBUG]: Transforming net/minecraft/world/level/levelgen/Aquifer$NoiseBasedAquifer FIELD f_158006_ to access PROTECTED and LEAVE
[21:37:46] [main/DEBUG]: Transforming net/minecraft/world/level/levelgen/Aquifer$NoiseBasedAquifer METHOD m_158027_(III)I to access PROTECTED and LEAVE
[21:37:46] [main/DEBUG]: Transforming net/minecraft/world/level/levelgen/Aquifer$NoiseBasedAquifer METHOD m_158024_(II)D to access PROTECTED and LEAVE
[21:37:46] [main/DEBUG]: Transforming net/minecraft/world/level/levelgen/Aquifer$NoiseBasedAquifer METHOD m_158039_(I)I to access PROTECTED and LEAVE
[21:37:46] [main/DEBUG]: Transforming net/minecraft/world/level/levelgen/Aquifer$NoiseBasedAquifer METHOD m_158045_(I)I to access PROTECTED and LEAVE
[21:37:46] [main/DEBUG]: Transforming net/minecraft/world/level/levelgen/Aquifer$NoiseBasedAquifer METHOD m_158047_(I)I to access PROTECTED and LEAVE
[21:37:46] [main/DEBUG]: Skipping Lnet/minecraft/world/level/levelgen/Aquifer$FluidStatus;
[21:37:46] [main/DEBUG]: Skipping Lnet/minecraft/world/level/levelgen/Aquifer$FluidPicker;
[21:37:46] [main/DEBUG]: Skipping Lnet/minecraft/world/level/levelgen/Aquifer$1;
[21:37:46] [main/DEBUG]: Skipping Lnet/minecraft/world/level/levelgen/PhantomSpawner;
[21:37:46] [main/DEBUG]: Skipping Lnet/minecraft/world/level/levelgen/PatrolSpawner;
[21:37:46] [main/DEBUG]: Transforming class Lnet/minecraft/world/level/levelgen/DebugLevelSource;
[21:37:46] [main/DEBUG]: Transforming net/minecraft/world/level/levelgen/DebugLevelSource FIELD f_64114_ to access PRIVATE and REMOVEFINAL
[21:37:46] [main/DEBUG]: Transforming net/minecraft/world/level/levelgen/DebugLevelSource FIELD f_64115_ to access PRIVATE and REMOVEFINAL
[21:37:46] [main/DEBUG]: Transforming net/minecraft/world/level/levelgen/DebugLevelSource FIELD f_64116_ to access PRIVATE and REMOVEFINAL
[21:37:46] [main/DEBUG]: Transforming class Lnet/minecraft/world/level/levelgen/Beardifier;
[21:37:46] [main/DEBUG]: Transforming net/minecraft/world/level/levelgen/Beardifier FIELD f_158065_ to access PROTECTED and LEAVE
[21:37:46] [main/DEBUG]: Transforming net/minecraft/world/level/levelgen/Beardifier FIELD f_158066_ to access PROTECTED and LEAVE
[21:37:46] [main/DEBUG]: Transforming net/minecraft/world/level/levelgen/Beardifier METHOD m_158083_(III)D to access PROTECTED and LEAVE
[21:37:46] [main/DEBUG]: Transforming net/minecraft/world/level/levelgen/Beardifier METHOD m_223925_(IIII)D to access PROTECTED and LEAVE
[21:37:46] [main/DEBUG]: Skipping Lnet/minecraft/world/level/levelgen/Beardifier$Rigid;
[21:37:46] [main/DEBUG]: Skipping Lnet/minecraft/world/level/levelgen/Beardifier$1;
[21:37:46] [main/DEBUG]: Skipping Lnet/minecraft/world/level/gameevent/vibrations/package-info;
[21:37:46] [main/DEBUG]: Skipping Lnet/minecraft/world/level/gameevent/vibrations/VibrationListener;
[21:37:46] [main/DEBUG]: Skipping Lnet/minecraft/world/level/gameevent/vibrations/VibrationListener$VibrationListenerConfig;
[21:37:46] [main/DEBUG]: Skipping Lnet/minecraft/world/level/gameevent/vibrations/VibrationListener$ReceivingEvent;
[21:37:46] [main/DEBUG]: Skipping Lnet/minecraft/world/level/gameevent/package-info;
[21:37:46] [main/DEBUG]: Skipping Lnet/minecraft/world/level/gameevent/PositionSourceType;
[21:37:46] [main/DEBUG]: Skipping Lnet/minecraft/world/level/gameevent/PositionSource;
[21:37:46] [main/DEBUG]: Skipping Lnet/minecraft/world/level/gameevent/GameEventListener;
[21:37:46] [main/DEBUG]: Skipping Lnet/minecraft/world/level/gameevent/GameEventDispatcher;
[21:37:46] [main/DEBUG]: Skipping Lnet/minecraft/world/level/gameevent/GameEventDispatcher$1;
[21:37:46] [main/DEBUG]: Skipping Lnet/minecraft/world/level/gameevent/GameEvent;
[21:37:46] [main/DEBUG]: Skipping Lnet/minecraft/world/level/gameevent/GameEvent$Message;
[21:37:46] [main/DEBUG]: Skipping Lnet/minecraft/world/level/gameevent/GameEvent$Context;
[21:37:46] [main/DEBUG]: Skipping Lnet/minecraft/world/level/gameevent/EuclideanGameEventDispatcher;
[21:37:46] [main/DEBUG]: Skipping Lnet/minecraft/world/level/gameevent/EntityPositionSource;
[21:37:46] [main/DEBUG]: Skipping Lnet/minecraft/world/level/gameevent/EntityPositionSource$Type;
[21:37:46] [main/DEBUG]: Skipping Lnet/minecraft/world/level/gameevent/DynamicGameEventListener;
[21:37:46] [main/DEBUG]: Skipping Lnet/minecraft/world/level/gameevent/BlockPositionSource;
[21:37:46] [main/DEBUG]: Skipping Lnet/minecraft/world/level/gameevent/BlockPositionSource$Type;
[21:37:46] [main/DEBUG]: Skipping Lnet/minecraft/world/level/entity/package-info;
[21:37:46] [main/DEBUG]: Skipping Lnet/minecraft/world/level/entity/Visibility;
[21:37:46] [main/DEBUG]: Skipping Lnet/minecraft/world/level/entity/LevelEntityGetterAdapter;
[21:37:46] [main/DEBUG]: Skipping Lnet/minecraft/world/level/entity/LevelEntityGetter;
[21:37:46] [main/DEBUG]: Skipping Lnet/minecraft/world/level/entity/LevelCallback;
[21:37:46] [main/DEBUG]: Skipping Lnet/minecraft/world/level/entity/EntityTypeTest;
[21:37:46] [main/DEBUG]: Skipping Lnet/minecraft/world/level/entity/EntityTypeTest$1;
[21:37:46] [main/DEBUG]: Skipping Lnet/minecraft/world/level/entity/EntityTickList;
[21:37:46] [main/DEBUG]: Skipping Lnet/minecraft/world/level/entity/EntitySectionStorage;
[21:37:46] [main/DEBUG]: Skipping Lnet/minecraft/world/level/entity/EntitySection;
[21:37:46] [main/DEBUG]: Skipping Lnet/minecraft/world/level/entity/EntityPersistentStorage;
[21:37:46] [main/DEBUG]: Skipping Lnet/minecraft/world/level/entity/EntityLookup;
[21:37:46] [main/DEBUG]: Skipping Lnet/minecraft/world/level/entity/EntityInLevelCallback;
[21:37:46] [main/DEBUG]: Skipping Lnet/minecraft/world/level/entity/EntityInLevelCallback$1;
[21:37:46] [main/DEBUG]: Skipping Lnet/minecraft/world/level/entity/EntityAccess;
[21:37:46] [main/DEBUG]: Skipping Lnet/minecraft/world/level/entity/ChunkStatusUpdateListener;
[21:37:46] [main/DEBUG]: Skipping Lnet/minecraft/world/level/entity/ChunkEntities;
[21:37:46] [main/DEBUG]: Skipping Lnet/minecraft/world/level/entity/TransientEntitySectionManager;
[21:37:46] [main/DEBUG]: Skipping Lnet/minecraft/world/level/entity/TransientEntitySectionManager$Callback;
[21:37:46] [main/DEBUG]: Skipping Lnet/minecraft/world/level/entity/PersistentEntitySectionManager;
[21:37:46] [main/DEBUG]: Skipping Lnet/minecraft/world/level/entity/PersistentEntitySectionManager$ChunkLoadStatus;
[21:37:46] [main/DEBUG]: Skipping Lnet/minecraft/world/level/entity/PersistentEntitySectionManager$Callback;
[21:37:46] [main/DEBUG]: Skipping Lnet/minecraft/world/level/dimension/package-info;
[21:37:46] [main/DEBUG]: Skipping Lnet/minecraft/world/level/dimension/end/package-info;
[21:37:46] [main/DEBUG]: Skipping Lnet/minecraft/world/level/dimension/end/DragonRespawnAnimation;
[21:37:46] [main/DEBUG]: Skipping Lnet/minecraft/world/level/dimension/end/DragonRespawnAnimation$5;
[21:37:46] [main/DEBUG]: Skipping Lnet/minecraft/world/level/dimension/end/DragonRespawnAnimation$4;
[21:37:46] [main/DEBUG]: Skipping Lnet/minecraft/world/level/dimension/end/DragonRespawnAnimation$3;
[21:37:46] [main/DEBUG]: Skipping Lnet/minecraft/world/level/dimension/end/DragonRespawnAnimation$2;
[21:37:46] [main/DEBUG]: Skipping Lnet/minecraft/world/level/dimension/end/DragonRespawnAnimation$1;
[21:37:46] [main/DEBUG]: Skipping Lnet/minecraft/world/level/dimension/end/EndDragonFight;
[21:37:46] [main/DEBUG]: Skipping Lnet/minecraft/world/level/dimension/LevelStem;
[21:37:46] [main/DEBUG]: Skipping Lnet/minecraft/world/level/dimension/DimensionType;
[21:37:46] [main/DEBUG]: Skipping Lnet/minecraft/world/level/dimension/DimensionType$MonsterSettings;
[21:37:46] [main/DEBUG]: Skipping Lnet/minecraft/world/level/dimension/DimensionDefaults;
[21:37:46] [main/DEBUG]: Skipping Lnet/minecraft/world/level/dimension/BuiltinDimensionTypes;
[21:37:46] [main/DEBUG]: Skipping Lnet/minecraft/world/level/chunk/storage/package-info;
[21:37:46] [main/DEBUG]: Skipping Lnet/minecraft/world/level/chunk/storage/SectionStorage;
[21:37:46] [main/DEBUG]: Skipping Lnet/minecraft/world/level/chunk/storage/RegionFileVersion;
[21:37:46] [main/DEBUG]: Skipping Lnet/minecraft/world/level/chunk/storage/RegionFileVersion$StreamWrapper;
[21:37:46] [main/DEBUG]: Skipping Lnet/minecraft/world/level/chunk/storage/RegionFileStorage;
[21:37:46] [main/DEBUG]: Skipping Lnet/minecraft/world/level/chunk/storage/RegionFile;
[21:37:46] [main/DEBUG]: Skipping Lnet/minecraft/world/level/chunk/storage/RegionFile$CommitOp;
[21:37:46] [main/DEBUG]: Skipping Lnet/minecraft/world/level/chunk/storage/RegionFile$ChunkBuffer;
[21:37:46] [main/DEBUG]: Skipping Lnet/minecraft/world/level/chunk/storage/RegionBitmap;
[21:37:46] [main/DEBUG]: Skipping Lnet/minecraft/world/level/chunk/storage/IOWorker;
[21:37:46] [main/DEBUG]: Skipping Lnet/minecraft/world/level/chunk/storage/IOWorker$Priority;
[21:37:46] [main/DEBUG]: Skipping Lnet/minecraft/world/level/chunk/storage/IOWorker$PendingStore;
[21:37:46] [main/DEBUG]: Skipping Lnet/minecraft/world/level/chunk/storage/ChunkStorage;
[21:37:46] [main/DEBUG]: Skipping Lnet/minecraft/world/level/chunk/storage/ChunkScanAccess;
[21:37:46] [main/DEBUG]: Skipping Lnet/minecraft/world/level/chunk/storage/EntityStorage;
[21:37:46] [main/DEBUG]: Skipping Lnet/minecraft/world/level/chunk/storage/ChunkSerializer;
[21:37:46] [main/DEBUG]: Skipping Lnet/minecraft/world/level/chunk/package-info;
[21:37:46] [main/DEBUG]: Skipping Lnet/minecraft/world/level/chunk/UpgradeData;
[21:37:46] [main/DEBUG]: Skipping Lnet/minecraft/world/level/chunk/UpgradeData$BlockFixers;
[21:37:46] [main/DEBUG]: Skipping Lnet/minecraft/world/level/chunk/UpgradeData$BlockFixers$5;
[21:37:46] [main/DEBUG]: Skipping Lnet/minecraft/world/level/chunk/UpgradeData$BlockFixers$4;
[21:37:46] [main/DEBUG]: Skipping Lnet/minecraft/world/level/chunk/UpgradeData$BlockFixers$3;
[21:37:46] [main/DEBUG]: Skipping Lnet/minecraft/world/level/chunk/UpgradeData$BlockFixers$2;
[21:37:46] [main/DEBUG]: Skipping Lnet/minecraft/world/level/chunk/UpgradeData$BlockFixers$1;
[21:37:46] [main/DEBUG]: Skipping Lnet/minecraft/world/level/chunk/UpgradeData$BlockFixer;
[21:37:46] [main/DEBUG]: Skipping Lnet/minecraft/world/level/chunk/StructureAccess;
[21:37:46] [main/DEBUG]: Skipping Lnet/minecraft/world/level/chunk/SingleValuePalette;
[21:37:46] [main/DEBUG]: Skipping Lnet/minecraft/world/level/chunk/PalettedContainerRO;
[21:37:46] [main/DEBUG]: Skipping Lnet/minecraft/world/level/chunk/PalettedContainerRO$Unpacker;
[21:37:46] [main/DEBUG]: Skipping Lnet/minecraft/world/level/chunk/PalettedContainerRO$PackedData;
[21:37:46] [main/DEBUG]: Skipping Lnet/minecraft/world/level/chunk/PaletteResize;
[21:37:46] [main/DEBUG]: Skipping Lnet/minecraft/world/level/chunk/Palette;
[21:37:46] [main/DEBUG]: Skipping Lnet/minecraft/world/level/chunk/Palette$Factory;
[21:37:46] [main/DEBUG]: Skipping Lnet/minecraft/world/level/chunk/MissingPaletteEntryException;
[21:37:46] [main/DEBUG]: Skipping Lnet/minecraft/world/level/chunk/LinearPalette;
[21:37:46] [main/DEBUG]: Skipping Lnet/minecraft/world/level/chunk/LightChunkGetter;
[21:37:46] [main/DEBUG]: Skipping Lnet/minecraft/world/level/chunk/LevelChunkSection;
[21:37:46] [main/DEBUG]: Skipping Lnet/minecraft/world/level/chunk/LevelChunkSection$1BlockCounter;
[21:37:46] [main/DEBUG]: Skipping Lnet/minecraft/world/level/chunk/ImposterProtoChunk;
[21:37:46] [main/DEBUG]: Skipping Lnet/minecraft/world/level/chunk/HashMapPalette;
[21:37:46] [main/DEBUG]: Skipping Lnet/minecraft/world/level/chunk/GlobalPalette;
[21:37:46] [main/DEBUG]: Skipping Lnet/minecraft/world/level/chunk/EmptyLevelChunk;
[21:37:46] [main/DEBUG]: Skipping Lnet/minecraft/world/level/chunk/DataLayer;
[21:37:46] [main/DEBUG]: Transforming class Lnet/minecraft/world/level/chunk/ChunkStatus;
[21:37:46] [main/DEBUG]: Transforming net/minecraft/world/level/chunk/ChunkStatus METHOD <init>(Ljava/lang/String;Lnet/minecraft/world/level/chunk/ChunkStatus;ILjava/util/EnumSet;Lnet/minecraft/world/level/chunk/ChunkStatus$ChunkType;Lnet/minecraft/world/level/chunk/ChunkStatus$GenerationTask;Lnet/minecraft/world/level/chunk/ChunkStatus$LoadingTask;)V to access PUBLIC and LEAVE
[21:37:46] [main/DEBUG]: Skipping Lnet/minecraft/world/level/chunk/ChunkStatus$SimpleGenerationTask;
[21:37:46] [main/DEBUG]: Skipping Lnet/minecraft/world/level/chunk/ChunkStatus$LoadingTask;
[21:37:46] [main/DEBUG]: Skipping Lnet/minecraft/world/level/chunk/ChunkStatus$GenerationTask;
[21:37:46] [main/DEBUG]: Skipping Lnet/minecraft/world/level/chunk/ChunkStatus$ChunkType;
[21:37:46] [main/DEBUG]: Skipping Lnet/minecraft/world/level/chunk/ChunkSource;
[21:37:46] [main/DEBUG]: Skipping Lnet/minecraft/world/level/chunk/ChunkGenerators;
[21:37:46] [main/DEBUG]: Skipping Lnet/minecraft/world/level/chunk/ChunkGenerator;
[21:37:46] [main/DEBUG]: Skipping Lnet/minecraft/world/level/chunk/CarvingMask;
[21:37:46] [main/DEBUG]: Skipping Lnet/minecraft/world/level/chunk/CarvingMask$Mask;
[21:37:46] [main/DEBUG]: Skipping Lnet/minecraft/world/level/chunk/BulkSectionAccess;
[21:37:46] [main/DEBUG]: Skipping Lnet/minecraft/world/level/chunk/BlockColumn;
[21:37:46] [main/DEBUG]: Skipping Lnet/minecraft/world/level/chunk/ProtoChunk;
[21:37:46] [main/DEBUG]: Skipping Lnet/minecraft/world/level/chunk/PalettedContainer;
[21:37:46] [main/DEBUG]: Skipping Lnet/minecraft/world/level/chunk/PalettedContainer$Strategy;
[21:37:46] [main/DEBUG]: Skipping Lnet/minecraft/world/level/chunk/PalettedContainer$Strategy$2;
[21:37:46] [main/DEBUG]: Skipping Lnet/minecraft/world/level/chunk/PalettedContainer$Strategy$1;
[21:37:46] [main/DEBUG]: Skipping Lnet/minecraft/world/level/chunk/PalettedContainer$Data;
[21:37:46] [main/DEBUG]: Skipping Lnet/minecraft/world/level/chunk/PalettedContainer$CountConsumer;
[21:37:46] [main/DEBUG]: Skipping Lnet/minecraft/world/level/chunk/PalettedContainer$Configuration;
[21:37:46] [main/DEBUG]: Skipping Lnet/minecraft/world/level/chunk/LevelChunk;
[21:37:46] [main/DEBUG]: Skipping Lnet/minecraft/world/level/chunk/LevelChunk$RebindableTickingBlockEntityWrapper;
[21:37:46] [main/DEBUG]: Skipping Lnet/minecraft/world/level/chunk/LevelChunk$PostLoadProcessor;
[21:37:46] [main/DEBUG]: Skipping Lnet/minecraft/world/level/chunk/LevelChunk$EntityCreationType;
[21:37:46] [main/DEBUG]: Skipping Lnet/minecraft/world/level/chunk/LevelChunk$BoundTickingBlockEntity;
[21:37:46] [main/DEBUG]: Skipping Lnet/minecraft/world/level/chunk/LevelChunk$1;
[21:37:46] [main/DEBUG]: Skipping Lnet/minecraft/world/level/chunk/ChunkAccess;
[21:37:46] [main/DEBUG]: Skipping Lnet/minecraft/world/level/chunk/ChunkAccess$TicksToSave;
[21:37:46] [main/DEBUG]: Skipping Lnet/minecraft/world/level/border/package-info;
[21:37:46] [main/DEBUG]: Skipping Lnet/minecraft/world/level/border/WorldBorder;
[21:37:46] [main/DEBUG]: Skipping Lnet/minecraft/world/level/border/WorldBorder$StaticBorderExtent;
[21:37:46] [main/DEBUG]: Skipping Lnet/minecraft/world/level/border/WorldBorder$Settings;
[21:37:46] [main/DEBUG]: Skipping Lnet/minecraft/world/level/border/WorldBorder$MovingBorderExtent;
[21:37:46] [main/DEBUG]: Skipping Lnet/minecraft/world/level/border/WorldBorder$BorderExtent;
[21:37:46] [main/DEBUG]: Skipping Lnet/minecraft/world/level/border/BorderStatus;
[21:37:46] [main/DEBUG]: Skipping Lnet/minecraft/world/level/border/BorderChangeListener;
[21:37:46] [main/DEBUG]: Skipping Lnet/minecraft/world/level/border/BorderChangeListener$DelegateBorderChangeListener;
[21:37:46] [main/DEBUG]: Skipping Lnet/minecraft/world/level/block/state/properties/package-info;
[21:37:46] [main/DEBUG]: Skipping Lnet/minecraft/world/level/block/state/properties/WallSide;
[21:37:46] [main/DEBUG]: Skipping Lnet/minecraft/world/level/block/state/properties/Tilt;
[21:37:46] [main/DEBUG]: Skipping Lnet/minecraft/world/level/block/state/properties/StructureMode;
[21:37:46] [main/DEBUG]: Skipping Lnet/minecraft/world/level/block/state/properties/StairsShape;
[21:37:46] [main/DEBUG]: Skipping Lnet/minecraft/world/level/block/state/properties/SlabType;
[21:37:46] [main/DEBUG]: Skipping Lnet/minecraft/world/level/block/state/properties/SculkSensorPhase;
[21:37:46] [main/DEBUG]: Skipping Lnet/minecraft/world/level/block/state/properties/RedstoneSide;
[21:37:46] [main/DEBUG]: Skipping Lnet/minecraft/world/level/block/state/properties/RailShape;
[21:37:46] [main/DEBUG]: Skipping Lnet/minecraft/world/level/block/state/properties/Property;
[21:37:46] [main/DEBUG]: Skipping Lnet/minecraft/world/level/block/state/properties/Property$Value;
[21:37:46] [main/DEBUG]: Skipping Lnet/minecraft/world/level/block/state/properties/PistonType;
[21:37:46] [main/DEBUG]: Skipping Lnet/minecraft/world/level/block/state/properties/NoteBlockInstrument;
[21:37:46] [main/DEBUG]: Skipping Lnet/minecraft/world/level/block/state/properties/IntegerProperty;
[21:37:46] [main/DEBUG]: Skipping Lnet/minecraft/world/level/block/state/properties/Half;
[21:37:46] [main/DEBUG]: Skipping Lnet/minecraft/world/level/block/state/properties/EnumProperty;
[21:37:46] [main/DEBUG]: Skipping Lnet/minecraft/world/level/block/state/properties/DripstoneThickness;
[21:37:46] [main/DEBUG]: Skipping Lnet/minecraft/world/level/block/state/properties/DoubleBlockHalf;
[21:37:46] [main/DEBUG]: Skipping Lnet/minecraft/world/level/block/state/properties/DoorHingeSide;
[21:37:46] [main/DEBUG]: Skipping Lnet/minecraft/world/level/block/state/properties/DirectionProperty;
[21:37:46] [main/DEBUG]: Skipping Lnet/minecraft/world/level/block/state/properties/ComparatorMode;
[21:37:46] [main/DEBUG]: Skipping Lnet/minecraft/world/level/block/state/properties/ChestType;
[21:37:46] [main/DEBUG]: Skipping Lnet/minecraft/world/level/block/state/properties/BooleanProperty;
[21:37:46] [main/DEBUG]: Skipping Lnet/minecraft/world/level/block/state/properties/BlockStateProperties;
[21:37:46] [main/DEBUG]: Skipping Lnet/minecraft/world/level/block/state/properties/BellAttachType;
[21:37:46] [main/DEBUG]: Skipping Lnet/minecraft/world/level/block/state/properties/BedPart;
[21:37:46] [main/DEBUG]: Skipping Lnet/minecraft/world/level/block/state/properties/BambooLeaves;
[21:37:46] [main/DEBUG]: Skipping Lnet/minecraft/world/level/block/state/properties/AttachFace;
[21:37:46] [main/DEBUG]: Transforming class Lnet/minecraft/world/level/block/state/properties/WoodType;
[21:37:46] [main/DEBUG]: Transforming net/minecraft/world/level/block/state/properties/WoodType METHOD m_61844_(Lnet/minecraft/world/level/block/state/properties/WoodType;)Lnet/minecraft/world/level/block/state/properties/WoodType; to access PUBLIC and LEAVE
[21:37:46] [main/DEBUG]: Skipping Lnet/minecraft/world/level/block/state/predicate/package-info;
[21:37:46] [main/DEBUG]: Skipping Lnet/minecraft/world/level/block/state/predicate/BlockStatePredicate;
[21:37:46] [main/DEBUG]: Skipping Lnet/minecraft/world/level/block/state/predicate/BlockPredicate;
[21:37:46] [main/DEBUG]: Skipping Lnet/minecraft/world/level/block/state/predicate/BlockMaterialPredicate;
[21:37:46] [main/DEBUG]: Skipping Lnet/minecraft/world/level/block/state/predicate/BlockMaterialPredicate$1;
[21:37:46] [main/DEBUG]: Skipping Lnet/minecraft/world/level/block/state/pattern/package-info;
[21:37:46] [main/DEBUG]: Skipping Lnet/minecraft/world/level/block/state/pattern/BlockPatternBuilder;
[21:37:46] [main/DEBUG]: Skipping Lnet/minecraft/world/level/block/state/pattern/BlockPattern;
[21:37:46] [main/DEBUG]: Skipping Lnet/minecraft/world/level/block/state/pattern/BlockPattern$BlockPatternMatch;
[21:37:46] [main/DEBUG]: Skipping Lnet/minecraft/world/level/block/state/pattern/BlockPattern$BlockCacheLoader;
[21:37:46] [main/DEBUG]: Skipping Lnet/minecraft/world/level/block/state/pattern/BlockInWorld;
[21:37:46] [main/DEBUG]: Skipping Lnet/minecraft/world/level/block/state/package-info;
[21:37:46] [main/DEBUG]: Skipping Lnet/minecraft/world/level/block/state/StateHolder;
[21:37:46] [main/DEBUG]: Skipping Lnet/minecraft/world/level/block/state/StateHolder$1;
[21:37:46] [main/DEBUG]: Skipping Lnet/minecraft/world/level/block/state/StateDefinition;
[21:37:46] [main/DEBUG]: Skipping Lnet/minecraft/world/level/block/state/StateDefinition$Factory;
[21:37:46] [main/DEBUG]: Skipping Lnet/minecraft/world/level/block/state/StateDefinition$Builder;
[21:37:46] [main/DEBUG]: Skipping Lnet/minecraft/world/level/block/state/BlockState;
[21:37:46] [main/DEBUG]: Skipping Lnet/minecraft/world/level/block/state/BlockBehaviour;
[21:37:46] [main/DEBUG]: Skipping Lnet/minecraft/world/level/block/state/BlockBehaviour$StatePredicate;
[21:37:46] [main/DEBUG]: Skipping Lnet/minecraft/world/level/block/state/BlockBehaviour$StateArgumentPredicate;
[21:37:46] [main/DEBUG]: Skipping Lnet/minecraft/world/level/block/state/BlockBehaviour$Properties;
[21:37:46] [main/DEBUG]: Skipping Lnet/minecraft/world/level/block/state/BlockBehaviour$OffsetType;
[21:37:46] [main/DEBUG]: Skipping Lnet/minecraft/world/level/block/state/BlockBehaviour$BlockStateBase;
[21:37:46] [main/DEBUG]: Skipping Lnet/minecraft/world/level/block/state/BlockBehaviour$BlockStateBase$Cache;
[21:37:46] [main/DEBUG]: Skipping Lnet/minecraft/world/level/block/state/BlockBehaviour$1;
[21:37:46] [main/DEBUG]: Skipping Lnet/minecraft/world/level/block/piston/package-info;
[21:37:46] [main/DEBUG]: Skipping Lnet/minecraft/world/level/block/piston/PistonMath;
[21:37:46] [main/DEBUG]: Skipping Lnet/minecraft/world/level/block/piston/PistonMath$1;
[21:37:46] [main/DEBUG]: Skipping Lnet/minecraft/world/level/block/piston/PistonHeadBlock;
[21:37:46] [main/DEBUG]: Skipping Lnet/minecraft/world/level/block/piston/PistonHeadBlock$1;
[21:37:46] [main/DEBUG]: Skipping Lnet/minecraft/world/level/block/piston/MovingPistonBlock;
[21:37:46] [main/DEBUG]: Skipping Lnet/minecraft/world/level/block/piston/PistonStructureResolver;
[21:37:46] [main/DEBUG]: Skipping Lnet/minecraft/world/level/block/piston/PistonMovingBlockEntity;
[21:37:46] [main/DEBUG]: Skipping Lnet/minecraft/world/level/block/piston/PistonMovingBlockEntity$1;
[21:37:46] [main/DEBUG]: Skipping Lnet/minecraft/world/level/block/piston/PistonBaseBlock;
[21:37:46] [main/DEBUG]: Skipping Lnet/minecraft/world/level/block/piston/PistonBaseBlock$1;
[21:37:46] [main/DEBUG]: Skipping Lnet/minecraft/world/level/block/package-info;
[21:37:46] [main/DEBUG]: Skipping Lnet/minecraft/world/level/block/grower/package-info;
[21:37:46] [main/DEBUG]: Skipping Lnet/minecraft/world/level/block/grower/SpruceTreeGrower;
[21:37:46] [main/DEBUG]: Skipping Lnet/minecraft/world/level/block/grower/OakTreeGrower;
[21:37:46] [main/DEBUG]: Skipping Lnet/minecraft/world/level/block/grower/MangroveTreeGrower;
[21:37:46] [main/DEBUG]: Skipping Lnet/minecraft/world/level/block/grower/JungleTreeGrower;
[21:37:46] [main/DEBUG]: Skipping Lnet/minecraft/world/level/block/grower/DarkOakTreeGrower;
[21:37:46] [main/DEBUG]: Skipping Lnet/minecraft/world/level/block/grower/BirchTreeGrower;
[21:37:46] [main/DEBUG]: Skipping Lnet/minecraft/world/level/block/grower/AzaleaTreeGrower;
[21:37:46] [main/DEBUG]: Skipping Lnet/minecraft/world/level/block/grower/AcaciaTreeGrower;
[21:37:46] [main/DEBUG]: Skipping Lnet/minecraft/world/level/block/grower/AbstractTreeGrower;
[21:37:46] [main/DEBUG]: Skipping Lnet/minecraft/world/level/block/grower/AbstractMegaTreeGrower;
[21:37:46] [main/DEBUG]: Skipping Lnet/minecraft/world/level/block/entity/package-info;
[21:37:46] [main/DEBUG]: Skipping Lnet/minecraft/world/level/block/entity/TrappedChestBlockEntity;
[21:37:46] [main/DEBUG]: Skipping Lnet/minecraft/world/level/block/entity/TickingBlockEntity;
[21:37:46] [main/DEBUG]: Skipping Lnet/minecraft/world/level/block/entity/TheEndPortalBlockEntity;
[21:37:46] [main/DEBUG]: Skipping Lnet/minecraft/world/level/block/entity/TheEndGatewayBlockEntity;
[21:37:46] [main/DEBUG]: Skipping Lnet/minecraft/world/level/block/entity/StructureBlockEntity;
[21:37:46] [main/DEBUG]: Skipping Lnet/minecraft/world/level/block/entity/StructureBlockEntity$UpdateType;
[21:37:46] [main/DEBUG]: Skipping Lnet/minecraft/world/level/block/entity/SmokerBlockEntity;
[21:37:46] [main/DEBUG]: Skipping Lnet/minecraft/world/level/block/entity/SkullBlockEntity;
[21:37:46] [main/DEBUG]: Skipping Lnet/minecraft/world/level/block/entity/SignBlockEntity;
[21:37:46] [main/DEBUG]: Skipping Lnet/minecraft/world/level/block/entity/SculkShriekerBlockEntity;
[21:37:46] [main/DEBUG]: Skipping Lnet/minecraft/world/level/block/entity/SculkSensorBlockEntity;
[21:37:46] [main/DEBUG]: Skipping Lnet/minecraft/world/level/block/entity/SculkCatalystBlockEntity;
[21:37:46] [main/DEBUG]: Skipping Lnet/minecraft/world/level/block/entity/RandomizableContainerBlockEntity;
[21:37:46] [main/DEBUG]: Skipping Lnet/minecraft/world/level/block/entity/LidBlockEntity;
[21:37:46] [main/DEBUG]: Skipping Lnet/minecraft/world/level/block/entity/LecternBlockEntity;
[21:37:46] [main/DEBUG]: Skipping Lnet/minecraft/world/level/block/entity/LecternBlockEntity$2;
[21:37:46] [main/DEBUG]: Skipping Lnet/minecraft/world/level/block/entity/LecternBlockEntity$1;
[21:37:46] [main/DEBUG]: Skipping Lnet/minecraft/world/level/block/entity/JukeboxBlockEntity;
[21:37:46] [main/DEBUG]: Skipping Lnet/minecraft/world/level/block/entity/JigsawBlockEntity;
[21:37:46] [main/DEBUG]: Skipping Lnet/minecraft/world/level/block/entity/JigsawBlockEntity$JointType;
[21:37:46] [main/DEBUG]: Skipping Lnet/minecraft/world/level/block/entity/Hopper;
[21:37:46] [main/DEBUG]: Skipping Lnet/minecraft/world/level/block/entity/FurnaceBlockEntity;
[21:37:46] [main/DEBUG]: Skipping Lnet/minecraft/world/level/block/entity/EnderChestBlockEntity;
[21:37:46] [main/DEBUG]: Skipping Lnet/minecraft/world/level/block/entity/EnderChestBlockEntity$1;
[21:37:46] [main/DEBUG]: Skipping Lnet/minecraft/world/level/block/entity/EnchantmentTableBlockEntity;
[21:37:46] [main/DEBUG]: Skipping Lnet/minecraft/world/level/block/entity/DropperBlockEntity;
[21:37:46] [main/DEBUG]: Skipping Lnet/minecraft/world/level/block/entity/DispenserBlockEntity;
[21:37:46] [main/DEBUG]: Skipping Lnet/minecraft/world/level/block/entity/DaylightDetectorBlockEntity;
[21:37:46] [main/DEBUG]: Skipping Lnet/minecraft/world/level/block/entity/ContainerOpenersCounter;
[21:37:46] [main/DEBUG]: Skipping Lnet/minecraft/world/level/block/entity/ComparatorBlockEntity;
[21:37:46] [main/DEBUG]: Skipping Lnet/minecraft/world/level/block/entity/CommandBlockEntity;
[21:37:46] [main/DEBUG]: Skipping Lnet/minecraft/world/level/block/entity/CommandBlockEntity$Mode;
[21:37:46] [main/DEBUG]: Skipping Lnet/minecraft/world/level/block/entity/CommandBlockEntity$1;
[21:37:46] [main/DEBUG]: Skipping Lnet/minecraft/world/level/block/entity/ChestLidController;
[21:37:46] [main/DEBUG]: Skipping Lnet/minecraft/world/level/block/entity/CampfireBlockEntity;
[21:37:46] [main/DEBUG]: Transforming class Lnet/minecraft/world/level/block/entity/BlockEntityType;
[21:37:46] [main/DEBUG]: Transforming net/minecraft/world/level/block/entity/BlockEntityType INNERCLASS BlockEntitySupplier to access PUBLIC and LEAVE
[21:37:46] [main/DEBUG]: Skipping Lnet/minecraft/world/level/block/entity/BlockEntityType$Builder;
[21:37:46] [main/DEBUG]: Transforming class Lnet/minecraft/world/level/block/entity/BlockEntityType$BlockEntitySupplier;
[21:37:46] [main/DEBUG]: Transforming net/minecraft/world/level/block/entity/BlockEntityType$BlockEntitySupplier CLASS to access PUBLIC and LEAVE
[21:37:46] [main/DEBUG]: Skipping Lnet/minecraft/world/level/block/entity/BlockEntityTicker;
[21:37:46] [main/DEBUG]: Skipping Lnet/minecraft/world/level/block/entity/BlastFurnaceBlockEntity;
[21:37:46] [main/DEBUG]: Skipping Lnet/minecraft/world/level/block/entity/BellBlockEntity;
[21:37:46] [main/DEBUG]: Skipping Lnet/minecraft/world/level/block/entity/BellBlockEntity$ResonationEndAction;
[21:37:46] [main/DEBUG]: Skipping Lnet/minecraft/world/level/block/entity/BeehiveBlockEntity;
[21:37:46] [main/DEBUG]: Skipping Lnet/minecraft/world/level/block/entity/BeehiveBlockEntity$BeeReleaseStatus;
[21:37:46] [main/DEBUG]: Skipping Lnet/minecraft/world/level/block/entity/BeehiveBlockEntity$BeeData;
[21:37:46] [main/DEBUG]: Skipping Lnet/minecraft/world/level/block/entity/BedBlockEntity;
[21:37:46] [main/DEBUG]: Skipping Lnet/minecraft/world/level/block/entity/BarrelBlockEntity;
[21:37:46] [main/DEBUG]: Skipping Lnet/minecraft/world/level/block/entity/BarrelBlockEntity$1;
[21:37:46] [main/DEBUG]: Skipping Lnet/minecraft/world/level/block/entity/BannerPatterns;
[21:37:46] [main/DEBUG]: Skipping Lnet/minecraft/world/level/block/entity/BannerPattern;
[21:37:46] [main/DEBUG]: Skipping Lnet/minecraft/world/level/block/entity/BannerPattern$Builder;
[21:37:46] [main/DEBUG]: Skipping Lnet/minecraft/world/level/block/entity/BannerBlockEntity;
[21:37:46] [main/DEBUG]: Skipping Lnet/minecraft/world/level/block/entity/SpawnerBlockEntity;
[21:37:46] [main/DEBUG]: Skipping Lnet/minecraft/world/level/block/entity/SpawnerBlockEntity$1;
[21:37:46] [main/DEBUG]: Skipping Lnet/minecraft/world/level/block/entity/ShulkerBoxBlockEntity;
[21:37:46] [main/DEBUG]: Skipping Lnet/minecraft/world/level/block/entity/ShulkerBoxBlockEntity$AnimationStatus;
[21:37:46] [main/DEBUG]: Skipping Lnet/minecraft/world/level/block/entity/ShulkerBoxBlockEntity$1;
[21:37:46] [main/DEBUG]: Transforming class Lnet/minecraft/world/level/block/entity/HopperBlockEntity;
[21:37:46] [main/DEBUG]: Transforming net/minecraft/world/level/block/entity/HopperBlockEntity METHOD m_59395_(I)V to access PUBLIC and LEAVE
[21:37:46] [main/DEBUG]: Transforming net/minecraft/world/level/block/entity/HopperBlockEntity METHOD m_59409_()Z to access PUBLIC and LEAVE
[21:37:46] [main/DEBUG]: Skipping Lnet/minecraft/world/level/block/entity/ConduitBlockEntity;
[21:37:46] [main/DEBUG]: Skipping Lnet/minecraft/world/level/block/entity/ChestBlockEntity;
[21:37:46] [main/DEBUG]: Skipping Lnet/minecraft/world/level/block/entity/ChestBlockEntity$1;
[21:37:46] [main/DEBUG]: Skipping Lnet/minecraft/world/level/block/entity/BrewingStandBlockEntity;
[21:37:46] [main/DEBUG]: Skipping Lnet/minecraft/world/level/block/entity/BrewingStandBlockEntity$1;
[21:37:46] [main/DEBUG]: Skipping Lnet/minecraft/world/level/block/entity/BlockEntity;
[21:37:46] [main/DEBUG]: Skipping Lnet/minecraft/world/level/block/entity/BeaconBlockEntity;
[21:37:46] [main/DEBUG]: Skipping Lnet/minecraft/world/level/block/entity/BeaconBlockEntity$BeaconBeamSection;
[21:37:46] [main/DEBUG]: Skipping Lnet/minecraft/world/level/block/entity/BeaconBlockEntity$1;
[21:37:46] [main/DEBUG]: Skipping Lnet/minecraft/world/level/block/entity/BaseContainerBlockEntity;
[21:37:46] [main/DEBUG]: Skipping Lnet/minecraft/world/level/block/entity/AbstractFurnaceBlockEntity;
[21:37:46] [main/DEBUG]: Skipping Lnet/minecraft/world/level/block/entity/AbstractFurnaceBlockEntity$1;
[21:37:46] [main/DEBUG]: Transforming class Lnet/minecraft/world/level/block/WoolCarpetBlock;
[21:37:46] [main/DEBUG]: Transforming net/minecraft/world/level/block/WoolCarpetBlock METHOD <init>(Lnet/minecraft/world/item/DyeColor;Lnet/minecraft/world/level/block/state/BlockBehaviour$Properties;)V to access PUBLIC and LEAVE
[21:37:46] [main/DEBUG]: Transforming class Lnet/minecraft/world/level/block/WoodButtonBlock;
[21:37:46] [main/DEBUG]: Transforming net/minecraft/world/level/block/WoodButtonBlock METHOD <init>(Lnet/minecraft/world/level/block/state/BlockBehaviour$Properties;)V to access PUBLIC and LEAVE
[21:37:46] [main/DEBUG]: Transforming class Lnet/minecraft/world/level/block/WitherWallSkullBlock;
[21:37:46] [main/DEBUG]: Transforming net/minecraft/world/level/block/WitherWallSkullBlock METHOD <init>(Lnet/minecraft/world/level/block/state/BlockBehaviour$Properties;)V to access PUBLIC and LEAVE
[21:37:46] [main/DEBUG]: Transforming class Lnet/minecraft/world/level/block/WitherSkullBlock;
[21:37:46] [main/DEBUG]: Transforming net/minecraft/world/level/block/WitherSkullBlock METHOD <init>(Lnet/minecraft/world/level/block/state/BlockBehaviour$Properties;)V to access PUBLIC and LEAVE
[21:37:46] [main/DEBUG]: Skipping Lnet/minecraft/world/level/block/WitherRoseBlock;
[21:37:46] [main/DEBUG]: Transforming class Lnet/minecraft/world/level/block/WetSpongeBlock;
[21:37:46] [main/DEBUG]: Transforming net/minecraft/world/level/block/WetSpongeBlock METHOD <init>(Lnet/minecraft/world/level/block/state/BlockBehaviour$Properties;)V to access PUBLIC and LEAVE
[21:37:46] [main/DEBUG]: Transforming class Lnet/minecraft/world/level/block/WeightedPressurePlateBlock;
[21:37:46] [main/DEBUG]: Transforming net/minecraft/world/level/block/WeightedPressurePlateBlock METHOD <init>(ILnet/minecraft/world/level/block/state/BlockBehaviour$Properties;)V to access PUBLIC and LEAVE
[21:37:46] [main/DEBUG]: Skipping Lnet/minecraft/world/level/block/WeepingVinesPlantBlock;
[21:37:46] [main/DEBUG]: Skipping Lnet/minecraft/world/level/block/WeepingVinesBlock;
[21:37:46] [main/DEBUG]: Skipping Lnet/minecraft/world/level/block/WeatheringCopperStairBlock;
[21:37:46] [main/DEBUG]: Skipping Lnet/minecraft/world/level/block/WeatheringCopperSlabBlock;
[21:37:46] [main/DEBUG]: Skipping Lnet/minecraft/world/level/block/WeatheringCopperFullBlock;
[21:37:46] [main/DEBUG]: Skipping Lnet/minecraft/world/level/block/WeatheringCopper;
[21:37:46] [main/DEBUG]: Skipping Lnet/minecraft/world/level/block/WeatheringCopper$WeatherState;
[21:37:46] [main/DEBUG]: Transforming class Lnet/minecraft/world/level/block/WaterlilyBlock;
[21:37:46] [main/DEBUG]: Transforming net/minecraft/world/level/block/WaterlilyBlock METHOD <init>(Lnet/minecraft/world/level/block/state/BlockBehaviour$Properties;)V to access PUBLIC and LEAVE
[21:37:46] [main/DEBUG]: Transforming class Lnet/minecraft/world/level/block/WallTorchBlock;
[21:37:46] [main/DEBUG]: Transforming net/minecraft/world/level/block/WallTorchBlock METHOD <init>(Lnet/minecraft/world/level/block/state/BlockBehaviour$Properties;Lnet/minecraft/core/particles/ParticleOptions;)V to access PUBLIC and LEAVE
[21:37:46] [main/DEBUG]: Transforming class Lnet/minecraft/world/level/block/WallSkullBlock;
[21:37:46] [main/DEBUG]: Transforming net/minecraft/world/level/block/WallSkullBlock METHOD <init>(Lnet/minecraft/world/level/block/SkullBlock$Type;Lnet/minecraft/world/level/block/state/BlockBehaviour$Properties;)V to access PUBLIC and LEAVE
[21:37:46] [main/DEBUG]: Skipping Lnet/minecraft/world/level/block/WallSignBlock;
[21:37:46] [main/DEBUG]: Skipping Lnet/minecraft/world/level/block/WallBlock;
[21:37:46] [main/DEBUG]: Skipping Lnet/minecraft/world/level/block/WallBlock$1;
[21:37:46] [main/DEBUG]: Skipping Lnet/minecraft/world/level/block/WallBannerBlock;
[21:37:46] [main/DEBUG]: Skipping Lnet/minecraft/world/level/block/TwistingVinesPlantBlock;
[21:37:46] [main/DEBUG]: Skipping Lnet/minecraft/world/level/block/TwistingVinesBlock;
[21:37:46] [main/DEBUG]: Skipping Lnet/minecraft/world/level/block/TrappedChestBlock;
[21:37:46] [main/DEBUG]: Transforming class Lnet/minecraft/world/level/block/TorchBlock;
[21:37:46] [main/DEBUG]: Transforming net/minecraft/world/level/block/TorchBlock METHOD <init>(Lnet/minecraft/world/level/block/state/BlockBehaviour$Properties;Lnet/minecraft/core/particles/ParticleOptions;)V to access PUBLIC and LEAVE
[21:37:46] [main/DEBUG]: Skipping Lnet/minecraft/world/level/block/TintedGlassBlock;
[21:37:46] [main/DEBUG]: Skipping Lnet/minecraft/world/level/block/TargetBlock;
[21:37:46] [main/DEBUG]: Skipping Lnet/minecraft/world/level/block/TallSeagrassBlock;
[21:37:46] [main/DEBUG]: Skipping Lnet/minecraft/world/level/block/TallFlowerBlock;
[21:37:46] [main/DEBUG]: Skipping Lnet/minecraft/world/level/block/SupportType;
[21:37:46] [main/DEBUG]: Skipping Lnet/minecraft/world/level/block/SupportType$3;
[21:37:46] [main/DEBUG]: Skipping Lnet/minecraft/world/level/block/SupportType$2;
[21:37:46] [main/DEBUG]: Skipping Lnet/minecraft/world/level/block/SupportType$1;
[21:37:46] [main/DEBUG]: Transforming class Lnet/minecraft/world/level/block/StructureVoidBlock;
[21:37:46] [main/DEBUG]: Transforming net/minecraft/world/level/block/StructureVoidBlock METHOD <init>(Lnet/minecraft/world/level/block/state/BlockBehaviour$Properties;)V to access PUBLIC and LEAVE
[21:37:46] [main/DEBUG]: Transforming class Lnet/minecraft/world/level/block/StructureBlock;
[21:37:46] [main/DEBUG]: Transforming net/minecraft/world/level/block/StructureBlock METHOD <init>(Lnet/minecraft/world/level/block/state/BlockBehaviour$Properties;)V to access PUBLIC and LEAVE
[21:37:46] [main/DEBUG]: Skipping Lnet/minecraft/world/level/block/StructureBlock$1;
[21:37:46] [main/DEBUG]: Skipping Lnet/minecraft/world/level/block/StonecutterBlock;
[21:37:46] [main/DEBUG]: Transforming class Lnet/minecraft/world/level/block/StoneButtonBlock;
[21:37:46] [main/DEBUG]: Transforming net/minecraft/world/level/block/StoneButtonBlock METHOD <init>(Lnet/minecraft/world/level/block/state/BlockBehaviour$Properties;)V to access PUBLIC and LEAVE
[21:37:46] [main/DEBUG]: Skipping Lnet/minecraft/world/level/block/StandingSignBlock;
[21:37:46] [main/DEBUG]: Skipping Lnet/minecraft/world/level/block/StainedGlassPaneBlock;
[21:37:46] [main/DEBUG]: Skipping Lnet/minecraft/world/level/block/StainedGlassBlock;
[21:37:46] [main/DEBUG]: Skipping Lnet/minecraft/world/level/block/SporeBlossomBlock;
[21:37:46] [main/DEBUG]: Skipping Lnet/minecraft/world/level/block/SoulSandBlock;
[21:37:46] [main/DEBUG]: Skipping Lnet/minecraft/world/level/block/SoulFireBlock;
[21:37:46] [main/DEBUG]: Transforming class Lnet/minecraft/world/level/block/SnowyDirtBlock;
[21:37:46] [main/DEBUG]: Transforming net/minecraft/world/level/block/SnowyDirtBlock METHOD <init>(Lnet/minecraft/world/level/block/state/BlockBehaviour$Properties;)V to access PUBLIC and LEAVE
[21:37:46] [main/DEBUG]: Transforming class Lnet/minecraft/world/level/block/SnowLayerBlock;
[21:37:46] [main/DEBUG]: Transforming net/minecraft/world/level/block/SnowLayerBlock METHOD <init>(Lnet/minecraft/world/level/block/state/BlockBehaviour$Properties;)V to access PUBLIC and LEAVE
[21:37:46] [main/DEBUG]: Skipping Lnet/minecraft/world/level/block/SnowLayerBlock$1;
[21:37:46] [main/DEBUG]: Transforming class Lnet/minecraft/world/level/block/SmokerBlock;
[21:37:46] [main/DEBUG]: Transforming net/minecraft/world/level/block/SmokerBlock METHOD <init>(Lnet/minecraft/world/level/block/state/BlockBehaviour$Properties;)V to access PUBLIC and LEAVE
[21:37:46] [main/DEBUG]: Transforming class Lnet/minecraft/world/level/block/SmithingTableBlock;
[21:37:46] [main/DEBUG]: Transforming net/minecraft/world/level/block/SmithingTableBlock METHOD <init>(Lnet/minecraft/world/level/block/state/BlockBehaviour$Properties;)V to access PUBLIC and LEAVE
[21:37:46] [main/DEBUG]: Skipping Lnet/minecraft/world/level/block/SmallDripleafBlock;
[21:37:46] [main/DEBUG]: Skipping Lnet/minecraft/world/level/block/SlimeBlock;
[21:37:46] [main/DEBUG]: Skipping Lnet/minecraft/world/level/block/SlabBlock;
[21:37:46] [main/DEBUG]: Skipping Lnet/minecraft/world/level/block/SlabBlock$1;
[21:37:46] [main/DEBUG]: Transforming class Lnet/minecraft/world/level/block/SkullBlock;
[21:37:46] [main/DEBUG]: Transforming net/minecraft/world/level/block/SkullBlock METHOD <init>(Lnet/minecraft/world/level/block/SkullBlock$Type;Lnet/minecraft/world/level/block/state/BlockBehaviour$Properties;)V to access PUBLIC and LEAVE
[21:37:46] [main/DEBUG]: Skipping Lnet/minecraft/world/level/block/SkullBlock$Types;
[21:37:46] [main/DEBUG]: Skipping Lnet/minecraft/world/level/block/SkullBlock$Type;
[21:37:46] [main/DEBUG]: Skipping Lnet/minecraft/world/level/block/SimpleWaterloggedBlock;
[21:37:46] [main/DEBUG]: Skipping Lnet/minecraft/world/level/block/SignBlock;
[21:37:46] [main/DEBUG]: Skipping Lnet/minecraft/world/level/block/ShulkerBoxBlock;
[21:37:46] [main/DEBUG]: Skipping Lnet/minecraft/world/level/block/ShulkerBoxBlock$1;
[21:37:46] [main/DEBUG]: Transforming class Lnet/minecraft/world/level/block/SeaPickleBlock;
[21:37:46] [main/DEBUG]: Transforming net/minecraft/world/level/block/SeaPickleBlock METHOD <init>(Lnet/minecraft/world/level/block/state/BlockBehaviour$Properties;)V to access PUBLIC and LEAVE
[21:37:46] [main/DEBUG]: Skipping Lnet/minecraft/world/level/block/SculkVeinBlock;
[21:37:46] [main/DEBUG]: Skipping Lnet/minecraft/world/level/block/SculkVeinBlock$SculkVeinSpreaderConfig;
[21:37:46] [main/DEBUG]: Skipping Lnet/minecraft/world/level/block/SculkSpreader;
[21:37:46] [main/DEBUG]: Skipping Lnet/minecraft/world/level/block/SculkSpreader$ChargeCursor;
[21:37:46] [main/DEBUG]: Skipping Lnet/minecraft/world/level/block/SculkBlock;
[21:37:46] [main/DEBUG]: Skipping Lnet/minecraft/world/level/block/SculkBehaviour;
[21:37:46] [main/DEBUG]: Skipping Lnet/minecraft/world/level/block/SculkBehaviour$1;
[21:37:46] [main/DEBUG]: Transforming class Lnet/minecraft/world/level/block/ScaffoldingBlock;
[21:37:46] [main/DEBUG]: Transforming net/minecraft/world/level/block/ScaffoldingBlock METHOD <init>(Lnet/minecraft/world/level/block/state/BlockBehaviour$Properties;)V to access PUBLIC and LEAVE
[21:37:46] [main/DEBUG]: Skipping Lnet/minecraft/world/level/block/SandBlock;
[21:37:46] [main/DEBUG]: Skipping Lnet/minecraft/world/level/block/Rotation;
[21:37:46] [main/DEBUG]: Skipping Lnet/minecraft/world/level/block/Rotation$1;
[21:37:46] [main/DEBUG]: Skipping Lnet/minecraft/world/level/block/RotatedPillarBlock;
[21:37:46] [main/DEBUG]: Skipping Lnet/minecraft/world/level/block/RotatedPillarBlock$1;
[21:37:46] [main/DEBUG]: Transforming class Lnet/minecraft/world/level/block/RootsBlock;
[21:37:46] [main/DEBUG]: Transforming net/minecraft/world/level/block/RootsBlock METHOD <init>(Lnet/minecraft/world/level/block/state/BlockBehaviour$Properties;)V to access PUBLIC and LEAVE
[21:37:46] [main/DEBUG]: Skipping Lnet/minecraft/world/level/block/RootedDirtBlock;
[21:37:46] [main/DEBUG]: Transforming class Lnet/minecraft/world/level/block/RodBlock;
[21:37:46] [main/DEBUG]: Transforming net/minecraft/world/level/block/RodBlock METHOD <init>(Lnet/minecraft/world/level/block/state/BlockBehaviour$Properties;)V to access PUBLIC and LEAVE
[21:37:46] [main/DEBUG]: Skipping Lnet/minecraft/world/level/block/RodBlock$1;
[21:37:46] [main/DEBUG]: Skipping Lnet/minecraft/world/level/block/RespawnAnchorBlock;
[21:37:46] [main/DEBUG]: Skipping Lnet/minecraft/world/level/block/RespawnAnchorBlock$1;
[21:37:46] [main/DEBUG]: Transforming class Lnet/minecraft/world/level/block/RepeaterBlock;
[21:37:46] [main/DEBUG]: Transforming net/minecraft/world/level/block/RepeaterBlock METHOD <init>(Lnet/minecraft/world/level/block/state/BlockBehaviour$Properties;)V to access PUBLIC and LEAVE
[21:37:46] [main/DEBUG]: Skipping Lnet/minecraft/world/level/block/RenderShape;
[21:37:46] [main/DEBUG]: Transforming class Lnet/minecraft/world/level/block/RedstoneWallTorchBlock;
[21:37:46] [main/DEBUG]: Transforming net/minecraft/world/level/block/RedstoneWallTorchBlock METHOD <init>(Lnet/minecraft/world/level/block/state/BlockBehaviour$Properties;)V to access PUBLIC and LEAVE
[21:37:46] [main/DEBUG]: Transforming class Lnet/minecraft/world/level/block/RedstoneTorchBlock;
[21:37:46] [main/DEBUG]: Transforming net/minecraft/world/level/block/RedstoneTorchBlock METHOD <init>(Lnet/minecraft/world/level/block/state/BlockBehaviour$Properties;)V to access PUBLIC and LEAVE
[21:37:46] [main/DEBUG]: Skipping Lnet/minecraft/world/level/block/RedstoneTorchBlock$Toggle;
[21:37:46] [main/DEBUG]: Skipping Lnet/minecraft/world/level/block/RedstoneLampBlock;
[21:37:46] [main/DEBUG]: Transforming class Lnet/minecraft/world/level/block/PressurePlateBlock;
[21:37:46] [main/DEBUG]: Transforming net/minecraft/world/level/block/PressurePlateBlock METHOD <init>(Lnet/minecraft/world/level/block/PressurePlateBlock$Sensitivity;Lnet/minecraft/world/level/block/state/BlockBehaviour$Properties;)V to access PUBLIC and LEAVE
[21:37:46] [main/DEBUG]: Skipping Lnet/minecraft/world/level/block/PressurePlateBlock$Sensitivity;
[21:37:46] [main/DEBUG]: Skipping Lnet/minecraft/world/level/block/PressurePlateBlock$1;
[21:37:46] [main/DEBUG]: Skipping Lnet/minecraft/world/level/block/PoweredBlock;
[21:37:46] [main/DEBUG]: Skipping Lnet/minecraft/world/level/block/PowderSnowCauldronBlock;
[21:37:46] [main/DEBUG]: Skipping Lnet/minecraft/world/level/block/PotatoBlock;
[21:37:46] [main/DEBUG]: Skipping Lnet/minecraft/world/level/block/PointedDripstoneBlock;
[21:37:46] [main/DEBUG]: Skipping Lnet/minecraft/world/level/block/PointedDripstoneBlock$FluidInfo;
[21:37:46] [main/DEBUG]: Transforming class Lnet/minecraft/world/level/block/PlayerWallHeadBlock;
[21:37:46] [main/DEBUG]: Transforming net/minecraft/world/level/block/PlayerWallHeadBlock METHOD <init>(Lnet/minecraft/world/level/block/state/BlockBehaviour$Properties;)V to access PUBLIC and LEAVE
[21:37:46] [main/DEBUG]: Transforming class Lnet/minecraft/world/level/block/PlayerHeadBlock;
[21:37:46] [main/DEBUG]: Transforming net/minecraft/world/level/block/PlayerHeadBlock METHOD <init>(Lnet/minecraft/world/level/block/state/BlockBehaviour$Properties;)V to access PUBLIC and LEAVE
[21:37:46] [main/DEBUG]: Transforming class Lnet/minecraft/world/level/block/PipeBlock;
[21:37:46] [main/DEBUG]: Transforming net/minecraft/world/level/block/PipeBlock METHOD <init>(FLnet/minecraft/world/level/block/state/BlockBehaviour$Properties;)V to access PUBLIC and LEAVE
[21:37:46] [main/DEBUG]: Skipping Lnet/minecraft/world/level/block/ObserverBlock;
[21:37:46] [main/DEBUG]: Transforming class Lnet/minecraft/world/level/block/NyliumBlock;
[21:37:46] [main/DEBUG]: Transforming net/minecraft/world/level/block/NyliumBlock METHOD <init>(Lnet/minecraft/world/level/block/state/BlockBehaviour$Properties;)V to access PUBLIC and LEAVE
[21:37:46] [main/DEBUG]: Skipping Lnet/minecraft/world/level/block/NetherrackBlock;
[21:37:46] [main/DEBUG]: Skipping Lnet/minecraft/world/level/block/NetherVines;
[21:37:46] [main/DEBUG]: Skipping Lnet/minecraft/world/level/block/NetherSproutsBlock;
[21:37:46] [main/DEBUG]: Skipping Lnet/minecraft/world/level/block/NetherPortalBlock;
[21:37:46] [main/DEBUG]: Skipping Lnet/minecraft/world/level/block/NetherPortalBlock$1;
[21:37:46] [main/DEBUG]: Skipping Lnet/minecraft/world/level/block/MyceliumBlock;
[21:37:46] [main/DEBUG]: Skipping Lnet/minecraft/world/level/block/MultifaceSpreader;
[21:37:46] [main/DEBUG]: Skipping Lnet/minecraft/world/level/block/MultifaceSpreader$SpreadType;
[21:37:46] [main/DEBUG]: Skipping Lnet/minecraft/world/level/block/MultifaceSpreader$SpreadType$3;
[21:37:46] [main/DEBUG]: Skipping Lnet/minecraft/world/level/block/MultifaceSpreader$SpreadType$2;
[21:37:46] [main/DEBUG]: Skipping Lnet/minecraft/world/level/block/MultifaceSpreader$SpreadType$1;
[21:37:46] [main/DEBUG]: Skipping Lnet/minecraft/world/level/block/MultifaceSpreader$SpreadPredicate;
[21:37:46] [main/DEBUG]: Skipping Lnet/minecraft/world/level/block/MultifaceSpreader$SpreadPos;
[21:37:46] [main/DEBUG]: Skipping Lnet/minecraft/world/level/block/MultifaceSpreader$SpreadConfig;
[21:37:46] [main/DEBUG]: Skipping Lnet/minecraft/world/level/block/MultifaceSpreader$DefaultSpreaderConfig;
[21:37:46] [main/DEBUG]: Skipping Lnet/minecraft/world/level/block/MultifaceBlock;
[21:37:46] [main/DEBUG]: Skipping Lnet/minecraft/world/level/block/MudBlock;
[21:37:46] [main/DEBUG]: Skipping Lnet/minecraft/world/level/block/MossBlock;
[21:37:46] [main/DEBUG]: Skipping Lnet/minecraft/world/level/block/Mirror;
[21:37:46] [main/DEBUG]: Skipping Lnet/minecraft/world/level/block/Mirror$1;
[21:37:46] [main/DEBUG]: Transforming class Lnet/minecraft/world/level/block/MelonBlock;
[21:37:46] [main/DEBUG]: Transforming net/minecraft/world/level/block/MelonBlock METHOD <init>(Lnet/minecraft/world/level/block/state/BlockBehaviour$Properties;)V to access PUBLIC and LEAVE
[21:37:46] [main/DEBUG]: Transforming class Lnet/minecraft/world/level/block/MangroveRootsBlock;
[21:37:46] [main/DEBUG]: Transforming net/minecraft/world/level/block/MangroveRootsBlock METHOD <init>(Lnet/minecraft/world/level/block/state/BlockBehaviour$Properties;)V to access PUBLIC and LEAVE
[21:37:46] [main/DEBUG]: Skipping Lnet/minecraft/world/level/block/MangrovePropaguleBlock;
[21:37:46] [main/DEBUG]: Skipping Lnet/minecraft/world/level/block/MangroveLeavesBlock;
[21:37:46] [main/DEBUG]: Transforming class Lnet/minecraft/world/level/block/LoomBlock;
[21:37:46] [main/DEBUG]: Transforming net/minecraft/world/level/block/LoomBlock METHOD <init>(Lnet/minecraft/world/level/block/state/BlockBehaviour$Properties;)V to access PUBLIC and LEAVE
[21:37:46] [main/DEBUG]: Skipping Lnet/minecraft/world/level/block/LiquidBlockContainer;
[21:37:46] [main/DEBUG]: Skipping Lnet/minecraft/world/level/block/LightningRodBlock;
[21:37:46] [main/DEBUG]: Skipping Lnet/minecraft/world/level/block/LightBlock;
[21:37:46] [main/DEBUG]: Transforming class Lnet/minecraft/world/level/block/LeverBlock;
[21:37:46] [main/DEBUG]: Transforming net/minecraft/world/level/block/LeverBlock METHOD <init>(Lnet/minecraft/world/level/block/state/BlockBehaviour$Properties;)V to access PUBLIC and LEAVE
[21:37:46] [main/DEBUG]: Skipping Lnet/minecraft/world/level/block/LeverBlock$1;
[21:37:46] [main/DEBUG]: Skipping Lnet/minecraft/world/level/block/LevelEvent;
[21:37:46] [main/DEBUG]: Transforming class Lnet/minecraft/world/level/block/LecternBlock;
[21:37:46] [main/DEBUG]: Transforming net/minecraft/world/level/block/LecternBlock METHOD <init>(Lnet/minecraft/world/level/block/state/BlockBehaviour$Properties;)V to access PUBLIC and LEAVE
[21:37:46] [main/DEBUG]: Skipping Lnet/minecraft/world/level/block/LecternBlock$1;
[21:37:46] [main/DEBUG]: Skipping Lnet/minecraft/world/level/block/LayeredCauldronBlock;
[21:37:46] [main/DEBUG]: Skipping Lnet/minecraft/world/level/block/LavaCauldronBlock;
[21:37:46] [main/DEBUG]: Skipping Lnet/minecraft/world/level/block/LanternBlock;
[21:37:46] [main/DEBUG]: Transforming class Lnet/minecraft/world/level/block/LadderBlock;
[21:37:46] [main/DEBUG]: Transforming net/minecraft/world/level/block/LadderBlock METHOD <init>(Lnet/minecraft/world/level/block/state/BlockBehaviour$Properties;)V to access PUBLIC and LEAVE
[21:37:46] [main/DEBUG]: Skipping Lnet/minecraft/world/level/block/LadderBlock$1;
[21:37:46] [main/DEBUG]: Transforming class Lnet/minecraft/world/level/block/KelpPlantBlock;
[21:37:46] [main/DEBUG]: Transforming net/minecraft/world/level/block/KelpPlantBlock METHOD <init>(Lnet/minecraft/world/level/block/state/BlockBehaviour$Properties;)V to access PUBLIC and LEAVE
[21:37:46] [main/DEBUG]: Transforming class Lnet/minecraft/world/level/block/KelpBlock;
[21:37:46] [main/DEBUG]: Transforming net/minecraft/world/level/block/KelpBlock METHOD <init>(Lnet/minecraft/world/level/block/state/BlockBehaviour$Properties;)V to access PUBLIC and LEAVE
[21:37:46] [main/DEBUG]: Transforming class Lnet/minecraft/world/level/block/JukeboxBlock;
[21:37:46] [main/DEBUG]: Transforming net/minecraft/world/level/block/JukeboxBlock METHOD <init>(Lnet/minecraft/world/level/block/state/BlockBehaviour$Properties;)V to access PUBLIC and LEAVE
[21:37:46] [main/DEBUG]: Transforming class Lnet/minecraft/world/level/block/JigsawBlock;
[21:37:46] [main/DEBUG]: Transforming net/minecraft/world/level/block/JigsawBlock METHOD <init>(Lnet/minecraft/world/level/block/state/BlockBehaviour$Properties;)V to access PUBLIC and LEAVE
[21:37:46] [main/DEBUG]: Transforming class Lnet/minecraft/world/level/block/IronBarsBlock;
[21:37:46] [main/DEBUG]: Transforming net/minecraft/world/level/block/IronBarsBlock METHOD <init>(Lnet/minecraft/world/level/block/state/BlockBehaviour$Properties;)V to access PUBLIC and LEAVE
[21:37:46] [main/DEBUG]: Skipping Lnet/minecraft/world/level/block/InfestedRotatedPillarBlock;
[21:37:46] [main/DEBUG]: Skipping Lnet/minecraft/world/level/block/InfestedBlock;
[21:37:46] [main/DEBUG]: Skipping Lnet/minecraft/world/level/block/IceBlock;
[21:37:46] [main/DEBUG]: Skipping Lnet/minecraft/world/level/block/HugeMushroomBlock;
[21:37:46] [main/DEBUG]: Skipping Lnet/minecraft/world/level/block/HorizontalDirectionalBlock;
[21:37:46] [main/DEBUG]: Skipping Lnet/minecraft/world/level/block/HopperBlock;
[21:37:46] [main/DEBUG]: Skipping Lnet/minecraft/world/level/block/HopperBlock$1;
[21:37:46] [main/DEBUG]: Skipping Lnet/minecraft/world/level/block/HoneyBlock;
[21:37:46] [main/DEBUG]: Skipping Lnet/minecraft/world/level/block/HayBlock;
[21:37:46] [main/DEBUG]: Transforming class Lnet/minecraft/world/level/block/HangingRootsBlock;
[21:37:46] [main/DEBUG]: Transforming net/minecraft/world/level/block/HangingRootsBlock METHOD <init>(Lnet/minecraft/world/level/block/state/BlockBehaviour$Properties;)V to access PUBLIC and LEAVE
[21:37:46] [main/DEBUG]: Transforming class Lnet/minecraft/world/level/block/HalfTransparentBlock;
[21:37:46] [main/DEBUG]: Transforming net/minecraft/world/level/block/HalfTransparentBlock METHOD <init>(Lnet/minecraft/world/level/block/state/BlockBehaviour$Properties;)V to access PUBLIC and LEAVE
[21:37:46] [main/DEBUG]: Skipping Lnet/minecraft/world/level/block/GrowingPlantBodyBlock;
[21:37:46] [main/DEBUG]: Skipping Lnet/minecraft/world/level/block/GrowingPlantBlock;
[21:37:46] [main/DEBUG]: Transforming class Lnet/minecraft/world/level/block/GrindstoneBlock;
[21:37:46] [main/DEBUG]: Transforming net/minecraft/world/level/block/GrindstoneBlock METHOD <init>(Lnet/minecraft/world/level/block/state/BlockBehaviour$Properties;)V to access PUBLIC and LEAVE
[21:37:46] [main/DEBUG]: Skipping Lnet/minecraft/world/level/block/GrindstoneBlock$1;
[21:37:46] [main/DEBUG]: Skipping Lnet/minecraft/world/level/block/GravelBlock;
[21:37:46] [main/DEBUG]: Skipping Lnet/minecraft/world/level/block/GrassBlock;
[21:37:46] [main/DEBUG]: Skipping Lnet/minecraft/world/level/block/GlowLichenBlock;
[21:37:46] [main/DEBUG]: Skipping Lnet/minecraft/world/level/block/GlazedTerracottaBlock;
[21:37:46] [main/DEBUG]: Skipping Lnet/minecraft/world/level/block/GlassBlock;
[21:37:46] [main/DEBUG]: Skipping Lnet/minecraft/world/level/block/GameMasterBlock;
[21:37:46] [main/DEBUG]: Transforming class Lnet/minecraft/world/level/block/FurnaceBlock;
[21:37:46] [main/DEBUG]: Transforming net/minecraft/world/level/block/FurnaceBlock METHOD <init>(Lnet/minecraft/world/level/block/state/BlockBehaviour$Properties;)V to access PUBLIC and LEAVE
[21:37:46] [main/DEBUG]: Skipping Lnet/minecraft/world/level/block/FrostedIceBlock;
[21:37:46] [main/DEBUG]: Skipping Lnet/minecraft/world/level/block/FrogspawnBlock;
[21:37:46] [main/DEBUG]: Transforming class Lnet/minecraft/world/level/block/FletchingTableBlock;
[21:37:46] [main/DEBUG]: Transforming net/minecraft/world/level/block/FletchingTableBlock METHOD <init>(Lnet/minecraft/world/level/block/state/BlockBehaviour$Properties;)V to access PUBLIC and LEAVE
[21:37:46] [main/DEBUG]: Skipping Lnet/minecraft/world/level/block/FenceGateBlock;
[21:37:46] [main/DEBUG]: Skipping Lnet/minecraft/world/level/block/FenceGateBlock$1;
[21:37:46] [main/DEBUG]: Skipping Lnet/minecraft/world/level/block/FenceBlock;
[21:37:46] [main/DEBUG]: Skipping Lnet/minecraft/world/level/block/FallingBlock;
[21:37:46] [main/DEBUG]: Skipping Lnet/minecraft/world/level/block/Fallable;
[21:37:46] [main/DEBUG]: Transforming class Lnet/minecraft/world/level/block/FaceAttachedHorizontalDirectionalBlock;
[21:37:46] [main/DEBUG]: Transforming net/minecraft/world/level/block/FaceAttachedHorizontalDirectionalBlock METHOD <init>(Lnet/minecraft/world/level/block/state/BlockBehaviour$Properties;)V to access PUBLIC and LEAVE
[21:37:46] [main/DEBUG]: Skipping Lnet/minecraft/world/level/block/FaceAttachedHorizontalDirectionalBlock$1;
[21:37:46] [main/DEBUG]: Skipping Lnet/minecraft/world/level/block/EntityBlock;
[21:37:46] [main/DEBUG]: Transforming class Lnet/minecraft/world/level/block/EnderChestBlock;
[21:37:46] [main/DEBUG]: Transforming net/minecraft/world/level/block/EnderChestBlock METHOD <init>(Lnet/minecraft/world/level/block/state/BlockBehaviour$Properties;)V to access PUBLIC and LEAVE
[21:37:46] [main/DEBUG]: Transforming class Lnet/minecraft/world/level/block/EndRodBlock;
[21:37:46] [main/DEBUG]: Transforming net/minecraft/world/level/block/EndRodBlock METHOD <init>(Lnet/minecraft/world/level/block/state/BlockBehaviour$Properties;)V to access PUBLIC and LEAVE
[21:37:46] [main/DEBUG]: Skipping Lnet/minecraft/world/level/block/EndPortalFrameBlock;
[21:37:46] [main/DEBUG]: Transforming class Lnet/minecraft/world/level/block/EndPortalBlock;
[21:37:46] [main/DEBUG]: Transforming net/minecraft/world/level/block/EndPortalBlock METHOD <init>(Lnet/minecraft/world/level/block/state/BlockBehaviour$Properties;)V to access PUBLIC and LEAVE
[21:37:46] [main/DEBUG]: Transforming class Lnet/minecraft/world/level/block/EndGatewayBlock;
[21:37:46] [main/DEBUG]: Transforming net/minecraft/world/level/block/EndGatewayBlock METHOD <init>(Lnet/minecraft/world/level/block/state/BlockBehaviour$Properties;)V to access PUBLIC and LEAVE
[21:37:46] [main/DEBUG]: Skipping Lnet/minecraft/world/level/block/DragonEggBlock;
[21:37:46] [main/DEBUG]: Skipping Lnet/minecraft/world/level/block/DoubleBlockCombiner;
[21:37:46] [main/DEBUG]: Skipping Lnet/minecraft/world/level/block/DoubleBlockCombiner$NeighborCombineResult;
[21:37:46] [main/DEBUG]: Skipping Lnet/minecraft/world/level/block/DoubleBlockCombiner$NeighborCombineResult$Single;
[21:37:46] [main/DEBUG]: Skipping Lnet/minecraft/world/level/block/DoubleBlockCombiner$NeighborCombineResult$Double;
[21:37:46] [main/DEBUG]: Skipping Lnet/minecraft/world/level/block/DoubleBlockCombiner$Combiner;
[21:37:46] [main/DEBUG]: Skipping Lnet/minecraft/world/level/block/DoubleBlockCombiner$BlockType;
[21:37:46] [main/DEBUG]: Transforming class Lnet/minecraft/world/level/block/DoorBlock;
[21:37:46] [main/DEBUG]: Transforming net/minecraft/world/level/block/DoorBlock METHOD <init>(Lnet/minecraft/world/level/block/state/BlockBehaviour$Properties;)V to access PUBLIC and LEAVE
[21:37:46] [main/DEBUG]: Skipping Lnet/minecraft/world/level/block/DoorBlock$1;
[21:37:46] [main/DEBUG]: Transforming class Lnet/minecraft/world/level/block/DispenserBlock;
[21:37:46] [main/DEBUG]: Transforming net/minecraft/world/level/block/DispenserBlock METHOD <init>(Lnet/minecraft/world/level/block/state/BlockBehaviour$Properties;)V to access PUBLIC and LEAVE
[21:37:46] [main/DEBUG]: Transforming class Lnet/minecraft/world/level/block/DirtPathBlock;
[21:37:46] [main/DEBUG]: Transforming net/minecraft/world/level/block/DirtPathBlock METHOD <init>(Lnet/minecraft/world/level/block/state/BlockBehaviour$Properties;)V to access PUBLIC and LEAVE
[21:37:46] [main/DEBUG]: Skipping Lnet/minecraft/world/level/block/DirectionalBlock;
[21:37:46] [main/DEBUG]: Skipping Lnet/minecraft/world/level/block/DaylightDetectorBlock;
[21:37:46] [main/DEBUG]: Skipping Lnet/minecraft/world/level/block/CryingObsidianBlock;
[21:37:46] [main/DEBUG]: Transforming class Lnet/minecraft/world/level/block/CrossCollisionBlock;
[21:37:46] [main/DEBUG]: Transforming net/minecraft/world/level/block/CrossCollisionBlock METHOD <init>(FFFFFLnet/minecraft/world/level/block/state/BlockBehaviour$Properties;)V to access PUBLIC and LEAVE
[21:37:46] [main/DEBUG]: Skipping Lnet/minecraft/world/level/block/CrossCollisionBlock$1;
[21:37:46] [main/DEBUG]: Transforming class Lnet/minecraft/world/level/block/CraftingTableBlock;
[21:37:46] [main/DEBUG]: Transforming net/minecraft/world/level/block/CraftingTableBlock METHOD <init>(Lnet/minecraft/world/level/block/state/BlockBehaviour$Properties;)V to access PUBLIC and LEAVE
[21:37:46] [main/DEBUG]: Transforming class Lnet/minecraft/world/level/block/CoralWallFanBlock;
[21:37:46] [main/DEBUG]: Transforming net/minecraft/world/level/block/CoralWallFanBlock METHOD <init>(Lnet/minecraft/world/level/block/Block;Lnet/minecraft/world/level/block/state/BlockBehaviour$Properties;)V to access PUBLIC and LEAVE
[21:37:46] [main/DEBUG]: Transforming class Lnet/minecraft/world/level/block/CoralPlantBlock;
[21:37:46] [main/DEBUG]: Transforming net/minecraft/world/level/block/CoralPlantBlock METHOD <init>(Lnet/minecraft/world/level/block/Block;Lnet/minecraft/world/level/block/state/BlockBehaviour$Properties;)V to access PUBLIC and LEAVE
[21:37:46] [main/DEBUG]: Transforming class Lnet/minecraft/world/level/block/CoralFanBlock;
[21:37:46] [main/DEBUG]: Transforming net/minecraft/world/level/block/CoralFanBlock METHOD <init>(Lnet/minecraft/world/level/block/Block;Lnet/minecraft/world/level/block/state/BlockBehaviour$Properties;)V to access PUBLIC and LEAVE
[21:37:46] [main/DEBUG]: Skipping Lnet/minecraft/world/level/block/ConduitBlock;
[21:37:46] [main/DEBUG]: Skipping Lnet/minecraft/world/level/block/ComposterBlock;
[21:37:46] [main/DEBUG]: Skipping Lnet/minecraft/world/level/block/ComposterBlock$OutputContainer;
[21:37:46] [main/DEBUG]: Skipping Lnet/minecraft/world/level/block/ComposterBlock$InputContainer;
[21:37:46] [main/DEBUG]: Skipping Lnet/minecraft/world/level/block/ComposterBlock$EmptyContainer;
[21:37:46] [main/DEBUG]: Skipping Lnet/minecraft/world/level/block/CommandBlock;
[21:37:46] [main/DEBUG]: Transforming class Lnet/minecraft/world/level/block/ChorusPlantBlock;
[21:37:46] [main/DEBUG]: Transforming net/minecraft/world/level/block/ChorusPlantBlock METHOD <init>(Lnet/minecraft/world/level/block/state/BlockBehaviour$Properties;)V to access PUBLIC and LEAVE
[21:37:46] [main/DEBUG]: Skipping Lnet/minecraft/world/level/block/ChangeOverTimeBlock;
[21:37:46] [main/DEBUG]: Skipping Lnet/minecraft/world/level/block/ChainBlock;
[21:37:46] [main/DEBUG]: Skipping Lnet/minecraft/world/level/block/ChainBlock$1;
[21:37:46] [main/DEBUG]: Skipping Lnet/minecraft/world/level/block/CaveVinesPlantBlock;
[21:37:46] [main/DEBUG]: Skipping Lnet/minecraft/world/level/block/CaveVinesBlock;
[21:37:46] [main/DEBUG]: Skipping Lnet/minecraft/world/level/block/CaveVines;
[21:37:46] [main/DEBUG]: Skipping Lnet/minecraft/world/level/block/CauldronBlock;
[21:37:46] [main/DEBUG]: Transforming class Lnet/minecraft/world/level/block/CarvedPumpkinBlock;
[21:37:46] [main/DEBUG]: Transforming net/minecraft/world/level/block/CarvedPumpkinBlock METHOD <init>(Lnet/minecraft/world/level/block/state/BlockBehaviour$Properties;)V to access PUBLIC and LEAVE
[21:37:46] [main/DEBUG]: Transforming class Lnet/minecraft/world/level/block/CartographyTableBlock;
[21:37:46] [main/DEBUG]: Transforming net/minecraft/world/level/block/CartographyTableBlock METHOD <init>(Lnet/minecraft/world/level/block/state/BlockBehaviour$Properties;)V to access PUBLIC and LEAVE
[21:37:46] [main/DEBUG]: Skipping Lnet/minecraft/world/level/block/CarrotBlock;
[21:37:46] [main/DEBUG]: Skipping Lnet/minecraft/world/level/block/CarpetBlock;
[21:37:46] [main/DEBUG]: Transforming class Lnet/minecraft/world/level/block/CandleCakeBlock;
[21:37:46] [main/DEBUG]: Transforming net/minecraft/world/level/block/CandleCakeBlock METHOD <init>(Lnet/minecraft/world/level/block/Block;Lnet/minecraft/world/level/block/state/BlockBehaviour$Properties;)V to access PUBLIC and LEAVE
[21:37:46] [main/DEBUG]: Skipping Lnet/minecraft/world/level/block/CandleBlock;
[21:37:46] [main/DEBUG]: Transforming class Lnet/minecraft/world/level/block/CakeBlock;
[21:37:46] [main/DEBUG]: Transforming net/minecraft/world/level/block/CakeBlock METHOD <init>(Lnet/minecraft/world/level/block/state/BlockBehaviour$Properties;)V to access PUBLIC and LEAVE
[21:37:46] [main/DEBUG]: Skipping Lnet/minecraft/world/level/block/ButtonBlock;
[21:37:46] [main/DEBUG]: Skipping Lnet/minecraft/world/level/block/ButtonBlock$1;
[21:37:46] [main/DEBUG]: Skipping Lnet/minecraft/world/level/block/BuddingAmethystBlock;
[21:37:46] [main/DEBUG]: Skipping Lnet/minecraft/world/level/block/BubbleColumnBlock;
[21:37:46] [main/DEBUG]: Skipping Lnet/minecraft/world/level/block/BrewingStandBlock;
[21:37:46] [main/DEBUG]: Skipping Lnet/minecraft/world/level/block/BonemealableBlock;
[21:37:46] [main/DEBUG]: Transforming class Lnet/minecraft/world/level/block/BlastFurnaceBlock;
[21:37:46] [main/DEBUG]: Transforming net/minecraft/world/level/block/BlastFurnaceBlock METHOD <init>(Lnet/minecraft/world/level/block/state/BlockBehaviour$Properties;)V to access PUBLIC and LEAVE
[21:37:46] [main/DEBUG]: Transforming class Lnet/minecraft/world/level/block/BigDripleafStemBlock;
[21:37:46] [main/DEBUG]: Transforming net/minecraft/world/level/block/BigDripleafStemBlock METHOD <init>(Lnet/minecraft/world/level/block/state/BlockBehaviour$Properties;)V to access PUBLIC and LEAVE
[21:37:46] [main/DEBUG]: Skipping Lnet/minecraft/world/level/block/BigDripleafStemBlock$1;
[21:37:46] [main/DEBUG]: Transforming class Lnet/minecraft/world/level/block/BigDripleafBlock;
[21:37:46] [main/DEBUG]: Transforming net/minecraft/world/level/block/BigDripleafBlock METHOD <init>(Lnet/minecraft/world/level/block/state/BlockBehaviour$Properties;)V to access PUBLIC and LEAVE
[21:37:46] [main/DEBUG]: Skipping Lnet/minecraft/world/level/block/BellBlock;
[21:37:46] [main/DEBUG]: Skipping Lnet/minecraft/world/level/block/BellBlock$1;
[21:37:46] [main/DEBUG]: Skipping Lnet/minecraft/world/level/block/BeetrootBlock;
[21:37:46] [main/DEBUG]: Skipping Lnet/minecraft/world/level/block/BedBlock;
[21:37:46] [main/DEBUG]: Skipping Lnet/minecraft/world/level/block/BedBlock$1;
[21:37:46] [main/DEBUG]: Skipping Lnet/minecraft/world/level/block/BeaconBlock;
[21:37:46] [main/DEBUG]: Skipping Lnet/minecraft/world/level/block/BeaconBeamBlock;
[21:37:46] [main/DEBUG]: Skipping Lnet/minecraft/world/level/block/BasePressurePlateBlock;
[21:37:46] [main/DEBUG]: Skipping Lnet/minecraft/world/level/block/BaseEntityBlock;
[21:37:46] [main/DEBUG]: Transforming class Lnet/minecraft/world/level/block/BaseCoralWallFanBlock;
[21:37:46] [main/DEBUG]: Transforming net/minecraft/world/level/block/BaseCoralWallFanBlock METHOD <init>(Lnet/minecraft/world/level/block/state/BlockBehaviour$Properties;)V to access PUBLIC and LEAVE
[21:37:46] [main/DEBUG]: Transforming class Lnet/minecraft/world/level/block/BaseCoralPlantTypeBlock;
[21:37:46] [main/DEBUG]: Transforming net/minecraft/world/level/block/BaseCoralPlantTypeBlock METHOD <init>(Lnet/minecraft/world/level/block/state/BlockBehaviour$Properties;)V to access PUBLIC and LEAVE
[21:37:46] [main/DEBUG]: Transforming class Lnet/minecraft/world/level/block/BaseCoralPlantBlock;
[21:37:46] [main/DEBUG]: Transforming net/minecraft/world/level/block/BaseCoralPlantBlock METHOD <init>(Lnet/minecraft/world/level/block/state/BlockBehaviour$Properties;)V to access PUBLIC and LEAVE
[21:37:46] [main/DEBUG]: Transforming class Lnet/minecraft/world/level/block/BaseCoralFanBlock;
[21:37:46] [main/DEBUG]: Transforming net/minecraft/world/level/block/BaseCoralFanBlock METHOD <init>(Lnet/minecraft/world/level/block/state/BlockBehaviour$Properties;)V to access PUBLIC and LEAVE
[21:37:46] [main/DEBUG]: Transforming class Lnet/minecraft/world/level/block/BarrierBlock;
[21:37:46] [main/DEBUG]: Transforming net/minecraft/world/level/block/BarrierBlock METHOD <init>(Lnet/minecraft/world/level/block/state/BlockBehaviour$Properties;)V to access PUBLIC and LEAVE
[21:37:46] [main/DEBUG]: Skipping Lnet/minecraft/world/level/block/BarrelBlock;
[21:37:46] [main/DEBUG]: Skipping Lnet/minecraft/world/level/block/BannerBlock;
[21:37:46] [main/DEBUG]: Transforming class Lnet/minecraft/world/level/block/AzaleaBlock;
[21:37:46] [main/DEBUG]: Transforming net/minecraft/world/level/block/AzaleaBlock METHOD <init>(Lnet/minecraft/world/level/block/state/BlockBehaviour$Properties;)V to access PUBLIC and LEAVE
[21:37:46] [main/DEBUG]: Transforming class Lnet/minecraft/world/level/block/AttachedStemBlock;
[21:37:46] [main/DEBUG]: Transforming net/minecraft/world/level/block/AttachedStemBlock METHOD <init>(Lnet/minecraft/world/level/block/StemGrownBlock;Ljava/util/function/Supplier;Lnet/minecraft/world/level/block/state/BlockBehaviour$Properties;)V to access PUBLIC and LEAVE
[21:37:46] [main/DEBUG]: Skipping Lnet/minecraft/world/level/block/AnvilBlock;
[21:37:46] [main/DEBUG]: Skipping Lnet/minecraft/world/level/block/AmethystClusterBlock;
[21:37:46] [main/DEBUG]: Skipping Lnet/minecraft/world/level/block/AmethystClusterBlock$1;
[21:37:46] [main/DEBUG]: Skipping Lnet/minecraft/world/level/block/AmethystBlock;
[21:37:46] [main/DEBUG]: Transforming class Lnet/minecraft/world/level/block/AirBlock;
[21:37:46] [main/DEBUG]: Transforming net/minecraft/world/level/block/AirBlock METHOD <init>(Lnet/minecraft/world/level/block/state/BlockBehaviour$Properties;)V to access PUBLIC and LEAVE
[21:37:46] [main/DEBUG]: Skipping Lnet/minecraft/world/level/block/AbstractSkullBlock;
[21:37:46] [main/DEBUG]: Skipping Lnet/minecraft/world/level/block/AbstractGlassBlock;
[21:37:46] [main/DEBUG]: Skipping Lnet/minecraft/world/level/block/AbstractFurnaceBlock;
[21:37:46] [main/DEBUG]: Skipping Lnet/minecraft/world/level/block/AbstractChestBlock;
[21:37:46] [main/DEBUG]: Skipping Lnet/minecraft/world/level/block/AbstractCauldronBlock;
[21:37:46] [main/DEBUG]: Skipping Lnet/minecraft/world/level/block/AbstractCandleBlock;
[21:37:46] [main/DEBUG]: Skipping Lnet/minecraft/world/level/block/AbstractBannerBlock;
[21:37:46] [main/DEBUG]: Skipping Lnet/minecraft/world/level/block/WebBlock;
[21:37:46] [main/DEBUG]: Skipping Lnet/minecraft/world/level/block/VineBlock;
[21:37:46] [main/DEBUG]: Skipping Lnet/minecraft/world/level/block/VineBlock$1;
[21:37:46] [main/DEBUG]: Skipping Lnet/minecraft/world/level/block/TurtleEggBlock;
[21:37:46] [main/DEBUG]: Skipping Lnet/minecraft/world/level/block/TripWireHookBlock;
[21:37:46] [main/DEBUG]: Skipping Lnet/minecraft/world/level/block/TripWireHookBlock$1;
[21:37:46] [main/DEBUG]: Skipping Lnet/minecraft/world/level/block/TripWireBlock;
[21:37:46] [main/DEBUG]: Skipping Lnet/minecraft/world/level/block/TripWireBlock$1;
[21:37:46] [main/DEBUG]: Transforming class Lnet/minecraft/world/level/block/TrapDoorBlock;
[21:37:46] [main/DEBUG]: Transforming net/minecraft/world/level/block/TrapDoorBlock METHOD <init>(Lnet/minecraft/world/level/block/state/BlockBehaviour$Properties;)V to access PUBLIC and LEAVE
[21:37:46] [main/DEBUG]: Skipping Lnet/minecraft/world/level/block/TrapDoorBlock$1;
[21:37:46] [main/DEBUG]: Skipping Lnet/minecraft/world/level/block/TntBlock;
[21:37:46] [main/DEBUG]: Transforming class Lnet/minecraft/world/level/block/TallGrassBlock;
[21:37:46] [main/DEBUG]: Transforming net/minecraft/world/level/block/TallGrassBlock METHOD <init>(Lnet/minecraft/world/level/block/state/BlockBehaviour$Properties;)V to access PUBLIC and LEAVE
[21:37:46] [main/DEBUG]: Skipping Lnet/minecraft/world/level/block/SweetBerryBushBlock;
[21:37:46] [main/DEBUG]: Transforming class Lnet/minecraft/world/level/block/SugarCaneBlock;
[21:37:46] [main/DEBUG]: Transforming net/minecraft/world/level/block/SugarCaneBlock METHOD <init>(Lnet/minecraft/world/level/block/state/BlockBehaviour$Properties;)V to access PUBLIC and LEAVE
[21:37:46] [main/DEBUG]: Skipping Lnet/minecraft/world/level/block/StemGrownBlock;
[21:37:46] [main/DEBUG]: Transforming class Lnet/minecraft/world/level/block/StemBlock;
[21:37:46] [main/DEBUG]: Transforming net/minecraft/world/level/block/StemBlock METHOD <init>(Lnet/minecraft/world/level/block/StemGrownBlock;Ljava/util/function/Supplier;Lnet/minecraft/world/level/block/state/BlockBehaviour$Properties;)V to access PUBLIC and LEAVE
[21:37:46] [main/DEBUG]: Transforming class Lnet/minecraft/world/level/block/StairBlock;
[21:37:46] [main/DEBUG]: Transforming net/minecraft/world/level/block/StairBlock METHOD <init>(Lnet/minecraft/world/level/block/state/BlockState;Lnet/minecraft/world/level/block/state/BlockBehaviour$Properties;)V to access PUBLIC and LEAVE
[21:37:46] [main/DEBUG]: Skipping Lnet/minecraft/world/level/block/StairBlock$1;
[21:37:46] [main/DEBUG]: Skipping Lnet/minecraft/world/level/block/SpreadingSnowyDirtBlock;
[21:37:46] [main/DEBUG]: Transforming class Lnet/minecraft/world/level/block/SpongeBlock;
[21:37:46] [main/DEBUG]: Transforming net/minecraft/world/level/block/SpongeBlock METHOD <init>(Lnet/minecraft/world/level/block/state/BlockBehaviour$Properties;)V to access PUBLIC and LEAVE
[21:37:46] [main/DEBUG]: Transforming class Lnet/minecraft/world/level/block/SpawnerBlock;
[21:37:46] [main/DEBUG]: Transforming net/minecraft/world/level/block/SpawnerBlock METHOD <init>(Lnet/minecraft/world/level/block/state/BlockBehaviour$Properties;)V to access PUBLIC and LEAVE
[21:37:46] [main/DEBUG]: Skipping Lnet/minecraft/world/level/block/SoundType;
[21:37:46] [main/DEBUG]: Transforming class Lnet/minecraft/world/level/block/SeagrassBlock;
[21:37:46] [main/DEBUG]: Transforming net/minecraft/world/level/block/SeagrassBlock METHOD <init>(Lnet/minecraft/world/level/block/state/BlockBehaviour$Properties;)V to access PUBLIC and LEAVE
[21:37:46] [main/DEBUG]: Skipping Lnet/minecraft/world/level/block/SculkShriekerBlock;
[21:37:46] [main/DEBUG]: Skipping Lnet/minecraft/world/level/block/SculkSensorBlock;
[21:37:46] [main/DEBUG]: Skipping Lnet/minecraft/world/level/block/SculkCatalystBlock;
[21:37:46] [main/DEBUG]: Transforming class Lnet/minecraft/world/level/block/SaplingBlock;
[21:37:46] [main/DEBUG]: Transforming net/minecraft/world/level/block/SaplingBlock METHOD <init>(Lnet/minecraft/world/level/block/grower/AbstractTreeGrower;Lnet/minecraft/world/level/block/state/BlockBehaviour$Properties;)V to access PUBLIC and LEAVE
[21:37:46] [main/DEBUG]: Skipping Lnet/minecraft/world/level/block/RedStoneWireBlock;
[21:37:46] [main/DEBUG]: Skipping Lnet/minecraft/world/level/block/RedStoneWireBlock$1;
[21:37:46] [main/DEBUG]: Skipping Lnet/minecraft/world/level/block/RedStoneOreBlock;
[21:37:46] [main/DEBUG]: Skipping Lnet/minecraft/world/level/block/RailState;
[21:37:46] [main/DEBUG]: Skipping Lnet/minecraft/world/level/block/RailState$1;
[21:37:46] [main/DEBUG]: Transforming class Lnet/minecraft/world/level/block/RailBlock;
[21:37:46] [main/DEBUG]: Transforming net/minecraft/world/level/block/RailBlock METHOD <init>(Lnet/minecraft/world/level/block/state/BlockBehaviour$Properties;)V to access PUBLIC and LEAVE
[21:37:46] [main/DEBUG]: Skipping Lnet/minecraft/world/level/block/RailBlock$1;
[21:37:46] [main/DEBUG]: Transforming class Lnet/minecraft/world/level/block/PumpkinBlock;
[21:37:46] [main/DEBUG]: Transforming net/minecraft/world/level/block/PumpkinBlock METHOD <init>(Lnet/minecraft/world/level/block/state/BlockBehaviour$Properties;)V to access PUBLIC and LEAVE
[21:37:46] [main/DEBUG]: Transforming class Lnet/minecraft/world/level/block/PoweredRailBlock;
[21:37:46] [main/DEBUG]: Transforming net/minecraft/world/level/block/PoweredRailBlock METHOD <init>(Lnet/minecraft/world/level/block/state/BlockBehaviour$Properties;)V to access PUBLIC and LEAVE
[21:37:46] [main/DEBUG]: Skipping Lnet/minecraft/world/level/block/PoweredRailBlock$1;
[21:37:46] [main/DEBUG]: Skipping Lnet/minecraft/world/level/block/PowderSnowBlock;
[21:37:46] [main/DEBUG]: Skipping Lnet/minecraft/world/level/block/NoteBlock;
[21:37:46] [main/DEBUG]: Transforming class Lnet/minecraft/world/level/block/NetherWartBlock;
[21:37:46] [main/DEBUG]: Transforming net/minecraft/world/level/block/NetherWartBlock METHOD <init>(Lnet/minecraft/world/level/block/state/BlockBehaviour$Properties;)V to access PUBLIC and LEAVE
[21:37:46] [main/DEBUG]: Skipping Lnet/minecraft/world/level/block/MushroomBlock;
[21:37:46] [main/DEBUG]: Skipping Lnet/minecraft/world/level/block/MagmaBlock;
[21:37:46] [main/DEBUG]: Transforming class Lnet/minecraft/world/level/block/LiquidBlock;
[21:37:46] [main/DEBUG]: Transforming net/minecraft/world/level/block/LiquidBlock METHOD <init>(Lnet/minecraft/world/level/material/FlowingFluid;Lnet/minecraft/world/level/block/state/BlockBehaviour$Properties;)V to access PUBLIC and LEAVE
[21:37:46] [main/DEBUG]: Skipping Lnet/minecraft/world/level/block/LeavesBlock;
[21:37:46] [main/DEBUG]: Skipping Lnet/minecraft/world/level/block/GrowingPlantHeadBlock;
[21:37:46] [main/DEBUG]: Transforming class Lnet/minecraft/world/level/block/FungusBlock;
[21:37:46] [main/DEBUG]: Transforming net/minecraft/world/level/block/FungusBlock METHOD <init>(Lnet/minecraft/world/level/block/state/BlockBehaviour$Properties;Ljava/util/function/Supplier;)V to access PUBLIC and LEAVE
[21:37:46] [main/DEBUG]: Skipping Lnet/minecraft/world/level/block/FlowerPotBlock;
[21:37:46] [main/DEBUG]: Skipping Lnet/minecraft/world/level/block/FlowerBlock;
[21:37:46] [main/DEBUG]: Transforming class Lnet/minecraft/world/level/block/FireBlock;
[21:37:46] [main/DEBUG]: Transforming net/minecraft/world/level/block/FireBlock METHOD m_221164_(Lnet/minecraft/world/level/block/state/BlockState;)I to access PUBLIC and LEAVE
[21:37:46] [main/DEBUG]: Transforming net/minecraft/world/level/block/FireBlock METHOD m_221166_(Lnet/minecraft/world/level/block/state/BlockState;)I to access PUBLIC and LEAVE
[21:37:46] [main/DEBUG]: Transforming class Lnet/minecraft/world/level/block/FarmBlock;
[21:37:46] [main/DEBUG]: Transforming net/minecraft/world/level/block/FarmBlock METHOD <init>(Lnet/minecraft/world/level/block/state/BlockBehaviour$Properties;)V to access PUBLIC and LEAVE
[21:37:46] [main/DEBUG]: Transforming class Lnet/minecraft/world/level/block/EnchantmentTableBlock;
[21:37:46] [main/DEBUG]: Transforming net/minecraft/world/level/block/EnchantmentTableBlock METHOD <init>(Lnet/minecraft/world/level/block/state/BlockBehaviour$Properties;)V to access PUBLIC and LEAVE
[21:37:46] [main/DEBUG]: Skipping Lnet/minecraft/world/level/block/DropperBlock;
[21:37:46] [main/DEBUG]: Skipping Lnet/minecraft/world/level/block/DropExperienceBlock;
[21:37:46] [main/DEBUG]: Skipping Lnet/minecraft/world/level/block/DoublePlantBlock;
[21:37:46] [main/DEBUG]: Skipping Lnet/minecraft/world/level/block/DiodeBlock;
[21:37:46] [main/DEBUG]: Skipping Lnet/minecraft/world/level/block/DetectorRailBlock;
[21:37:46] [main/DEBUG]: Skipping Lnet/minecraft/world/level/block/DetectorRailBlock$1;
[21:37:46] [main/DEBUG]: Transforming class Lnet/minecraft/world/level/block/DeadBushBlock;
[21:37:46] [main/DEBUG]: Transforming net/minecraft/world/level/block/DeadBushBlock METHOD <init>(Lnet/minecraft/world/level/block/state/BlockBehaviour$Properties;)V to access PUBLIC and LEAVE
[21:37:46] [main/DEBUG]: Transforming class Lnet/minecraft/world/level/block/CropBlock;
[21:37:46] [main/DEBUG]: Transforming net/minecraft/world/level/block/CropBlock METHOD <init>(Lnet/minecraft/world/level/block/state/BlockBehaviour$Properties;)V to access PUBLIC and LEAVE
[21:37:46] [main/DEBUG]: Skipping Lnet/minecraft/world/level/block/CoralBlock;
[21:37:46] [main/DEBUG]: Skipping Lnet/minecraft/world/level/block/ConcretePowderBlock;
[21:37:46] [main/DEBUG]: Skipping Lnet/minecraft/world/level/block/ComparatorBlock;
[21:37:46] [main/DEBUG]: Skipping Lnet/minecraft/world/level/block/CocoaBlock;
[21:37:46] [main/DEBUG]: Skipping Lnet/minecraft/world/level/block/CocoaBlock$1;
[21:37:46] [main/DEBUG]: Transforming class Lnet/minecraft/world/level/block/ChorusFlowerBlock;
[21:37:46] [main/DEBUG]: Transforming net/minecraft/world/level/block/ChorusFlowerBlock METHOD <init>(Lnet/minecraft/world/level/block/ChorusPlantBlock;Lnet/minecraft/world/level/block/state/BlockBehaviour$Properties;)V to access PUBLIC and LEAVE
[21:37:46] [main/DEBUG]: Transforming class Lnet/minecraft/world/level/block/ChestBlock;
[21:37:46] [main/DEBUG]: Transforming net/minecraft/world/level/block/ChestBlock METHOD <init>(Lnet/minecraft/world/level/block/state/BlockBehaviour$Properties;Ljava/util/function/Supplier;)V to access PUBLIC and LEAVE
[21:37:46] [main/DEBUG]: Skipping Lnet/minecraft/world/level/block/ChestBlock$4;
[21:37:46] [main/DEBUG]: Skipping Lnet/minecraft/world/level/block/ChestBlock$3;
[21:37:46] [main/DEBUG]: Skipping Lnet/minecraft/world/level/block/ChestBlock$2;
[21:37:46] [main/DEBUG]: Skipping Lnet/minecraft/world/level/block/ChestBlock$2$1;
[21:37:46] [main/DEBUG]: Skipping Lnet/minecraft/world/level/block/ChestBlock$1;
[21:37:46] [main/DEBUG]: Skipping Lnet/minecraft/world/level/block/CampfireBlock;
[21:37:46] [main/DEBUG]: Transforming class Lnet/minecraft/world/level/block/CactusBlock;
[21:37:46] [main/DEBUG]: Transforming net/minecraft/world/level/block/CactusBlock METHOD <init>(Lnet/minecraft/world/level/block/state/BlockBehaviour$Properties;)V to access PUBLIC and LEAVE
[21:37:46] [main/DEBUG]: Transforming class Lnet/minecraft/world/level/block/BushBlock;
[21:37:46] [main/DEBUG]: Transforming net/minecraft/world/level/block/BushBlock METHOD <init>(Lnet/minecraft/world/level/block/state/BlockBehaviour$Properties;)V to access PUBLIC and LEAVE
[21:37:46] [main/DEBUG]: Skipping Lnet/minecraft/world/level/block/BucketPickup;
[21:37:46] [main/DEBUG]: Skipping Lnet/minecraft/world/level/block/Blocks;
[21:37:46] [main/DEBUG]: Transforming class Lnet/minecraft/world/level/block/Block;
[21:37:46] [main/DEBUG]: Transforming net/minecraft/world/level/block/Block METHOD m_49805_(Lnet/minecraft/server/level/ServerLevel;Lnet/minecraft/core/BlockPos;I)V to access PUBLIC and LEAVE
[21:37:46] [main/DEBUG]: Skipping Lnet/minecraft/world/level/block/Block$BlockStatePairKey;
[21:37:46] [main/DEBUG]: Skipping Lnet/minecraft/world/level/block/Block$2;
[21:37:46] [main/DEBUG]: Skipping Lnet/minecraft/world/level/block/Block$1;
[21:37:46] [main/DEBUG]: Skipping Lnet/minecraft/world/level/block/BeehiveBlock;
[21:37:46] [main/DEBUG]: Skipping Lnet/minecraft/world/level/block/BaseRailBlock;
[21:37:46] [main/DEBUG]: Skipping Lnet/minecraft/world/level/block/BaseRailBlock$1;
[21:37:46] [main/DEBUG]: Skipping Lnet/minecraft/world/level/block/BaseFireBlock;
[21:37:46] [main/DEBUG]: Skipping Lnet/minecraft/world/level/block/BambooSaplingBlock;
[21:37:46] [main/DEBUG]: Skipping Lnet/minecraft/world/level/block/BambooBlock;
[21:37:46] [main/DEBUG]: Skipping Lnet/minecraft/world/level/biome/package-info;
[21:37:46] [main/DEBUG]: Skipping Lnet/minecraft/world/level/biome/TheEndBiomeSource;
[21:37:46] [main/DEBUG]: Skipping Lnet/minecraft/world/level/biome/OverworldBiomeBuilder;
[21:37:46] [main/DEBUG]: Skipping Lnet/minecraft/world/level/biome/MultiNoiseBiomeSource;
[21:37:46] [main/DEBUG]: Skipping Lnet/minecraft/world/level/biome/MultiNoiseBiomeSource$PresetInstance;
[21:37:46] [main/DEBUG]: Skipping Lnet/minecraft/world/level/biome/MultiNoiseBiomeSource$Preset;
[21:37:46] [main/DEBUG]: Skipping Lnet/minecraft/world/level/biome/FixedBiomeSource;
[21:37:46] [main/DEBUG]: Skipping Lnet/minecraft/world/level/biome/FeatureSorter;
[21:37:46] [main/DEBUG]: Skipping Lnet/minecraft/world/level/biome/FeatureSorter$StepFeatureData;
[21:37:46] [main/DEBUG]: Skipping Lnet/minecraft/world/level/biome/FeatureSorter$1FeatureData;
[21:37:46] [main/DEBUG]: Skipping Lnet/minecraft/world/level/biome/Climate;
[21:37:46] [main/DEBUG]: Skipping Lnet/minecraft/world/level/biome/Climate$TargetPoint;
[21:37:46] [main/DEBUG]: Skipping Lnet/minecraft/world/level/biome/Climate$SpawnFinder;
[21:37:46] [main/DEBUG]: Skipping Lnet/minecraft/world/level/biome/Climate$SpawnFinder$Result;
[21:37:46] [main/DEBUG]: Skipping Lnet/minecraft/world/level/biome/Climate$Sampler;
[21:37:46] [main/DEBUG]: Skipping Lnet/minecraft/world/level/biome/Climate$RTree;
[21:37:46] [main/DEBUG]: Skipping Lnet/minecraft/world/level/biome/Climate$RTree$SubTree;
[21:37:46] [main/DEBUG]: Skipping Lnet/minecraft/world/level/biome/Climate$RTree$Node;
[21:37:46] [main/DEBUG]: Skipping Lnet/minecraft/world/level/biome/Climate$RTree$Leaf;
[21:37:46] [main/DEBUG]: Skipping Lnet/minecraft/world/level/biome/Climate$ParameterPoint;
[21:37:46] [main/DEBUG]: Skipping Lnet/minecraft/world/level/biome/Climate$ParameterList;
[21:37:46] [main/DEBUG]: Skipping Lnet/minecraft/world/level/biome/Climate$Parameter;
[21:37:46] [main/DEBUG]: Skipping Lnet/minecraft/world/level/biome/Climate$DistanceMetric;
[21:37:46] [main/DEBUG]: Skipping Lnet/minecraft/world/level/biome/CheckerboardColumnBiomeSource;
[21:37:46] [main/DEBUG]: Skipping Lnet/minecraft/world/level/biome/Biomes;
[21:37:46] [main/DEBUG]: Skipping Lnet/minecraft/world/level/biome/BiomeSources;
[21:37:46] [main/DEBUG]: Skipping Lnet/minecraft/world/level/biome/BiomeResolver;
[21:37:46] [main/DEBUG]: Skipping Lnet/minecraft/world/level/biome/BiomeManager;
[21:37:46] [main/DEBUG]: Skipping Lnet/minecraft/world/level/biome/BiomeManager$NoiseBiomeSource;
[21:37:46] [main/DEBUG]: Skipping Lnet/minecraft/world/level/biome/AmbientParticleSettings;
[21:37:46] [main/DEBUG]: Skipping Lnet/minecraft/world/level/biome/AmbientMoodSettings;
[21:37:46] [main/DEBUG]: Skipping Lnet/minecraft/world/level/biome/AmbientAdditionsSettings;
[21:37:46] [main/DEBUG]: Skipping Lnet/minecraft/world/level/biome/BiomeSpecialEffects$GrassColorModifier$ColorModifier;
[21:37:46] [main/DEBUG]: Skipping Lnet/minecraft/world/level/biome/MobSpawnSettings;
[21:37:46] [main/DEBUG]: Skipping Lnet/minecraft/world/level/biome/MobSpawnSettings$SpawnerData;
[21:37:46] [main/DEBUG]: Skipping Lnet/minecraft/world/level/biome/MobSpawnSettings$MobSpawnCost;
[21:37:46] [main/DEBUG]: Transforming class Lnet/minecraft/world/level/biome/MobSpawnSettings$Builder;
[21:37:46] [main/DEBUG]: Transforming net/minecraft/world/level/biome/MobSpawnSettings$Builder FIELD f_48362_ to access PROTECTED and LEAVE
[21:37:46] [main/DEBUG]: Transforming net/minecraft/world/level/biome/MobSpawnSettings$Builder FIELD f_48363_ to access PROTECTED and LEAVE
[21:37:46] [main/DEBUG]: Transforming net/minecraft/world/level/biome/MobSpawnSettings$Builder FIELD f_48364_ to access PROTECTED and LEAVE
[21:37:46] [main/DEBUG]: Skipping Lnet/minecraft/world/level/biome/BiomeSpecialEffects;
[21:37:46] [main/DEBUG]: Skipping Lnet/minecraft/world/level/biome/BiomeSpecialEffects$GrassColorModifier;
[21:37:46] [main/DEBUG]: Skipping Lnet/minecraft/world/level/biome/BiomeSpecialEffects$GrassColorModifier$3;
[21:37:46] [main/DEBUG]: Skipping Lnet/minecraft/world/level/biome/BiomeSpecialEffects$GrassColorModifier$2;
[21:37:46] [main/DEBUG]: Skipping Lnet/minecraft/world/level/biome/BiomeSpecialEffects$GrassColorModifier$1;
[21:37:46] [main/DEBUG]: Transforming class Lnet/minecraft/world/level/biome/BiomeSpecialEffects$Builder;
[21:37:46] [main/DEBUG]: Transforming net/minecraft/world/level/biome/BiomeSpecialEffects$Builder FIELD f_48005_ to access PROTECTED and LEAVE
[21:37:46] [main/DEBUG]: Transforming net/minecraft/world/level/biome/BiomeSpecialEffects$Builder FIELD f_48006_ to access PROTECTED and LEAVE
[21:37:46] [main/DEBUG]: Transforming net/minecraft/world/level/biome/BiomeSpecialEffects$Builder FIELD f_48007_ to access PROTECTED and LEAVE
[21:37:46] [main/DEBUG]: Transforming net/minecraft/world/level/biome/BiomeSpecialEffects$Builder FIELD f_48008_ to access PROTECTED and LEAVE
[21:37:46] [main/DEBUG]: Transforming net/minecraft/world/level/biome/BiomeSpecialEffects$Builder FIELD f_48009_ to access PROTECTED and LEAVE
[21:37:46] [main/DEBUG]: Transforming net/minecraft/world/level/biome/BiomeSpecialEffects$Builder FIELD f_48010_ to access PROTECTED and LEAVE
[21:37:46] [main/DEBUG]: Transforming net/minecraft/world/level/biome/BiomeSpecialEffects$Builder FIELD f_48011_ to access PROTECTED and LEAVE
[21:37:46] [main/DEBUG]: Transforming net/minecraft/world/level/biome/BiomeSpecialEffects$Builder FIELD f_48012_ to access PROTECTED and LEAVE
[21:37:46] [main/DEBUG]: Transforming net/minecraft/world/level/biome/BiomeSpecialEffects$Builder FIELD f_48013_ to access PROTECTED and LEAVE
[21:37:46] [main/DEBUG]: Transforming net/minecraft/world/level/biome/BiomeSpecialEffects$Builder FIELD f_48014_ to access PROTECTED and LEAVE
[21:37:46] [main/DEBUG]: Transforming net/minecraft/world/level/biome/BiomeSpecialEffects$Builder FIELD f_48015_ to access PROTECTED and LEAVE
[21:37:46] [main/DEBUG]: Transforming net/minecraft/world/level/biome/BiomeSpecialEffects$Builder FIELD f_48016_ to access PROTECTED and LEAVE
[21:37:46] [main/DEBUG]: Skipping Lnet/minecraft/world/level/biome/BiomeSource;
[21:37:46] [main/DEBUG]: Skipping Lnet/minecraft/world/level/biome/BiomeGenerationSettings;
[21:37:46] [main/DEBUG]: Transforming class Lnet/minecraft/world/level/biome/BiomeGenerationSettings$Builder;
[21:37:46] [main/DEBUG]: Transforming net/minecraft/world/level/biome/BiomeGenerationSettings$Builder FIELD f_47827_ to access PROTECTED and LEAVE
[21:37:46] [main/DEBUG]: Transforming net/minecraft/world/level/biome/BiomeGenerationSettings$Builder FIELD f_47828_ to access PROTECTED and LEAVE
[21:37:46] [main/DEBUG]: Transforming net/minecraft/world/level/biome/BiomeGenerationSettings$Builder METHOD m_47832_(I)V to access PROTECTED and LEAVE
[21:37:46] [main/DEBUG]: Transforming class Lnet/minecraft/world/level/biome/Biome;
[21:37:46] [main/DEBUG]: Transforming net/minecraft/world/level/biome/Biome INNERCLASS ClimateSettings to access PUBLIC and LEAVE
[21:37:46] [main/DEBUG]: Skipping Lnet/minecraft/world/level/biome/Biome$TemperatureModifier;
[21:37:46] [main/DEBUG]: Skipping Lnet/minecraft/world/level/biome/Biome$TemperatureModifier$2;
[21:37:46] [main/DEBUG]: Skipping Lnet/minecraft/world/level/biome/Biome$TemperatureModifier$1;
[21:37:46] [main/DEBUG]: Skipping Lnet/minecraft/world/level/biome/Biome$Precipitation;
[21:37:46] [main/DEBUG]: Transforming class Lnet/minecraft/world/level/biome/Biome$ClimateSettings;
[21:37:46] [main/DEBUG]: Transforming net/minecraft/world/level/biome/Biome$ClimateSettings CLASS to access PUBLIC and LEAVE
[21:37:46] [main/DEBUG]: Skipping Lnet/minecraft/world/level/biome/Biome$BiomeBuilder;
[21:37:46] [main/DEBUG]: Skipping Lnet/minecraft/world/level/biome/Biome$1;
[21:37:46] [main/DEBUG]: Skipping Lnet/minecraft/world/level/WorldGenLevel;
[21:37:46] [main/DEBUG]: Skipping Lnet/minecraft/world/level/StructureManager;
[21:37:46] [main/DEBUG]: Skipping Lnet/minecraft/world/level/SpawnData;
[21:37:46] [main/DEBUG]: Skipping Lnet/minecraft/world/level/SpawnData$CustomSpawnRules;
[21:37:46] [main/DEBUG]: Skipping Lnet/minecraft/world/level/ServerLevelAccessor;
[21:37:46] [main/DEBUG]: Skipping Lnet/minecraft/world/level/PotentialCalculator;
[21:37:46] [main/DEBUG]: Skipping Lnet/minecraft/world/level/PotentialCalculator$PointCharge;
[21:37:46] [main/DEBUG]: Skipping Lnet/minecraft/world/level/PathNavigationRegion;
[21:37:46] [main/DEBUG]: Skipping Lnet/minecraft/world/level/NoiseColumn;
[21:37:46] [main/DEBUG]: Skipping Lnet/minecraft/world/level/LocalMobCapCalculator;
[21:37:46] [main/DEBUG]: Skipping Lnet/minecraft/world/level/LocalMobCapCalculator$MobCounts;
[21:37:46] [main/DEBUG]: Skipping Lnet/minecraft/world/level/LightLayer;
[21:37:46] [main/DEBUG]: Skipping Lnet/minecraft/world/level/LevelWriter;
[21:37:46] [main/DEBUG]: Skipping Lnet/minecraft/world/level/LevelTimeAccess;
[21:37:46] [main/DEBUG]: Skipping Lnet/minecraft/world/level/LevelSimulatedReader;
[21:37:46] [main/DEBUG]: Skipping Lnet/minecraft/world/level/LevelSimulatedRW;
[21:37:46] [main/DEBUG]: Skipping Lnet/minecraft/world/level/LevelHeightAccessor;
[21:37:46] [main/DEBUG]: Skipping Lnet/minecraft/world/level/LevelHeightAccessor$1;
[21:37:46] [main/DEBUG]: Skipping Lnet/minecraft/world/level/LevelAccessor;
[21:37:46] [main/DEBUG]: Skipping Lnet/minecraft/world/level/ItemLike;
[21:37:46] [main/DEBUG]: Skipping Lnet/minecraft/world/level/GrassColor;
[21:37:46] [main/DEBUG]: Skipping Lnet/minecraft/world/level/GameType;
[21:37:46] [main/DEBUG]: Transforming class Lnet/minecraft/world/level/GameRules;
[21:37:46] [main/DEBUG]: Transforming net/minecraft/world/level/GameRules METHOD m_46189_(Ljava/lang/String;Lnet/minecraft/world/level/GameRules$Category;Lnet/minecraft/world/level/GameRules$Type;)Lnet/minecraft/world/level/GameRules$Key; to access PUBLIC and LEAVE
[21:37:46] [main/DEBUG]: Skipping Lnet/minecraft/world/level/GameRules$VisitorCaller;
[21:37:46] [main/DEBUG]: Skipping Lnet/minecraft/world/level/GameRules$Value;
[21:37:46] [main/DEBUG]: Skipping Lnet/minecraft/world/level/GameRules$Type;
[21:37:46] [main/DEBUG]: Skipping Lnet/minecraft/world/level/GameRules$Key;
[21:37:46] [main/DEBUG]: Skipping Lnet/minecraft/world/level/GameRules$IntegerValue;
[21:37:46] [main/DEBUG]: Skipping Lnet/minecraft/world/level/GameRules$GameRuleTypeVisitor;
[21:37:46] [main/DEBUG]: Skipping Lnet/minecraft/world/level/GameRules$Category;
[21:37:46] [main/DEBUG]: Skipping Lnet/minecraft/world/level/GameRules$BooleanValue;
[21:37:46] [main/DEBUG]: Skipping Lnet/minecraft/world/level/FoliageColor;
[21:37:46] [main/DEBUG]: Skipping Lnet/minecraft/world/level/EntityGetter;
[21:37:46] [main/DEBUG]: Skipping Lnet/minecraft/world/level/EntityBasedExplosionDamageCalculator;
[21:37:46] [main/DEBUG]: Skipping Lnet/minecraft/world/level/EmptyBlockGetter;
[21:37:46] [main/DEBUG]: Skipping Lnet/minecraft/world/level/CustomSpawner;
[21:37:46] [main/DEBUG]: Skipping Lnet/minecraft/world/level/CommonLevelAccessor;
[21:37:46] [main/DEBUG]: Skipping Lnet/minecraft/world/level/ColorResolver;
[21:37:46] [main/DEBUG]: Skipping Lnet/minecraft/world/level/CollisionGetter;
[21:37:46] [main/DEBUG]: Skipping Lnet/minecraft/world/level/ClipBlockStateContext;
[21:37:46] [main/DEBUG]: Skipping Lnet/minecraft/world/level/ChunkPos;
[21:37:46] [main/DEBUG]: Skipping Lnet/minecraft/world/level/ChunkPos$1;
[21:37:46] [main/DEBUG]: Skipping Lnet/minecraft/world/level/BlockEventData;
[21:37:46] [main/DEBUG]: Skipping Lnet/minecraft/world/level/BlockCollisions;
[21:37:46] [main/DEBUG]: Skipping Lnet/minecraft/world/level/BaseCommandBlock;
[21:37:46] [main/DEBUG]: Skipping Lnet/minecraft/world/level/NaturalSpawner;
[21:37:46] [main/DEBUG]: Skipping Lnet/minecraft/world/level/NaturalSpawner$SpawnState;
[21:37:46] [main/DEBUG]: Skipping Lnet/minecraft/world/level/NaturalSpawner$SpawnPredicate;
[21:37:46] [main/DEBUG]: Skipping Lnet/minecraft/world/level/NaturalSpawner$ChunkGetter;
[21:37:46] [main/DEBUG]: Skipping Lnet/minecraft/world/level/NaturalSpawner$AfterSpawnCallback;
[21:37:46] [main/DEBUG]: Skipping Lnet/minecraft/world/level/NaturalSpawner$1;
[21:37:46] [main/DEBUG]: Skipping Lnet/minecraft/world/level/LevelSettings;
[21:37:46] [main/DEBUG]: Skipping Lnet/minecraft/world/level/LevelReader;
[21:37:46] [main/DEBUG]: Transforming class Lnet/minecraft/world/level/Level;
[21:37:46] [main/DEBUG]: Transforming net/minecraft/world/level/Level FIELD f_46437_ to access PUBLIC and LEAVE
[21:37:46] [main/DEBUG]: Transforming net/minecraft/world/level/Level FIELD f_46438_ to access PUBLIC and LEAVE
[21:37:46] [main/DEBUG]: Transforming net/minecraft/world/level/Level FIELD f_46439_ to access PUBLIC and LEAVE
[21:37:46] [main/DEBUG]: Transforming net/minecraft/world/level/Level FIELD f_46440_ to access PUBLIC and LEAVE
[21:37:46] [main/DEBUG]: Skipping Lnet/minecraft/world/level/Level$1;
[21:37:46] [main/DEBUG]: Skipping Lnet/minecraft/world/level/ForcedChunksSavedData;
[21:37:46] [main/DEBUG]: Skipping Lnet/minecraft/world/level/ExplosionDamageCalculator;
[21:37:46] [main/DEBUG]: Skipping Lnet/minecraft/world/level/Explosion;
[21:37:46] [main/DEBUG]: Skipping Lnet/minecraft/world/level/Explosion$BlockInteraction;
[21:37:46] [main/DEBUG]: Skipping Lnet/minecraft/world/level/DataPackConfig;
[21:37:46] [main/DEBUG]: Skipping Lnet/minecraft/world/level/ClipContext;
[21:37:46] [main/DEBUG]: Skipping Lnet/minecraft/world/level/ClipContext$ShapeGetter;
[21:37:46] [main/DEBUG]: Skipping Lnet/minecraft/world/level/ClipContext$Fluid;
[21:37:46] [main/DEBUG]: Skipping Lnet/minecraft/world/level/ClipContext$Block;
[21:37:46] [main/DEBUG]: Skipping Lnet/minecraft/world/level/BlockGetter;
[21:37:46] [main/DEBUG]: Skipping Lnet/minecraft/world/level/BlockAndTintGetter;
[21:37:46] [main/DEBUG]: Skipping Lnet/minecraft/world/level/BaseSpawner;
[21:37:46] [main/DEBUG]: Skipping Lnet/minecraft/world/item/trading/package-info;
[21:37:46] [main/DEBUG]: Skipping Lnet/minecraft/world/item/trading/MerchantOffers;
[21:37:46] [main/DEBUG]: Skipping Lnet/minecraft/world/item/trading/Merchant;
[21:37:46] [main/DEBUG]: Skipping Lnet/minecraft/world/item/trading/MerchantOffer;
[21:37:46] [main/DEBUG]: Skipping Lnet/minecraft/world/item/package-info;
[21:37:46] [main/DEBUG]: Skipping Lnet/minecraft/world/item/enchantment/package-info;
[21:37:46] [main/DEBUG]: Skipping Lnet/minecraft/world/item/enchantment/WaterWorkerEnchantment;
[21:37:46] [main/DEBUG]: Skipping Lnet/minecraft/world/item/enchantment/WaterWalkerEnchantment;
[21:37:46] [main/DEBUG]: Skipping Lnet/minecraft/world/item/enchantment/VanishingCurseEnchantment;
[21:37:46] [main/DEBUG]: Skipping Lnet/minecraft/world/item/enchantment/UntouchingEnchantment;
[21:37:46] [main/DEBUG]: Skipping Lnet/minecraft/world/item/enchantment/TridentRiptideEnchantment;
[21:37:46] [main/DEBUG]: Skipping Lnet/minecraft/world/item/enchantment/TridentLoyaltyEnchantment;
[21:37:46] [main/DEBUG]: Skipping Lnet/minecraft/world/item/enchantment/TridentImpalerEnchantment;
[21:37:46] [main/DEBUG]: Skipping Lnet/minecraft/world/item/enchantment/TridentChannelingEnchantment;
[21:37:46] [main/DEBUG]: Skipping Lnet/minecraft/world/item/enchantment/ThornsEnchantment;
[21:37:46] [main/DEBUG]: Skipping Lnet/minecraft/world/item/enchantment/SwiftSneakEnchantment;
[21:37:46] [main/DEBUG]: Skipping Lnet/minecraft/world/item/enchantment/SweepingEdgeEnchantment;
[21:37:46] [main/DEBUG]: Skipping Lnet/minecraft/world/item/enchantment/SoulSpeedEnchantment;
[21:37:46] [main/DEBUG]: Skipping Lnet/minecraft/world/item/enchantment/QuickChargeEnchantment;
[21:37:46] [main/DEBUG]: Skipping Lnet/minecraft/world/item/enchantment/ProtectionEnchantment;
[21:37:46] [main/DEBUG]: Skipping Lnet/minecraft/world/item/enchantment/ProtectionEnchantment$Type;
[21:37:46] [main/DEBUG]: Skipping Lnet/minecraft/world/item/enchantment/OxygenEnchantment;
[21:37:46] [main/DEBUG]: Skipping Lnet/minecraft/world/item/enchantment/MultiShotEnchantment;
[21:37:46] [main/DEBUG]: Skipping Lnet/minecraft/world/item/enchantment/MendingEnchantment;
[21:37:46] [main/DEBUG]: Skipping Lnet/minecraft/world/item/enchantment/LootBonusEnchantment;
[21:37:46] [main/DEBUG]: Skipping Lnet/minecraft/world/item/enchantment/KnockbackEnchantment;
[21:37:46] [main/DEBUG]: Skipping Lnet/minecraft/world/item/enchantment/FishingSpeedEnchantment;
[21:37:46] [main/DEBUG]: Skipping Lnet/minecraft/world/item/enchantment/FireAspectEnchantment;
[21:37:46] [main/DEBUG]: Skipping Lnet/minecraft/world/item/enchantment/Enchantments;
[21:37:46] [main/DEBUG]: Skipping Lnet/minecraft/world/item/enchantment/EnchantmentInstance;
[21:37:46] [main/DEBUG]: Skipping Lnet/minecraft/world/item/enchantment/DigDurabilityEnchantment;
[21:37:46] [main/DEBUG]: Skipping Lnet/minecraft/world/item/enchantment/DamageEnchantment;
[21:37:46] [main/DEBUG]: Skipping Lnet/minecraft/world/item/enchantment/BindingCurseEnchantment;
[21:37:46] [main/DEBUG]: Skipping Lnet/minecraft/world/item/enchantment/ArrowPiercingEnchantment;
[21:37:46] [main/DEBUG]: Skipping Lnet/minecraft/world/item/enchantment/ArrowKnockbackEnchantment;
[21:37:46] [main/DEBUG]: Skipping Lnet/minecraft/world/item/enchantment/ArrowInfiniteEnchantment;
[21:37:46] [main/DEBUG]: Skipping Lnet/minecraft/world/item/enchantment/ArrowFireEnchantment;
[21:37:46] [main/DEBUG]: Skipping Lnet/minecraft/world/item/enchantment/ArrowDamageEnchantment;
[21:37:46] [main/DEBUG]: Skipping Lnet/minecraft/world/item/enchantment/FrostWalkerEnchantment;
[21:37:46] [main/DEBUG]: Skipping Lnet/minecraft/world/item/enchantment/EnchantmentHelper;
[21:37:46] [main/DEBUG]: Skipping Lnet/minecraft/world/item/enchantment/EnchantmentHelper$EnchantmentVisitor;
[21:37:46] [main/DEBUG]: Skipping Lnet/minecraft/world/item/enchantment/EnchantmentCategory;
[21:37:46] [main/DEBUG]: Skipping Lnet/minecraft/world/item/enchantment/EnchantmentCategory$9;
[21:37:46] [main/DEBUG]: Skipping Lnet/minecraft/world/item/enchantment/EnchantmentCategory$8;
[21:37:46] [main/DEBUG]: Skipping Lnet/minecraft/world/item/enchantment/EnchantmentCategory$7;
[21:37:46] [main/DEBUG]: Skipping Lnet/minecraft/world/item/enchantment/EnchantmentCategory$6;
[21:37:46] [main/DEBUG]: Skipping Lnet/minecraft/world/item/enchantment/EnchantmentCategory$5;
[21:37:46] [main/DEBUG]: Skipping Lnet/minecraft/world/item/enchantment/EnchantmentCategory$4;
[21:37:46] [main/DEBUG]: Skipping Lnet/minecraft/world/item/enchantment/EnchantmentCategory$3;
[21:37:46] [main/DEBUG]: Skipping Lnet/minecraft/world/item/enchantment/EnchantmentCategory$2;
[21:37:46] [main/DEBUG]: Skipping Lnet/minecraft/world/item/enchantment/EnchantmentCategory$14;
[21:37:46] [main/DEBUG]: Skipping Lnet/minecraft/world/item/enchantment/EnchantmentCategory$13;
[21:37:46] [main/DEBUG]: Skipping Lnet/minecraft/world/item/enchantment/EnchantmentCategory$12;
[21:37:46] [main/DEBUG]: Skipping Lnet/minecraft/world/item/enchantment/EnchantmentCategory$11;
[21:37:46] [main/DEBUG]: Skipping Lnet/minecraft/world/item/enchantment/EnchantmentCategory$10;
[21:37:46] [main/DEBUG]: Skipping Lnet/minecraft/world/item/enchantment/EnchantmentCategory$1;
[21:37:46] [main/DEBUG]: Skipping Lnet/minecraft/world/item/enchantment/Enchantment;
[21:37:46] [main/DEBUG]: Skipping Lnet/minecraft/world/item/enchantment/Enchantment$Rarity;
[21:37:46] [main/DEBUG]: Skipping Lnet/minecraft/world/item/enchantment/DiggingEnchantment;
[21:37:46] [main/DEBUG]: Skipping Lnet/minecraft/world/item/crafting/package-info;
[21:37:46] [main/DEBUG]: Skipping Lnet/minecraft/world/item/crafting/TippedArrowRecipe;
[21:37:46] [main/DEBUG]: Skipping Lnet/minecraft/world/item/crafting/SuspiciousStewRecipe;
[21:37:46] [main/DEBUG]: Skipping Lnet/minecraft/world/item/crafting/StonecutterRecipe;
[21:37:46] [main/DEBUG]: Skipping Lnet/minecraft/world/item/crafting/SmokingRecipe;
[21:37:46] [main/DEBUG]: Skipping Lnet/minecraft/world/item/crafting/SmeltingRecipe;
[21:37:46] [main/DEBUG]: Skipping Lnet/minecraft/world/item/crafting/SingleItemRecipe;
[21:37:46] [main/DEBUG]: Skipping Lnet/minecraft/world/item/crafting/SingleItemRecipe$Serializer;
[21:37:46] [main/DEBUG]: Skipping Lnet/minecraft/world/item/crafting/SingleItemRecipe$Serializer$SingleItemMaker;
[21:37:46] [main/DEBUG]: Skipping Lnet/minecraft/world/item/crafting/SimpleRecipeSerializer;
[21:37:46] [main/DEBUG]: Skipping Lnet/minecraft/world/item/crafting/ShieldDecorationRecipe;
[21:37:46] [main/DEBUG]: Skipping Lnet/minecraft/world/item/crafting/MapExtendingRecipe;
[21:37:46] [main/DEBUG]: Skipping Lnet/minecraft/world/item/crafting/MapCloningRecipe;
[21:37:46] [main/DEBUG]: Skipping Lnet/minecraft/world/item/crafting/FireworkStarRecipe;
[21:37:46] [main/DEBUG]: Skipping Lnet/minecraft/world/item/crafting/FireworkStarFadeRecipe;
[21:37:46] [main/DEBUG]: Skipping Lnet/minecraft/world/item/crafting/FireworkRocketRecipe;
[21:37:46] [main/DEBUG]: Skipping Lnet/minecraft/world/item/crafting/CustomRecipe;
[21:37:46] [main/DEBUG]: Skipping Lnet/minecraft/world/item/crafting/CraftingRecipe;
[21:37:46] [main/DEBUG]: Skipping Lnet/minecraft/world/item/crafting/CampfireCookingRecipe;
[21:37:46] [main/DEBUG]: Skipping Lnet/minecraft/world/item/crafting/BlastingRecipe;
[21:37:46] [main/DEBUG]: Skipping Lnet/minecraft/world/item/crafting/ArmorDyeRecipe;
[21:37:46] [main/DEBUG]: Skipping Lnet/minecraft/world/item/crafting/AbstractCookingRecipe;
[21:37:46] [main/DEBUG]: Skipping Lnet/minecraft/world/item/crafting/RecipeType$2;
[21:37:46] [main/DEBUG]: Skipping Lnet/minecraft/world/item/crafting/UpgradeRecipe;
[21:37:46] [main/DEBUG]: Skipping Lnet/minecraft/world/item/crafting/UpgradeRecipe$Serializer;
[21:37:46] [main/DEBUG]: Skipping Lnet/minecraft/world/item/crafting/SimpleCookingSerializer;
[21:37:46] [main/DEBUG]: Skipping Lnet/minecraft/world/item/crafting/SimpleCookingSerializer$CookieBaker;
[21:37:46] [main/DEBUG]: Skipping Lnet/minecraft/world/item/crafting/ShulkerBoxColoring;
[21:37:46] [main/DEBUG]: Skipping Lnet/minecraft/world/item/crafting/ShapelessRecipe;
[21:37:46] [main/DEBUG]: Skipping Lnet/minecraft/world/item/crafting/ShapelessRecipe$Serializer;
[21:37:46] [main/DEBUG]: Skipping Lnet/minecraft/world/item/crafting/ShapedRecipe;
[21:37:46] [main/DEBUG]: Skipping Lnet/minecraft/world/item/crafting/ShapedRecipe$Serializer;
[21:37:46] [main/DEBUG]: Skipping Lnet/minecraft/world/item/crafting/RepairItemRecipe;
[21:37:46] [main/DEBUG]: Skipping Lnet/minecraft/world/item/crafting/RecipeType;
[21:37:46] [main/DEBUG]: Skipping Lnet/minecraft/world/item/crafting/RecipeType$1;
[21:37:46] [main/DEBUG]: Skipping Lnet/minecraft/world/item/crafting/RecipeSerializer;
[21:37:46] [main/DEBUG]: Skipping Lnet/minecraft/world/item/crafting/RecipeManager;
[21:37:46] [main/DEBUG]: Skipping Lnet/minecraft/world/item/crafting/RecipeManager$CachedCheck;
[21:37:46] [main/DEBUG]: Skipping Lnet/minecraft/world/item/crafting/RecipeManager$1;
[21:37:46] [main/DEBUG]: Skipping Lnet/minecraft/world/item/crafting/Recipe;
[21:37:46] [main/DEBUG]: Transforming class Lnet/minecraft/world/item/crafting/Ingredient;
[21:37:46] [main/DEBUG]: Transforming net/minecraft/world/item/crafting/Ingredient INNERCLASS Value to access PUBLIC and LEAVE
[21:37:46] [main/DEBUG]: Transforming net/minecraft/world/item/crafting/Ingredient INNERCLASS TagValue to access PUBLIC and LEAVE
[21:37:46] [main/DEBUG]: Transforming net/minecraft/world/item/crafting/Ingredient INNERCLASS ItemValue to access PUBLIC and LEAVE
[21:37:46] [main/DEBUG]: Transforming net/minecraft/world/item/crafting/Ingredient CLASS to access PUBLIC and REMOVEFINAL
[21:37:46] [main/DEBUG]: Transforming net/minecraft/world/item/crafting/Ingredient METHOD <init>(Ljava/util/stream/Stream;)V to access PROTECTED and LEAVE
[21:37:46] [main/DEBUG]: Transforming net/minecraft/world/item/crafting/Ingredient METHOD m_43923_(Lnet/minecraft/network/FriendlyByteBuf;)V to access PUBLIC and MAKEFINAL
[21:37:46] [main/DEBUG]: Transforming net/minecraft/world/item/crafting/Ingredient METHOD m_43938_(Ljava/util/stream/Stream;)Lnet/minecraft/world/item/crafting/Ingredient; to access PUBLIC and LEAVE
[21:37:46] [main/DEBUG]: Transforming net/minecraft/world/item/crafting/Ingredient METHOD m_43919_(Lcom/google/gson/JsonObject;)Lnet/minecraft/world/item/crafting/Ingredient$Value; to access PUBLIC and LEAVE
[21:37:46] [main/DEBUG]: Transforming class Lnet/minecraft/world/item/crafting/Ingredient$Value;
[21:37:46] [main/DEBUG]: Transforming net/minecraft/world/item/crafting/Ingredient$Value CLASS to access PUBLIC and LEAVE
[21:37:46] [main/DEBUG]: Transforming class Lnet/minecraft/world/item/crafting/Ingredient$TagValue;
[21:37:46] [main/DEBUG]: Transforming net/minecraft/world/item/crafting/Ingredient$TagValue CLASS to access PUBLIC and LEAVE
[21:37:46] [main/DEBUG]: Transforming net/minecraft/world/item/crafting/Ingredient$TagValue METHOD <init>(Lnet/minecraft/tags/TagKey;)V to access PUBLIC and LEAVE
[21:37:46] [main/DEBUG]: Transforming class Lnet/minecraft/world/item/crafting/Ingredient$ItemValue;
[21:37:46] [main/DEBUG]: Transforming net/minecraft/world/item/crafting/Ingredient$ItemValue CLASS to access PUBLIC and LEAVE
[21:37:46] [main/DEBUG]: Transforming net/minecraft/world/item/crafting/Ingredient$ItemValue METHOD <init>(Lnet/minecraft/world/item/ItemStack;)V to access PUBLIC and LEAVE
[21:37:46] [main/DEBUG]: Skipping Lnet/minecraft/world/item/crafting/BookCloningRecipe;
[21:37:46] [main/DEBUG]: Skipping Lnet/minecraft/world/item/crafting/BannerDuplicateRecipe;
[21:37:46] [main/DEBUG]: Skipping Lnet/minecraft/world/item/context/package-info;
[21:37:46] [main/DEBUG]: Transforming class Lnet/minecraft/world/item/context/UseOnContext;
[21:37:46] [main/DEBUG]: Transforming net/minecraft/world/item/context/UseOnContext METHOD <init>(Lnet/minecraft/world/level/Level;Lnet/minecraft/world/entity/player/Player;Lnet/minecraft/world/InteractionHand;Lnet/minecraft/world/item/ItemStack;Lnet/minecraft/world/phys/BlockHitResult;)V to access PUBLIC and LEAVE
[21:37:46] [main/DEBUG]: Skipping Lnet/minecraft/world/item/context/DirectionalPlaceContext;
[21:37:46] [main/DEBUG]: Skipping Lnet/minecraft/world/item/context/DirectionalPlaceContext$1;
[21:37:46] [main/DEBUG]: Transforming class Lnet/minecraft/world/item/context/BlockPlaceContext;
[21:37:46] [main/DEBUG]: Transforming net/minecraft/world/item/context/BlockPlaceContext METHOD <init>(Lnet/minecraft/world/level/Level;Lnet/minecraft/world/entity/player/Player;Lnet/minecraft/world/InteractionHand;Lnet/minecraft/world/item/ItemStack;Lnet/minecraft/world/phys/BlockHitResult;)V to access PUBLIC and LEAVE
[21:37:46] [main/DEBUG]: Skipping Lnet/minecraft/world/item/alchemy/package-info;
[21:37:46] [main/DEBUG]: Skipping Lnet/minecraft/world/item/alchemy/Potions;
[21:37:46] [main/DEBUG]: Skipping Lnet/minecraft/world/item/alchemy/PotionUtils;
[21:37:46] [main/DEBUG]: Transforming class Lnet/minecraft/world/item/alchemy/PotionBrewing;
[21:37:46] [main/DEBUG]: Transforming net/minecraft/world/item/alchemy/PotionBrewing INNERCLASS Mix to access PUBLIC and LEAVE
[21:37:46] [main/DEBUG]: Transforming class Lnet/minecraft/world/item/alchemy/PotionBrewing$Mix;
[21:37:46] [main/DEBUG]: Transforming net/minecraft/world/item/alchemy/PotionBrewing$Mix CLASS to access PUBLIC and LEAVE
[21:37:46] [main/DEBUG]: Transforming net/minecraft/world/item/alchemy/PotionBrewing$Mix FIELD f_43533_ to access PUBLIC and LEAVE
[21:37:46] [main/DEBUG]: Skipping Lnet/minecraft/world/item/alchemy/Potion;
[21:37:46] [main/DEBUG]: Skipping Lnet/minecraft/world/item/WrittenBookItem;
[21:37:46] [main/DEBUG]: Skipping Lnet/minecraft/world/item/WritableBookItem;
[21:37:46] [main/DEBUG]: Skipping Lnet/minecraft/world/item/Wearable;
[21:37:46] [main/DEBUG]: Skipping Lnet/minecraft/world/item/Vanishable;
[21:37:46] [main/DEBUG]: Skipping Lnet/minecraft/world/item/TridentItem;
[21:37:46] [main/DEBUG]: Skipping Lnet/minecraft/world/item/TooltipFlag;
[21:37:46] [main/DEBUG]: Skipping Lnet/minecraft/world/item/TooltipFlag$Default;
[21:37:46] [main/DEBUG]: Skipping Lnet/minecraft/world/item/TieredItem;
[21:37:46] [main/DEBUG]: Skipping Lnet/minecraft/world/item/ThrowablePotionItem;
[21:37:46] [main/DEBUG]: Skipping Lnet/minecraft/world/item/SpyglassItem;
[21:37:46] [main/DEBUG]: Skipping Lnet/minecraft/world/item/SplashPotionItem;
[21:37:46] [main/DEBUG]: Skipping Lnet/minecraft/world/item/SpectralArrowItem;
[21:37:46] [main/DEBUG]: Skipping Lnet/minecraft/world/item/SolidBucketItem;
[21:37:46] [main/DEBUG]: Skipping Lnet/minecraft/world/item/SnowballItem;
[21:37:46] [main/DEBUG]: Skipping Lnet/minecraft/world/item/SimpleFoiledItem;
[21:37:46] [main/DEBUG]: Skipping Lnet/minecraft/world/item/SignItem;
[21:37:46] [main/DEBUG]: Skipping Lnet/minecraft/world/item/ServerItemCooldowns;
[21:37:46] [main/DEBUG]: Skipping Lnet/minecraft/world/item/ScaffoldingBlockItem;
[21:37:46] [main/DEBUG]: Skipping Lnet/minecraft/world/item/SaddleItem;
[21:37:46] [main/DEBUG]: Skipping Lnet/minecraft/world/item/ProjectileWeaponItem;
[21:37:46] [main/DEBUG]: Skipping Lnet/minecraft/world/item/PlayerHeadItem;
[21:37:46] [main/DEBUG]: Skipping Lnet/minecraft/world/item/PlaceOnWaterBlockItem;
[21:37:46] [main/DEBUG]: Skipping Lnet/minecraft/world/item/NameTagItem;
[21:37:46] [main/DEBUG]: Skipping Lnet/minecraft/world/item/LingeringPotionItem;
[21:37:46] [main/DEBUG]: Skipping Lnet/minecraft/world/item/LeadItem;
[21:37:46] [main/DEBUG]: Skipping Lnet/minecraft/world/item/KnowledgeBookItem;
[21:37:46] [main/DEBUG]: Skipping Lnet/minecraft/world/item/ItemUtils;
[21:37:46] [main/DEBUG]: Skipping Lnet/minecraft/world/item/ItemNameBlockItem;
[21:37:46] [main/DEBUG]: Skipping Lnet/minecraft/world/item/ItemFrameItem;
[21:37:46] [main/DEBUG]: Skipping Lnet/minecraft/world/item/ItemCooldowns;
[21:37:46] [main/DEBUG]: Skipping Lnet/minecraft/world/item/ItemCooldowns$CooldownInstance;
[21:37:46] [main/DEBUG]: Skipping Lnet/minecraft/world/item/Instruments;
[21:37:46] [main/DEBUG]: Skipping Lnet/minecraft/world/item/InstrumentItem;
[21:37:46] [main/DEBUG]: Skipping Lnet/minecraft/world/item/Instrument;
[21:37:46] [main/DEBUG]: Skipping Lnet/minecraft/world/item/HoneycombItem;
[21:37:46] [main/DEBUG]: Skipping Lnet/minecraft/world/item/HoneyBottleItem;
[21:37:46] [main/DEBUG]: Skipping Lnet/minecraft/world/item/HangingEntityItem;
[21:37:46] [main/DEBUG]: Skipping Lnet/minecraft/world/item/GameMasterBlockItem;
[21:37:46] [main/DEBUG]: Skipping Lnet/minecraft/world/item/FoodOnAStickItem;
[21:37:46] [main/DEBUG]: Skipping Lnet/minecraft/world/item/FlintAndSteelItem;
[21:37:46] [main/DEBUG]: Skipping Lnet/minecraft/world/item/FireworkStarItem;
[21:37:46] [main/DEBUG]: Skipping Lnet/minecraft/world/item/FireworkRocketItem;
[21:37:46] [main/DEBUG]: Skipping Lnet/minecraft/world/item/FireworkRocketItem$Shape;
[21:37:46] [main/DEBUG]: Skipping Lnet/minecraft/world/item/FireChargeItem;
[21:37:46] [main/DEBUG]: Skipping Lnet/minecraft/world/item/ExperienceBottleItem;
[21:37:46] [main/DEBUG]: Skipping Lnet/minecraft/world/item/EnderpearlItem;
[21:37:46] [main/DEBUG]: Skipping Lnet/minecraft/world/item/EnderEyeItem;
[21:37:46] [main/DEBUG]: Skipping Lnet/minecraft/world/item/EndCrystalItem;
[21:37:46] [main/DEBUG]: Skipping Lnet/minecraft/world/item/EnchantedGoldenAppleItem;
[21:37:46] [main/DEBUG]: Skipping Lnet/minecraft/world/item/EmptyMapItem;
[21:37:46] [main/DEBUG]: Skipping Lnet/minecraft/world/item/EggItem;
[21:37:46] [main/DEBUG]: Skipping Lnet/minecraft/world/item/DyeableLeatherItem;
[21:37:46] [main/DEBUG]: Skipping Lnet/minecraft/world/item/DyeableArmorItem;
[21:37:46] [main/DEBUG]: Skipping Lnet/minecraft/world/item/DyeItem;
[21:37:46] [main/DEBUG]: Skipping Lnet/minecraft/world/item/DoubleHighBlockItem;
[21:37:46] [main/DEBUG]: Skipping Lnet/minecraft/world/item/DiscFragmentItem;
[21:37:46] [main/DEBUG]: Skipping Lnet/minecraft/world/item/DebugStickItem;
[21:37:46] [main/DEBUG]: Skipping Lnet/minecraft/world/item/ComplexItem;
[21:37:46] [main/DEBUG]: Skipping Lnet/minecraft/world/item/CompassItem;
[21:37:46] [main/DEBUG]: Skipping Lnet/minecraft/world/item/BowlFoodItem;
[21:37:46] [main/DEBUG]: Skipping Lnet/minecraft/world/item/BottleItem;
[21:37:46] [main/DEBUG]: Skipping Lnet/minecraft/world/item/BookItem;
[21:37:46] [main/DEBUG]: Skipping Lnet/minecraft/world/item/BoatItem;
[21:37:46] [main/DEBUG]: Skipping Lnet/minecraft/world/item/BedItem;
[21:37:46] [main/DEBUG]: Skipping Lnet/minecraft/world/item/BannerPatternItem;
[21:37:46] [main/DEBUG]: Skipping Lnet/minecraft/world/item/ArmorStandItem;
[21:37:46] [main/DEBUG]: Skipping Lnet/minecraft/world/item/ArmorMaterials;
[21:37:46] [main/DEBUG]: Skipping Lnet/minecraft/world/item/ArmorMaterial;
[21:37:46] [main/DEBUG]: Skipping Lnet/minecraft/world/item/AirItem;
[21:37:46] [main/DEBUG]: Skipping Lnet/minecraft/world/item/AdventureModeCheck;
[21:37:46] [main/DEBUG]: Skipping Lnet/minecraft/world/item/Items$1;
[21:37:46] [main/DEBUG]: Skipping Lnet/minecraft/world/item/UseAnim;
[21:37:46] [main/DEBUG]: Skipping Lnet/minecraft/world/item/TippedArrowItem;
[21:37:46] [main/DEBUG]: Skipping Lnet/minecraft/world/item/Tiers;
[21:37:46] [main/DEBUG]: Skipping Lnet/minecraft/world/item/Tier;
[21:37:46] [main/DEBUG]: Skipping Lnet/minecraft/world/item/SwordItem;
[21:37:46] [main/DEBUG]: Skipping Lnet/minecraft/world/item/SuspiciousStewItem;
[21:37:46] [main/DEBUG]: Skipping Lnet/minecraft/world/item/StandingAndWallBlockItem;
[21:37:46] [main/DEBUG]: Skipping Lnet/minecraft/world/item/SpawnEggItem;
[21:37:46] [main/DEBUG]: Skipping Lnet/minecraft/world/item/ShovelItem;
[21:37:46] [main/DEBUG]: Skipping Lnet/minecraft/world/item/ShieldItem;
[21:37:46] [main/DEBUG]: Skipping Lnet/minecraft/world/item/ShearsItem;
[21:37:46] [main/DEBUG]: Transforming class Lnet/minecraft/world/item/RecordItem;
[21:37:46] [main/DEBUG]: Transforming net/minecraft/world/item/RecordItem METHOD <init>(ILnet/minecraft/sounds/SoundEvent;Lnet/minecraft/world/item/Item$Properties;I)V to access PUBLIC and LEAVE
[21:37:46] [main/DEBUG]: Skipping Lnet/minecraft/world/item/Rarity;
[21:37:46] [main/DEBUG]: Skipping Lnet/minecraft/world/item/PotionItem;
[21:37:46] [main/DEBUG]: Transforming class Lnet/minecraft/world/item/PickaxeItem;
[21:37:46] [main/DEBUG]: Transforming net/minecraft/world/item/PickaxeItem METHOD <init>(Lnet/minecraft/world/item/Tier;IFLnet/minecraft/world/item/Item$Properties;)V to access PUBLIC and LEAVE
[21:37:46] [main/DEBUG]: Skipping Lnet/minecraft/world/item/MobBucketItem;
[21:37:46] [main/DEBUG]: Skipping Lnet/minecraft/world/item/MinecartItem;
[21:37:46] [main/DEBUG]: Skipping Lnet/minecraft/world/item/MinecartItem$1;
[21:37:46] [main/DEBUG]: Skipping Lnet/minecraft/world/item/MilkBucketItem;
[21:37:46] [main/DEBUG]: Skipping Lnet/minecraft/world/item/MapItem;
[21:37:46] [main/DEBUG]: Skipping Lnet/minecraft/world/item/Items;
[21:37:46] [main/DEBUG]: Skipping Lnet/minecraft/world/item/ItemStack;
[21:37:46] [main/DEBUG]: Skipping Lnet/minecraft/world/item/ItemStack$TooltipPart;
[21:37:46] [main/DEBUG]: Skipping Lnet/minecraft/world/item/Item;
[21:37:46] [main/DEBUG]: Skipping Lnet/minecraft/world/item/Item$Properties;
[21:37:46] [main/DEBUG]: Skipping Lnet/minecraft/world/item/Item$1;
[21:37:46] [main/DEBUG]: Skipping Lnet/minecraft/world/item/HorseArmorItem;
[21:37:46] [main/DEBUG]: Transforming class Lnet/minecraft/world/item/HoeItem;
[21:37:46] [main/DEBUG]: Transforming net/minecraft/world/item/HoeItem METHOD <init>(Lnet/minecraft/world/item/Tier;IFLnet/minecraft/world/item/Item$Properties;)V to access PUBLIC and LEAVE
[21:37:46] [main/DEBUG]: Skipping Lnet/minecraft/world/item/FishingRodItem;
[21:37:46] [main/DEBUG]: Skipping Lnet/minecraft/world/item/EnchantedBookItem;
[21:37:46] [main/DEBUG]: Skipping Lnet/minecraft/world/item/ElytraItem;
[21:37:46] [main/DEBUG]: Skipping Lnet/minecraft/world/item/DyeableHorseArmorItem;
[21:37:46] [main/DEBUG]: Skipping Lnet/minecraft/world/item/DyeColor;
[21:37:46] [main/DEBUG]: Skipping Lnet/minecraft/world/item/DispensibleContainerItem;
[21:37:46] [main/DEBUG]: Transforming class Lnet/minecraft/world/item/DiggerItem;
[21:37:46] [main/DEBUG]: Transforming net/minecraft/world/item/DiggerItem METHOD <init>(FFLnet/minecraft/world/item/Tier;Lnet/minecraft/tags/TagKey;Lnet/minecraft/world/item/Item$Properties;)V to access PUBLIC and LEAVE
[21:37:46] [main/DEBUG]: Skipping Lnet/minecraft/world/item/CrossbowItem;
[21:37:46] [main/DEBUG]: Transforming class Lnet/minecraft/world/item/CreativeModeTab;
[21:37:46] [main/DEBUG]: Transforming net/minecraft/world/item/CreativeModeTab FIELD f_40748_ to access PUBLIC and REMOVEFINAL
[21:37:46] [main/DEBUG]: Skipping Lnet/minecraft/world/item/CreativeModeTab$9;
[21:37:46] [main/DEBUG]: Skipping Lnet/minecraft/world/item/CreativeModeTab$8;
[21:37:46] [main/DEBUG]: Skipping Lnet/minecraft/world/item/CreativeModeTab$7;
[21:37:46] [main/DEBUG]: Skipping Lnet/minecraft/world/item/CreativeModeTab$6;
[21:37:46] [main/DEBUG]: Skipping Lnet/minecraft/world/item/CreativeModeTab$5;
[21:37:46] [main/DEBUG]: Skipping Lnet/minecraft/world/item/CreativeModeTab$4;
[21:37:46] [main/DEBUG]: Skipping Lnet/minecraft/world/item/CreativeModeTab$3;
[21:37:46] [main/DEBUG]: Skipping Lnet/minecraft/world/item/CreativeModeTab$2;
[21:37:46] [main/DEBUG]: Skipping Lnet/minecraft/world/item/CreativeModeTab$12;
[21:37:46] [main/DEBUG]: Skipping Lnet/minecraft/world/item/CreativeModeTab$11;
[21:37:46] [main/DEBUG]: Skipping Lnet/minecraft/world/item/CreativeModeTab$10;
[21:37:46] [main/DEBUG]: Skipping Lnet/minecraft/world/item/CreativeModeTab$1;
[21:37:46] [main/DEBUG]: Skipping Lnet/minecraft/world/item/ChorusFruitItem;
[21:37:46] [main/DEBUG]: Skipping Lnet/minecraft/world/item/BundleItem;
[21:37:46] [main/DEBUG]: Skipping Lnet/minecraft/world/item/BucketItem;
[21:37:46] [main/DEBUG]: Skipping Lnet/minecraft/world/item/BowItem;
[21:37:46] [main/DEBUG]: Skipping Lnet/minecraft/world/item/BoneMealItem;
[21:37:46] [main/DEBUG]: Skipping Lnet/minecraft/world/item/BlockItem;
[21:37:46] [main/DEBUG]: Skipping Lnet/minecraft/world/item/BannerItem;
[21:37:46] [main/DEBUG]: Transforming class Lnet/minecraft/world/item/AxeItem;
[21:37:46] [main/DEBUG]: Transforming net/minecraft/world/item/AxeItem METHOD <init>(Lnet/minecraft/world/item/Tier;FFLnet/minecraft/world/item/Item$Properties;)V to access PUBLIC and LEAVE
[21:37:46] [main/DEBUG]: Skipping Lnet/minecraft/world/item/ArrowItem;
[21:37:46] [main/DEBUG]: Skipping Lnet/minecraft/world/item/ArmorItem;
[21:37:46] [main/DEBUG]: Skipping Lnet/minecraft/world/item/ArmorItem$1;
[21:37:46] [main/DEBUG]: Skipping Lnet/minecraft/world/inventory/tooltip/package-info;
[21:37:46] [main/DEBUG]: Skipping Lnet/minecraft/world/inventory/tooltip/TooltipComponent;
[21:37:46] [main/DEBUG]: Skipping Lnet/minecraft/world/inventory/tooltip/BundleTooltip;
[21:37:46] [main/DEBUG]: Skipping Lnet/minecraft/world/inventory/package-info;
[21:37:46] [main/DEBUG]: Skipping Lnet/minecraft/world/inventory/StonecutterMenu;
[21:37:46] [main/DEBUG]: Skipping Lnet/minecraft/world/inventory/StonecutterMenu$2;
[21:37:46] [main/DEBUG]: Skipping Lnet/minecraft/world/inventory/StonecutterMenu$1;
[21:37:46] [main/DEBUG]: Skipping Lnet/minecraft/world/inventory/StackedContentsCompatible;
[21:37:46] [main/DEBUG]: Skipping Lnet/minecraft/world/inventory/SmokerMenu;
[21:37:46] [main/DEBUG]: Skipping Lnet/minecraft/world/inventory/SmithingMenu;
[21:37:46] [main/DEBUG]: Skipping Lnet/minecraft/world/inventory/SimpleContainerData;
[21:37:46] [main/DEBUG]: Skipping Lnet/minecraft/world/inventory/ShulkerBoxSlot;
[21:37:46] [main/DEBUG]: Skipping Lnet/minecraft/world/inventory/ShulkerBoxMenu;
[21:37:46] [main/DEBUG]: Skipping Lnet/minecraft/world/inventory/ResultContainer;
[21:37:46] [main/DEBUG]: Skipping Lnet/minecraft/world/inventory/RecipeHolder;
[21:37:46] [main/DEBUG]: Skipping Lnet/minecraft/world/inventory/PlayerEnderChestContainer;
[21:37:46] [main/DEBUG]: Skipping Lnet/minecraft/world/inventory/MerchantResultSlot;
[21:37:46] [main/DEBUG]: Skipping Lnet/minecraft/world/inventory/MerchantMenu;
[21:37:46] [main/DEBUG]: Skipping Lnet/minecraft/world/inventory/MerchantContainer;
[21:37:46] [main/DEBUG]: Skipping Lnet/minecraft/world/inventory/MenuConstructor;
[21:37:46] [main/DEBUG]: Skipping Lnet/minecraft/world/inventory/LoomMenu;
[21:37:46] [main/DEBUG]: Skipping Lnet/minecraft/world/inventory/LoomMenu$6;
[21:37:46] [main/DEBUG]: Skipping Lnet/minecraft/world/inventory/LoomMenu$5;
[21:37:46] [main/DEBUG]: Skipping Lnet/minecraft/world/inventory/LoomMenu$4;
[21:37:46] [main/DEBUG]: Skipping Lnet/minecraft/world/inventory/LoomMenu$3;
[21:37:46] [main/DEBUG]: Skipping Lnet/minecraft/world/inventory/LoomMenu$2;
[21:37:46] [main/DEBUG]: Skipping Lnet/minecraft/world/inventory/LoomMenu$1;
[21:37:46] [main/DEBUG]: Skipping Lnet/minecraft/world/inventory/LecternMenu;
[21:37:46] [main/DEBUG]: Skipping Lnet/minecraft/world/inventory/LecternMenu$1;
[21:37:46] [main/DEBUG]: Skipping Lnet/minecraft/world/inventory/ItemCombinerMenu;
[21:37:46] [main/DEBUG]: Skipping Lnet/minecraft/world/inventory/ItemCombinerMenu$2;
[21:37:46] [main/DEBUG]: Skipping Lnet/minecraft/world/inventory/ItemCombinerMenu$1;
[21:37:46] [main/DEBUG]: Skipping Lnet/minecraft/world/inventory/HorseInventoryMenu;
[21:37:46] [main/DEBUG]: Skipping Lnet/minecraft/world/inventory/HorseInventoryMenu$2;
[21:37:46] [main/DEBUG]: Skipping Lnet/minecraft/world/inventory/HorseInventoryMenu$1;
[21:37:46] [main/DEBUG]: Skipping Lnet/minecraft/world/inventory/HopperMenu;
[21:37:46] [main/DEBUG]: Skipping Lnet/minecraft/world/inventory/FurnaceMenu;
[21:37:46] [main/DEBUG]: Skipping Lnet/minecraft/world/inventory/FurnaceFuelSlot;
[21:37:46] [main/DEBUG]: Skipping Lnet/minecraft/world/inventory/DispenserMenu;
[21:37:46] [main/DEBUG]: Skipping Lnet/minecraft/world/inventory/DataSlot;
[21:37:46] [main/DEBUG]: Skipping Lnet/minecraft/world/inventory/DataSlot$3;
[21:37:46] [main/DEBUG]: Skipping Lnet/minecraft/world/inventory/DataSlot$2;
[21:37:46] [main/DEBUG]: Skipping Lnet/minecraft/world/inventory/DataSlot$1;
[21:37:46] [main/DEBUG]: Skipping Lnet/minecraft/world/inventory/CraftingMenu;
[21:37:46] [main/DEBUG]: Skipping Lnet/minecraft/world/inventory/CraftingContainer;
[21:37:46] [main/DEBUG]: Skipping Lnet/minecraft/world/inventory/ContainerSynchronizer;
[21:37:46] [main/DEBUG]: Skipping Lnet/minecraft/world/inventory/ContainerListener;
[21:37:46] [main/DEBUG]: Skipping Lnet/minecraft/world/inventory/ContainerLevelAccess;
[21:37:46] [main/DEBUG]: Skipping Lnet/minecraft/world/inventory/ContainerLevelAccess$2;
[21:37:46] [main/DEBUG]: Skipping Lnet/minecraft/world/inventory/ContainerLevelAccess$1;
[21:37:46] [main/DEBUG]: Skipping Lnet/minecraft/world/inventory/ContainerData;
[21:37:46] [main/DEBUG]: Skipping Lnet/minecraft/world/inventory/ClickType;
[21:37:46] [main/DEBUG]: Skipping Lnet/minecraft/world/inventory/ClickAction;
[21:37:46] [main/DEBUG]: Skipping Lnet/minecraft/world/inventory/ChestMenu;
[21:37:46] [main/DEBUG]: Skipping Lnet/minecraft/world/inventory/CartographyTableMenu;
[21:37:46] [main/DEBUG]: Skipping Lnet/minecraft/world/inventory/CartographyTableMenu$5;
[21:37:46] [main/DEBUG]: Skipping Lnet/minecraft/world/inventory/CartographyTableMenu$4;
[21:37:46] [main/DEBUG]: Skipping Lnet/minecraft/world/inventory/CartographyTableMenu$3;
[21:37:46] [main/DEBUG]: Skipping Lnet/minecraft/world/inventory/CartographyTableMenu$2;
[21:37:46] [main/DEBUG]: Skipping Lnet/minecraft/world/inventory/CartographyTableMenu$1;
[21:37:46] [main/DEBUG]: Skipping Lnet/minecraft/world/inventory/BlastFurnaceMenu;
[21:37:46] [main/DEBUG]: Skipping Lnet/minecraft/world/inventory/Slot;
[21:37:46] [main/DEBUG]: Skipping Lnet/minecraft/world/inventory/ResultSlot;
[21:37:46] [main/DEBUG]: Skipping Lnet/minecraft/world/inventory/RecipeBookType;
[21:37:46] [main/DEBUG]: Skipping Lnet/minecraft/world/inventory/RecipeBookMenu;
[21:37:46] [main/DEBUG]: Transforming class Lnet/minecraft/world/inventory/MenuType;
[21:37:46] [main/DEBUG]: Transforming net/minecraft/world/inventory/MenuType INNERCLASS MenuSupplier to access PUBLIC and LEAVE
[21:37:46] [main/DEBUG]: Transforming net/minecraft/world/inventory/MenuType METHOD <init>(Lnet/minecraft/world/inventory/MenuType$MenuSupplier;)V to access PUBLIC and LEAVE
[21:37:46] [main/DEBUG]: Transforming class Lnet/minecraft/world/inventory/MenuType$MenuSupplier;
[21:37:46] [main/DEBUG]: Transforming net/minecraft/world/inventory/MenuType$MenuSupplier CLASS to access PUBLIC and LEAVE
[21:37:46] [main/DEBUG]: Skipping Lnet/minecraft/world/inventory/InventoryMenu;
[21:37:46] [main/DEBUG]: Skipping Lnet/minecraft/world/inventory/InventoryMenu$2;
[21:37:46] [main/DEBUG]: Skipping Lnet/minecraft/world/inventory/InventoryMenu$1;
[21:37:46] [main/DEBUG]: Skipping Lnet/minecraft/world/inventory/GrindstoneMenu;
[21:37:46] [main/DEBUG]: Skipping Lnet/minecraft/world/inventory/GrindstoneMenu$4;
[21:37:46] [main/DEBUG]: Skipping Lnet/minecraft/world/inventory/GrindstoneMenu$3;
[21:37:46] [main/DEBUG]: Skipping Lnet/minecraft/world/inventory/GrindstoneMenu$2;
[21:37:46] [main/DEBUG]: Skipping Lnet/minecraft/world/inventory/GrindstoneMenu$1;
[21:37:46] [main/DEBUG]: Skipping Lnet/minecraft/world/inventory/FurnaceResultSlot;
[21:37:46] [main/DEBUG]: Skipping Lnet/minecraft/world/inventory/EnchantmentMenu;
[21:37:46] [main/DEBUG]: Skipping Lnet/minecraft/world/inventory/EnchantmentMenu$3;
[21:37:46] [main/DEBUG]: Skipping Lnet/minecraft/world/inventory/EnchantmentMenu$2;
[21:37:46] [main/DEBUG]: Skipping Lnet/minecraft/world/inventory/EnchantmentMenu$1;
[21:37:46] [main/DEBUG]: Skipping Lnet/minecraft/world/inventory/BrewingStandMenu;
[21:37:46] [main/DEBUG]: Skipping Lnet/minecraft/world/inventory/BrewingStandMenu$PotionSlot;
[21:37:46] [main/DEBUG]: Skipping Lnet/minecraft/world/inventory/BrewingStandMenu$IngredientsSlot;
[21:37:46] [main/DEBUG]: Skipping Lnet/minecraft/world/inventory/BrewingStandMenu$FuelSlot;
[21:37:46] [main/DEBUG]: Skipping Lnet/minecraft/world/inventory/BeaconMenu;
[21:37:46] [main/DEBUG]: Skipping Lnet/minecraft/world/inventory/BeaconMenu$PaymentSlot;
[21:37:46] [main/DEBUG]: Skipping Lnet/minecraft/world/inventory/BeaconMenu$1;
[21:37:46] [main/DEBUG]: Transforming class Lnet/minecraft/world/inventory/AnvilMenu;
[21:37:46] [main/DEBUG]: Transforming net/minecraft/world/inventory/AnvilMenu FIELD f_39000_ to access PUBLIC and LEAVE
[21:37:46] [main/DEBUG]: Skipping Lnet/minecraft/world/inventory/AnvilMenu$1;
[21:37:46] [main/DEBUG]: Skipping Lnet/minecraft/world/inventory/AbstractFurnaceMenu;
[21:37:46] [main/DEBUG]: Skipping Lnet/minecraft/world/inventory/AbstractContainerMenu;
[21:37:46] [main/DEBUG]: Skipping Lnet/minecraft/world/inventory/AbstractContainerMenu$1;
[21:37:46] [main/DEBUG]: Skipping Lnet/minecraft/world/food/package-info;
[21:37:46] [main/DEBUG]: Skipping Lnet/minecraft/world/food/Foods;
[21:37:46] [main/DEBUG]: Skipping Lnet/minecraft/world/food/FoodConstants;
[21:37:46] [main/DEBUG]: Skipping Lnet/minecraft/world/food/FoodProperties;
[21:37:46] [main/DEBUG]: Skipping Lnet/minecraft/world/food/FoodProperties$Builder;
[21:37:46] [main/DEBUG]: Skipping Lnet/minecraft/world/food/FoodData;
[21:37:46] [main/DEBUG]: Skipping Lnet/minecraft/world/entity/vehicle/package-info;
[21:37:46] [main/DEBUG]: Skipping Lnet/minecraft/world/entity/vehicle/MinecartTNT;
[21:37:46] [main/DEBUG]: Skipping Lnet/minecraft/world/entity/vehicle/MinecartHopper;
[21:37:46] [main/DEBUG]: Skipping Lnet/minecraft/world/entity/vehicle/MinecartChest;
[21:37:46] [main/DEBUG]: Skipping Lnet/minecraft/world/entity/vehicle/DismountHelper;
[21:37:46] [main/DEBUG]: Skipping Lnet/minecraft/world/entity/vehicle/MinecartSpawner;
[21:37:46] [main/DEBUG]: Skipping Lnet/minecraft/world/entity/vehicle/MinecartSpawner$1;
[21:37:46] [main/DEBUG]: Skipping Lnet/minecraft/world/entity/vehicle/MinecartFurnace;
[21:37:46] [main/DEBUG]: Skipping Lnet/minecraft/world/entity/vehicle/MinecartCommandBlock;
[21:37:46] [main/DEBUG]: Skipping Lnet/minecraft/world/entity/vehicle/MinecartCommandBlock$MinecartCommandBase;
[21:37:46] [main/DEBUG]: Skipping Lnet/minecraft/world/entity/vehicle/Minecart;
[21:37:46] [main/DEBUG]: Skipping Lnet/minecraft/world/entity/vehicle/ContainerEntity;
[21:37:46] [main/DEBUG]: Skipping Lnet/minecraft/world/entity/vehicle/ContainerEntity$1;
[21:37:46] [main/DEBUG]: Skipping Lnet/minecraft/world/entity/vehicle/ChestBoat;
[21:37:46] [main/DEBUG]: Skipping Lnet/minecraft/world/entity/vehicle/ChestBoat$1;
[21:37:46] [main/DEBUG]: Skipping Lnet/minecraft/world/entity/vehicle/Boat;
[21:37:46] [main/DEBUG]: Skipping Lnet/minecraft/world/entity/vehicle/Boat$Type;
[21:37:46] [main/DEBUG]: Skipping Lnet/minecraft/world/entity/vehicle/Boat$Status;
[21:37:46] [main/DEBUG]: Skipping Lnet/minecraft/world/entity/vehicle/Boat$1;
[21:37:46] [main/DEBUG]: Skipping Lnet/minecraft/world/entity/vehicle/AbstractMinecartContainer;
[21:37:46] [main/DEBUG]: Transforming class Lnet/minecraft/world/entity/vehicle/AbstractMinecart;
[21:37:46] [main/DEBUG]: Transforming net/minecraft/world/entity/vehicle/AbstractMinecart METHOD m_213728_()Lnet/minecraft/world/item/Item; to access PROTECTED and LEAVE
[21:37:46] [main/DEBUG]: Skipping Lnet/minecraft/world/entity/vehicle/AbstractMinecart$Type;
[21:37:46] [main/DEBUG]: Skipping Lnet/minecraft/world/entity/vehicle/AbstractMinecart$1;
[21:37:46] [main/DEBUG]: Skipping Lnet/minecraft/world/entity/schedule/package-info;
[21:37:46] [main/DEBUG]: Skipping Lnet/minecraft/world/entity/schedule/Timeline;
[21:37:46] [main/DEBUG]: Skipping Lnet/minecraft/world/entity/schedule/ScheduleBuilder;
[21:37:46] [main/DEBUG]: Skipping Lnet/minecraft/world/entity/schedule/ScheduleBuilder$ActivityTransition;
[21:37:46] [main/DEBUG]: Skipping Lnet/minecraft/world/entity/schedule/Schedule;
[21:37:46] [main/DEBUG]: Skipping Lnet/minecraft/world/entity/schedule/Keyframe;
[21:37:46] [main/DEBUG]: Transforming class Lnet/minecraft/world/entity/schedule/Activity;
[21:37:46] [main/DEBUG]: Transforming net/minecraft/world/entity/schedule/Activity METHOD <init>(Ljava/lang/String;)V to access PUBLIC and LEAVE
[21:37:46] [main/DEBUG]: Skipping Lnet/minecraft/world/entity/raid/package-info;
[21:37:46] [main/DEBUG]: Skipping Lnet/minecraft/world/entity/raid/Raids;
[21:37:46] [main/DEBUG]: Skipping Lnet/minecraft/world/entity/raid/Raider;
[21:37:46] [main/DEBUG]: Skipping Lnet/minecraft/world/entity/raid/Raider$RaiderMoveThroughVillageGoal;
[21:37:46] [main/DEBUG]: Skipping Lnet/minecraft/world/entity/raid/Raider$RaiderCelebration;
[21:37:46] [main/DEBUG]: Skipping Lnet/minecraft/world/entity/raid/Raider$ObtainRaidLeaderBannerGoal;
[21:37:46] [main/DEBUG]: Skipping Lnet/minecraft/world/entity/raid/Raider$HoldGroundAttackGoal;
[21:37:46] [main/DEBUG]: Skipping Lnet/minecraft/world/entity/raid/Raid;
[21:37:46] [main/DEBUG]: Transforming class Lnet/minecraft/world/entity/raid/Raid$RaiderType;
[21:37:46] [main/DEBUG]: Transforming net/minecraft/world/entity/raid/Raid$RaiderType FIELD f_37813_ to access PRIVATE and REMOVEFINAL
[21:37:46] [main/DEBUG]: Skipping Lnet/minecraft/world/entity/raid/Raid$RaidStatus;
[21:37:46] [main/DEBUG]: Skipping Lnet/minecraft/world/entity/raid/Raid$1;
[21:37:46] [main/DEBUG]: Skipping Lnet/minecraft/world/entity/projectile/package-info;
[21:37:46] [main/DEBUG]: Skipping Lnet/minecraft/world/entity/projectile/ThrownTrident;
[21:37:46] [main/DEBUG]: Skipping Lnet/minecraft/world/entity/projectile/ThrownPotion;
[21:37:46] [main/DEBUG]: Skipping Lnet/minecraft/world/entity/projectile/ThrownExperienceBottle;
[21:37:46] [main/DEBUG]: Skipping Lnet/minecraft/world/entity/projectile/ThrownEgg;
[21:37:46] [main/DEBUG]: Skipping Lnet/minecraft/world/entity/projectile/ThrowableItemProjectile;
[21:37:46] [main/DEBUG]: Skipping Lnet/minecraft/world/entity/projectile/SpectralArrow;
[21:37:46] [main/DEBUG]: Skipping Lnet/minecraft/world/entity/projectile/Snowball;
[21:37:46] [main/DEBUG]: Skipping Lnet/minecraft/world/entity/projectile/ItemSupplier;
[21:37:46] [main/DEBUG]: Skipping Lnet/minecraft/world/entity/projectile/Fireball;
[21:37:46] [main/DEBUG]: Skipping Lnet/minecraft/world/entity/projectile/EyeOfEnder;
[21:37:46] [main/DEBUG]: Skipping Lnet/minecraft/world/entity/projectile/EvokerFangs;
[21:37:46] [main/DEBUG]: Skipping Lnet/minecraft/world/entity/projectile/DragonFireball;
[21:37:46] [main/DEBUG]: Skipping Lnet/minecraft/world/entity/projectile/Arrow;
[21:37:46] [main/DEBUG]: Skipping Lnet/minecraft/world/entity/projectile/WitherSkull;
[21:37:46] [main/DEBUG]: Skipping Lnet/minecraft/world/entity/projectile/ThrownEnderpearl;
[21:37:46] [main/DEBUG]: Skipping Lnet/minecraft/world/entity/projectile/ThrowableProjectile;
[21:37:46] [main/DEBUG]: Skipping Lnet/minecraft/world/entity/projectile/SmallFireball;
[21:37:46] [main/DEBUG]: Skipping Lnet/minecraft/world/entity/projectile/ShulkerBullet;
[21:37:46] [main/DEBUG]: Skipping Lnet/minecraft/world/entity/projectile/ProjectileUtil;
[21:37:46] [main/DEBUG]: Transforming class Lnet/minecraft/world/entity/projectile/Projectile;
[21:37:46] [main/DEBUG]: Transforming net/minecraft/world/entity/projectile/Projectile METHOD <init>(Lnet/minecraft/world/entity/EntityType;Lnet/minecraft/world/level/Level;)V to access PROTECTED and LEAVE
[21:37:46] [main/DEBUG]: Skipping Lnet/minecraft/world/entity/projectile/LlamaSpit;
[21:37:46] [main/DEBUG]: Skipping Lnet/minecraft/world/entity/projectile/LargeFireball;
[21:37:46] [main/DEBUG]: Skipping Lnet/minecraft/world/entity/projectile/FishingHook;
[21:37:46] [main/DEBUG]: Skipping Lnet/minecraft/world/entity/projectile/FishingHook$OpenWaterType;
[21:37:46] [main/DEBUG]: Skipping Lnet/minecraft/world/entity/projectile/FishingHook$FishHookState;
[21:37:46] [main/DEBUG]: Skipping Lnet/minecraft/world/entity/projectile/FishingHook$1;
[21:37:46] [main/DEBUG]: Skipping Lnet/minecraft/world/entity/projectile/FireworkRocketEntity;
[21:37:46] [main/DEBUG]: Skipping Lnet/minecraft/world/entity/projectile/AbstractHurtingProjectile;
[21:37:46] [main/DEBUG]: Skipping Lnet/minecraft/world/entity/projectile/AbstractArrow;
[21:37:46] [main/DEBUG]: Skipping Lnet/minecraft/world/entity/projectile/AbstractArrow$Pickup;
[21:37:46] [main/DEBUG]: Skipping Lnet/minecraft/world/entity/projectile/AbstractArrow$1;
[21:37:46] [main/DEBUG]: Skipping Lnet/minecraft/world/entity/player/package-info;
[21:37:46] [main/DEBUG]: Skipping Lnet/minecraft/world/entity/player/StackedContents;
[21:37:46] [main/DEBUG]: Skipping Lnet/minecraft/world/entity/player/StackedContents$RecipePicker;
[21:37:46] [main/DEBUG]: Skipping Lnet/minecraft/world/entity/player/ProfilePublicKey;
[21:37:46] [main/DEBUG]: Skipping Lnet/minecraft/world/entity/player/ProfilePublicKey$ValidationException;
[21:37:46] [main/DEBUG]: Skipping Lnet/minecraft/world/entity/player/ProfilePublicKey$Data;
[21:37:46] [main/DEBUG]: Skipping Lnet/minecraft/world/entity/player/ProfileKeyPair;
[21:37:46] [main/DEBUG]: Skipping Lnet/minecraft/world/entity/player/PlayerModelPart;
[21:37:46] [main/DEBUG]: Skipping Lnet/minecraft/world/entity/player/ChatVisiblity;
[21:37:46] [main/DEBUG]: Skipping Lnet/minecraft/world/entity/player/Abilities;
[21:37:46] [main/DEBUG]: Transforming class Lnet/minecraft/world/entity/player/Player;
[21:37:46] [main/DEBUG]: Transforming net/minecraft/world/entity/player/Player METHOD m_6915_()V to access PUBLIC and LEAVE
[21:37:46] [main/DEBUG]: Skipping Lnet/minecraft/world/entity/player/Player$BedSleepingProblem;
[21:37:46] [main/DEBUG]: Skipping Lnet/minecraft/world/entity/player/Player$1;
[21:37:46] [main/DEBUG]: Skipping Lnet/minecraft/world/entity/player/Inventory;
[21:37:46] [main/DEBUG]: Skipping Lnet/minecraft/world/entity/package-info;
[21:37:46] [main/DEBUG]: Skipping Lnet/minecraft/world/entity/npc/package-info;
[21:37:46] [main/DEBUG]: Skipping Lnet/minecraft/world/entity/npc/WanderingTraderSpawner;
[21:37:46] [main/DEBUG]: Skipping Lnet/minecraft/world/entity/npc/WanderingTrader;
[21:37:46] [main/DEBUG]: Skipping Lnet/minecraft/world/entity/npc/WanderingTrader$WanderToPositionGoal;
[21:37:46] [main/DEBUG]: Transforming class Lnet/minecraft/world/entity/npc/VillagerType;
[21:37:46] [main/DEBUG]: Transforming net/minecraft/world/entity/npc/VillagerType METHOD <init>(Ljava/lang/String;)V to access PUBLIC and LEAVE
[21:37:46] [main/DEBUG]: Skipping Lnet/minecraft/world/entity/npc/VillagerTrades;
[21:37:46] [main/DEBUG]: Skipping Lnet/minecraft/world/entity/npc/VillagerTrades$TreasureMapForEmeralds;
[21:37:46] [main/DEBUG]: Skipping Lnet/minecraft/world/entity/npc/VillagerTrades$TippedArrowForItemsAndEmeralds;
[21:37:46] [main/DEBUG]: Skipping Lnet/minecraft/world/entity/npc/VillagerTrades$SuspiciousStewForEmerald;
[21:37:46] [main/DEBUG]: Skipping Lnet/minecraft/world/entity/npc/VillagerTrades$ItemsForEmeralds;
[21:37:46] [main/DEBUG]: Skipping Lnet/minecraft/world/entity/npc/VillagerTrades$ItemsAndEmeraldsToItems;
[21:37:46] [main/DEBUG]: Skipping Lnet/minecraft/world/entity/npc/VillagerTrades$ItemListing;
[21:37:46] [main/DEBUG]: Skipping Lnet/minecraft/world/entity/npc/VillagerTrades$EnchantedItemForEmeralds;
[21:37:46] [main/DEBUG]: Skipping Lnet/minecraft/world/entity/npc/VillagerTrades$EnchantBookForEmeralds;
[21:37:46] [main/DEBUG]: Skipping Lnet/minecraft/world/entity/npc/VillagerTrades$EmeraldsForVillagerTypeItem;
[21:37:46] [main/DEBUG]: Skipping Lnet/minecraft/world/entity/npc/VillagerTrades$EmeraldForItems;
[21:37:46] [main/DEBUG]: Skipping Lnet/minecraft/world/entity/npc/VillagerTrades$DyedArmorForEmeralds;
[21:37:46] [main/DEBUG]: Skipping Lnet/minecraft/world/entity/npc/VillagerProfession;
[21:37:46] [main/DEBUG]: Skipping Lnet/minecraft/world/entity/npc/VillagerDataHolder;
[21:37:46] [main/DEBUG]: Skipping Lnet/minecraft/world/entity/npc/VillagerData;
[21:37:46] [main/DEBUG]: Skipping Lnet/minecraft/world/entity/npc/Npc;
[21:37:46] [main/DEBUG]: Skipping Lnet/minecraft/world/entity/npc/InventoryCarrier;
[21:37:46] [main/DEBUG]: Skipping Lnet/minecraft/world/entity/npc/ClientSideMerchant;
[21:37:46] [main/DEBUG]: Skipping Lnet/minecraft/world/entity/npc/Villager;
[21:37:46] [main/DEBUG]: Skipping Lnet/minecraft/world/entity/npc/CatSpawner;
[21:37:46] [main/DEBUG]: Skipping Lnet/minecraft/world/entity/npc/AbstractVillager;
[21:37:46] [main/DEBUG]: Skipping Lnet/minecraft/world/entity/monster/warden/package-info;
[21:37:46] [main/DEBUG]: Skipping Lnet/minecraft/world/entity/monster/warden/WardenSpawnTracker;
[21:37:46] [main/DEBUG]: Skipping Lnet/minecraft/world/entity/monster/warden/WardenAi;
[21:37:46] [main/DEBUG]: Skipping Lnet/minecraft/world/entity/monster/warden/WardenAi$1;
[21:37:46] [main/DEBUG]: Skipping Lnet/minecraft/world/entity/monster/warden/Warden;
[21:37:46] [main/DEBUG]: Skipping Lnet/minecraft/world/entity/monster/warden/Warden$2;
[21:37:46] [main/DEBUG]: Skipping Lnet/minecraft/world/entity/monster/warden/Warden$1;
[21:37:46] [main/DEBUG]: Skipping Lnet/minecraft/world/entity/monster/warden/Warden$1$1;
[21:37:46] [main/DEBUG]: Skipping Lnet/minecraft/world/entity/monster/warden/AngerManagement;
[21:37:46] [main/DEBUG]: Skipping Lnet/minecraft/world/entity/monster/warden/AngerManagement$Sorter;
[21:37:46] [main/DEBUG]: Skipping Lnet/minecraft/world/entity/monster/warden/AngerManagement$1;
[21:37:46] [main/DEBUG]: Skipping Lnet/minecraft/world/entity/monster/warden/AngerLevel;
[21:37:46] [main/DEBUG]: Skipping Lnet/minecraft/world/entity/monster/piglin/package-info;
[21:37:46] [main/DEBUG]: Skipping Lnet/minecraft/world/entity/monster/piglin/StopAdmiringIfTiredOfTryingToReachItem;
[21:37:46] [main/DEBUG]: Skipping Lnet/minecraft/world/entity/monster/piglin/StopAdmiringIfItemTooFarAway;
[21:37:46] [main/DEBUG]: Skipping Lnet/minecraft/world/entity/monster/piglin/StartHuntingHoglin;
[21:37:46] [main/DEBUG]: Skipping Lnet/minecraft/world/entity/monster/piglin/StartAdmiringItemIfSeen;
[21:37:46] [main/DEBUG]: Skipping Lnet/minecraft/world/entity/monster/piglin/RememberIfHoglinWasKilled;
[21:37:46] [main/DEBUG]: Skipping Lnet/minecraft/world/entity/monster/piglin/PiglinBruteAi;
[21:37:46] [main/DEBUG]: Skipping Lnet/minecraft/world/entity/monster/piglin/PiglinBrute;
[21:37:46] [main/DEBUG]: Skipping Lnet/minecraft/world/entity/monster/piglin/PiglinArmPose;
[21:37:46] [main/DEBUG]: Skipping Lnet/minecraft/world/entity/monster/piglin/StopHoldingItemIfNoLongerAdmiring;
[21:37:46] [main/DEBUG]: Skipping Lnet/minecraft/world/entity/monster/piglin/PiglinAi;
[21:37:46] [main/DEBUG]: Skipping Lnet/minecraft/world/entity/monster/piglin/Piglin;
[21:37:46] [main/DEBUG]: Skipping Lnet/minecraft/world/entity/monster/piglin/AbstractPiglin;
[21:37:46] [main/DEBUG]: Skipping Lnet/minecraft/world/entity/monster/package-info;
[21:37:46] [main/DEBUG]: Skipping Lnet/minecraft/world/entity/monster/hoglin/package-info;
[21:37:46] [main/DEBUG]: Skipping Lnet/minecraft/world/entity/monster/hoglin/HoglinBase;
[21:37:46] [main/DEBUG]: Skipping Lnet/minecraft/world/entity/monster/hoglin/HoglinAi;
[21:37:46] [main/DEBUG]: Skipping Lnet/minecraft/world/entity/monster/hoglin/Hoglin;
[21:37:46] [main/DEBUG]: Skipping Lnet/minecraft/world/entity/monster/ZombifiedPiglin;
[21:37:46] [main/DEBUG]: Skipping Lnet/minecraft/world/entity/monster/Zoglin;
[21:37:46] [main/DEBUG]: Transforming class Lnet/minecraft/world/entity/monster/WitherSkeleton;
[21:37:46] [main/DEBUG]: Transforming net/minecraft/world/entity/monster/WitherSkeleton METHOD m_7878_()Lnet/minecraft/sounds/SoundEvent; to access PROTECTED and LEAVE
[21:37:46] [main/DEBUG]: Skipping Lnet/minecraft/world/entity/monster/Witch;
[21:37:46] [main/DEBUG]: Skipping Lnet/minecraft/world/entity/monster/Vindicator;
[21:37:46] [main/DEBUG]: Skipping Lnet/minecraft/world/entity/monster/Vindicator$VindicatorMeleeAttackGoal;
[21:37:46] [main/DEBUG]: Skipping Lnet/minecraft/world/entity/monster/Vindicator$VindicatorJohnnyAttackGoal;
[21:37:46] [main/DEBUG]: Skipping Lnet/minecraft/world/entity/monster/Vindicator$VindicatorBreakDoorGoal;
[21:37:46] [main/DEBUG]: Skipping Lnet/minecraft/world/entity/monster/Vex;
[21:37:46] [main/DEBUG]: Skipping Lnet/minecraft/world/entity/monster/Vex$VexRandomMoveGoal;
[21:37:46] [main/DEBUG]: Skipping Lnet/minecraft/world/entity/monster/Vex$VexMoveControl;
[21:37:46] [main/DEBUG]: Skipping Lnet/minecraft/world/entity/monster/Vex$VexCopyOwnerTargetGoal;
[21:37:46] [main/DEBUG]: Skipping Lnet/minecraft/world/entity/monster/Vex$VexChargeAttackGoal;
[21:37:46] [main/DEBUG]: Transforming class Lnet/minecraft/world/entity/monster/Stray;
[21:37:46] [main/DEBUG]: Transforming net/minecraft/world/entity/monster/Stray METHOD m_7878_()Lnet/minecraft/sounds/SoundEvent; to access PROTECTED and LEAVE
[21:37:46] [main/DEBUG]: Skipping Lnet/minecraft/world/entity/monster/SpellcasterIllager;
[21:37:46] [main/DEBUG]: Skipping Lnet/minecraft/world/entity/monster/SpellcasterIllager$SpellcasterUseSpellGoal;
[21:37:46] [main/DEBUG]: Skipping Lnet/minecraft/world/entity/monster/SpellcasterIllager$SpellcasterCastingSpellGoal;
[21:37:46] [main/DEBUG]: Skipping Lnet/minecraft/world/entity/monster/SpellcasterIllager$IllagerSpell;
[21:37:46] [main/DEBUG]: Transforming class Lnet/minecraft/world/entity/monster/Skeleton;
[21:37:46] [main/DEBUG]: Transforming net/minecraft/world/entity/monster/Skeleton METHOD m_7878_()Lnet/minecraft/sounds/SoundEvent; to access PROTECTED and LEAVE
[21:37:46] [main/DEBUG]: Skipping Lnet/minecraft/world/entity/monster/RangedAttackMob;
[21:37:46] [main/DEBUG]: Skipping Lnet/minecraft/world/entity/monster/Phantom;
[21:37:46] [main/DEBUG]: Skipping Lnet/minecraft/world/entity/monster/Phantom$PhantomSweepAttackGoal;
[21:37:46] [main/DEBUG]: Skipping Lnet/minecraft/world/entity/monster/Phantom$PhantomMoveTargetGoal;
[21:37:46] [main/DEBUG]: Skipping Lnet/minecraft/world/entity/monster/Phantom$PhantomMoveControl;
[21:37:46] [main/DEBUG]: Skipping Lnet/minecraft/world/entity/monster/Phantom$PhantomLookControl;
[21:37:46] [main/DEBUG]: Skipping Lnet/minecraft/world/entity/monster/Phantom$PhantomCircleAroundAnchorGoal;
[21:37:46] [main/DEBUG]: Skipping Lnet/minecraft/world/entity/monster/Phantom$PhantomBodyRotationControl;
[21:37:46] [main/DEBUG]: Skipping Lnet/minecraft/world/entity/monster/Phantom$PhantomAttackStrategyGoal;
[21:37:46] [main/DEBUG]: Skipping Lnet/minecraft/world/entity/monster/Phantom$PhantomAttackPlayerTargetGoal;
[21:37:46] [main/DEBUG]: Skipping Lnet/minecraft/world/entity/monster/Phantom$AttackPhase;
[21:37:46] [main/DEBUG]: Skipping Lnet/minecraft/world/entity/monster/PatrollingMonster;
[21:37:46] [main/DEBUG]: Skipping Lnet/minecraft/world/entity/monster/PatrollingMonster$LongDistancePatrolGoal;
[21:37:46] [main/DEBUG]: Skipping Lnet/minecraft/world/entity/monster/Husk;
[21:37:46] [main/DEBUG]: Skipping Lnet/minecraft/world/entity/monster/Guardian;
[21:37:46] [main/DEBUG]: Skipping Lnet/minecraft/world/entity/monster/Guardian$GuardianMoveControl;
[21:37:46] [main/DEBUG]: Skipping Lnet/minecraft/world/entity/monster/Guardian$GuardianAttackSelector;
[21:37:46] [main/DEBUG]: Skipping Lnet/minecraft/world/entity/monster/Guardian$GuardianAttackGoal;
[21:37:46] [main/DEBUG]: Skipping Lnet/minecraft/world/entity/monster/Giant;
[21:37:46] [main/DEBUG]: Skipping Lnet/minecraft/world/entity/monster/Ghast;
[21:37:46] [main/DEBUG]: Skipping Lnet/minecraft/world/entity/monster/Ghast$RandomFloatAroundGoal;
[21:37:46] [main/DEBUG]: Skipping Lnet/minecraft/world/entity/monster/Ghast$GhastShootFireballGoal;
[21:37:46] [main/DEBUG]: Skipping Lnet/minecraft/world/entity/monster/Ghast$GhastMoveControl;
[21:37:46] [main/DEBUG]: Skipping Lnet/minecraft/world/entity/monster/Ghast$GhastLookGoal;
[21:37:46] [main/DEBUG]: Skipping Lnet/minecraft/world/entity/monster/Enemy;
[21:37:46] [main/DEBUG]: Skipping Lnet/minecraft/world/entity/monster/Endermite;
[21:37:46] [main/DEBUG]: Skipping Lnet/minecraft/world/entity/monster/ElderGuardian;
[21:37:46] [main/DEBUG]: Skipping Lnet/minecraft/world/entity/monster/Drowned;
[21:37:46] [main/DEBUG]: Skipping Lnet/minecraft/world/entity/monster/Drowned$DrownedTridentAttackGoal;
[21:37:46] [main/DEBUG]: Skipping Lnet/minecraft/world/entity/monster/Drowned$DrownedSwimUpGoal;
[21:37:46] [main/DEBUG]: Skipping Lnet/minecraft/world/entity/monster/Drowned$DrownedMoveControl;
[21:37:46] [main/DEBUG]: Skipping Lnet/minecraft/world/entity/monster/Drowned$DrownedGoToWaterGoal;
[21:37:46] [main/DEBUG]: Skipping Lnet/minecraft/world/entity/monster/Drowned$DrownedGoToBeachGoal;
[21:37:46] [main/DEBUG]: Skipping Lnet/minecraft/world/entity/monster/Drowned$DrownedAttackGoal;
[21:37:46] [main/DEBUG]: Skipping Lnet/minecraft/world/entity/monster/CaveSpider;
[21:37:46] [main/DEBUG]: Skipping Lnet/minecraft/world/entity/monster/Blaze;
[21:37:46] [main/DEBUG]: Skipping Lnet/minecraft/world/entity/monster/Blaze$BlazeAttackGoal;
[21:37:46] [main/DEBUG]: Skipping Lnet/minecraft/world/entity/monster/AbstractIllager;
[21:37:46] [main/DEBUG]: Skipping Lnet/minecraft/world/entity/monster/AbstractIllager$RaiderOpenDoorGoal;
[21:37:46] [main/DEBUG]: Skipping Lnet/minecraft/world/entity/monster/AbstractIllager$IllagerArmPose;
[21:37:46] [main/DEBUG]: Skipping Lnet/minecraft/world/entity/monster/ZombieVillager;
[21:37:46] [main/DEBUG]: Skipping Lnet/minecraft/world/entity/monster/Zombie;
[21:37:46] [main/DEBUG]: Skipping Lnet/minecraft/world/entity/monster/Zombie$ZombieGroupData;
[21:37:46] [main/DEBUG]: Skipping Lnet/minecraft/world/entity/monster/Zombie$ZombieAttackTurtleEggGoal;
[21:37:46] [main/DEBUG]: Skipping Lnet/minecraft/world/entity/monster/Strider;
[21:37:46] [main/DEBUG]: Skipping Lnet/minecraft/world/entity/monster/Strider$StriderPathNavigation;
[21:37:46] [main/DEBUG]: Skipping Lnet/minecraft/world/entity/monster/Strider$StriderGoToLavaGoal;
[21:37:46] [main/DEBUG]: Skipping Lnet/minecraft/world/entity/monster/Spider;
[21:37:46] [main/DEBUG]: Skipping Lnet/minecraft/world/entity/monster/Spider$SpiderTargetGoal;
[21:37:46] [main/DEBUG]: Skipping Lnet/minecraft/world/entity/monster/Spider$SpiderEffectsGroupData;
[21:37:46] [main/DEBUG]: Skipping Lnet/minecraft/world/entity/monster/Spider$SpiderAttackGoal;
[21:37:46] [main/DEBUG]: Skipping Lnet/minecraft/world/entity/monster/Slime;
[21:37:46] [main/DEBUG]: Skipping Lnet/minecraft/world/entity/monster/Slime$SlimeRandomDirectionGoal;
[21:37:46] [main/DEBUG]: Skipping Lnet/minecraft/world/entity/monster/Slime$SlimeMoveControl;
[21:37:46] [main/DEBUG]: Skipping Lnet/minecraft/world/entity/monster/Slime$SlimeKeepOnJumpingGoal;
[21:37:46] [main/DEBUG]: Skipping Lnet/minecraft/world/entity/monster/Slime$SlimeFloatGoal;
[21:37:46] [main/DEBUG]: Skipping Lnet/minecraft/world/entity/monster/Slime$SlimeAttackGoal;
[21:37:46] [main/DEBUG]: Skipping Lnet/minecraft/world/entity/monster/Silverfish;
[21:37:46] [main/DEBUG]: Skipping Lnet/minecraft/world/entity/monster/Silverfish$SilverfishWakeUpFriendsGoal;
[21:37:46] [main/DEBUG]: Skipping Lnet/minecraft/world/entity/monster/Silverfish$SilverfishMergeWithStoneGoal;
[21:37:46] [main/DEBUG]: Skipping Lnet/minecraft/world/entity/monster/Shulker;
[21:37:46] [main/DEBUG]: Skipping Lnet/minecraft/world/entity/monster/Shulker$ShulkerPeekGoal;
[21:37:46] [main/DEBUG]: Skipping Lnet/minecraft/world/entity/monster/Shulker$ShulkerNearestAttackGoal;
[21:37:46] [main/DEBUG]: Skipping Lnet/minecraft/world/entity/monster/Shulker$ShulkerLookControl;
[21:37:46] [main/DEBUG]: Skipping Lnet/minecraft/world/entity/monster/Shulker$ShulkerDefenseAttackGoal;
[21:37:46] [main/DEBUG]: Skipping Lnet/minecraft/world/entity/monster/Shulker$ShulkerBodyRotationControl;
[21:37:46] [main/DEBUG]: Skipping Lnet/minecraft/world/entity/monster/Shulker$ShulkerAttackGoal;
[21:37:46] [main/DEBUG]: Skipping Lnet/minecraft/world/entity/monster/Ravager;
[21:37:46] [main/DEBUG]: Skipping Lnet/minecraft/world/entity/monster/Ravager$RavagerNodeEvaluator;
[21:37:46] [main/DEBUG]: Skipping Lnet/minecraft/world/entity/monster/Ravager$RavagerNavigation;
[21:37:46] [main/DEBUG]: Skipping Lnet/minecraft/world/entity/monster/Ravager$RavagerMeleeAttackGoal;
[21:37:46] [main/DEBUG]: Skipping Lnet/minecraft/world/entity/monster/Pillager;
[21:37:46] [main/DEBUG]: Skipping Lnet/minecraft/world/entity/monster/Monster;
[21:37:46] [main/DEBUG]: Skipping Lnet/minecraft/world/entity/monster/MagmaCube;
[21:37:46] [main/DEBUG]: Skipping Lnet/minecraft/world/entity/monster/Illusioner;
[21:37:46] [main/DEBUG]: Skipping Lnet/minecraft/world/entity/monster/Illusioner$IllusionerMirrorSpellGoal;
[21:37:46] [main/DEBUG]: Skipping Lnet/minecraft/world/entity/monster/Illusioner$IllusionerBlindnessSpellGoal;
[21:37:46] [main/DEBUG]: Skipping Lnet/minecraft/world/entity/monster/Evoker;
[21:37:46] [main/DEBUG]: Skipping Lnet/minecraft/world/entity/monster/Evoker$EvokerWololoSpellGoal;
[21:37:46] [main/DEBUG]: Skipping Lnet/minecraft/world/entity/monster/Evoker$EvokerSummonSpellGoal;
[21:37:46] [main/DEBUG]: Skipping Lnet/minecraft/world/entity/monster/Evoker$EvokerCastingSpellGoal;
[21:37:46] [main/DEBUG]: Skipping Lnet/minecraft/world/entity/monster/Evoker$EvokerAttackSpellGoal;
[21:37:46] [main/DEBUG]: Skipping Lnet/minecraft/world/entity/monster/EnderMan;
[21:37:46] [main/DEBUG]: Skipping Lnet/minecraft/world/entity/monster/EnderMan$EndermanTakeBlockGoal;
[21:37:46] [main/DEBUG]: Skipping Lnet/minecraft/world/entity/monster/EnderMan$EndermanLookForPlayerGoal;
[21:37:46] [main/DEBUG]: Skipping Lnet/minecraft/world/entity/monster/EnderMan$EndermanLeaveBlockGoal;
[21:37:46] [main/DEBUG]: Skipping Lnet/minecraft/world/entity/monster/EnderMan$EndermanFreezeWhenLookedAt;
[21:37:46] [main/DEBUG]: Skipping Lnet/minecraft/world/entity/monster/CrossbowAttackMob;
[21:37:46] [main/DEBUG]: Skipping Lnet/minecraft/world/entity/monster/Creeper;
[21:37:46] [main/DEBUG]: Transforming class Lnet/minecraft/world/entity/monster/AbstractSkeleton;
[21:37:46] [main/DEBUG]: Transforming net/minecraft/world/entity/monster/AbstractSkeleton METHOD m_7878_()Lnet/minecraft/sounds/SoundEvent; to access PROTECTED and LEAVE
[21:37:46] [main/DEBUG]: Skipping Lnet/minecraft/world/entity/monster/AbstractSkeleton$1;
[21:37:46] [main/DEBUG]: Skipping Lnet/minecraft/world/entity/item/package-info;
[21:37:46] [main/DEBUG]: Transforming class Lnet/minecraft/world/entity/item/PrimedTnt;
[21:37:46] [main/DEBUG]: Transforming net/minecraft/world/entity/item/PrimedTnt METHOD m_32103_()V to access PROTECTED and LEAVE
[21:37:46] [main/DEBUG]: Skipping Lnet/minecraft/world/entity/item/ItemEntity;
[21:37:46] [main/DEBUG]: Skipping Lnet/minecraft/world/entity/item/FallingBlockEntity;
[21:37:46] [main/DEBUG]: Skipping Lnet/minecraft/world/entity/decoration/package-info;
[21:37:46] [main/DEBUG]: Skipping Lnet/minecraft/world/entity/decoration/PaintingVariants;
[21:37:46] [main/DEBUG]: Skipping Lnet/minecraft/world/entity/decoration/PaintingVariant;
[21:37:46] [main/DEBUG]: Skipping Lnet/minecraft/world/entity/decoration/Painting;
[21:37:46] [main/DEBUG]: Skipping Lnet/minecraft/world/entity/decoration/LeashFenceKnotEntity;
[21:37:46] [main/DEBUG]: Skipping Lnet/minecraft/world/entity/decoration/ItemFrame;
[21:37:46] [main/DEBUG]: Skipping Lnet/minecraft/world/entity/decoration/ItemFrame$2;
[21:37:46] [main/DEBUG]: Skipping Lnet/minecraft/world/entity/decoration/ItemFrame$1;
[21:37:46] [main/DEBUG]: Skipping Lnet/minecraft/world/entity/decoration/GlowItemFrame;
[21:37:46] [main/DEBUG]: Skipping Lnet/minecraft/world/entity/decoration/HangingEntity;
[21:37:46] [main/DEBUG]: Skipping Lnet/minecraft/world/entity/decoration/HangingEntity$1;
[21:37:46] [main/DEBUG]: Skipping Lnet/minecraft/world/entity/decoration/ArmorStand;
[21:37:46] [main/DEBUG]: Skipping Lnet/minecraft/world/entity/decoration/ArmorStand$1;
[21:37:46] [main/DEBUG]: Skipping Lnet/minecraft/world/entity/boss/wither/package-info;
[21:37:46] [main/DEBUG]: Skipping Lnet/minecraft/world/entity/boss/wither/WitherBoss;
[21:37:46] [main/DEBUG]: Skipping Lnet/minecraft/world/entity/boss/wither/WitherBoss$WitherDoNothingGoal;
[21:37:46] [main/DEBUG]: Skipping Lnet/minecraft/world/entity/boss/package-info;
[21:37:46] [main/DEBUG]: Skipping Lnet/minecraft/world/entity/boss/enderdragon/phases/package-info;
[21:37:46] [main/DEBUG]: Skipping Lnet/minecraft/world/entity/boss/enderdragon/phases/EnderDragonPhaseManager;
[21:37:46] [main/DEBUG]: Skipping Lnet/minecraft/world/entity/boss/enderdragon/phases/EnderDragonPhase;
[21:37:46] [main/DEBUG]: Skipping Lnet/minecraft/world/entity/boss/enderdragon/phases/DragonTakeoffPhase;
[21:37:46] [main/DEBUG]: Skipping Lnet/minecraft/world/entity/boss/enderdragon/phases/DragonStrafePlayerPhase;
[21:37:46] [main/DEBUG]: Skipping Lnet/minecraft/world/entity/boss/enderdragon/phases/DragonSittingScanningPhase;
[21:37:46] [main/DEBUG]: Skipping Lnet/minecraft/world/entity/boss/enderdragon/phases/DragonSittingFlamingPhase;
[21:37:46] [main/DEBUG]: Skipping Lnet/minecraft/world/entity/boss/enderdragon/phases/DragonSittingAttackingPhase;
[21:37:46] [main/DEBUG]: Skipping Lnet/minecraft/world/entity/boss/enderdragon/phases/DragonPhaseInstance;
[21:37:46] [main/DEBUG]: Skipping Lnet/minecraft/world/entity/boss/enderdragon/phases/DragonLandingPhase;
[21:37:46] [main/DEBUG]: Skipping Lnet/minecraft/world/entity/boss/enderdragon/phases/DragonLandingApproachPhase;
[21:37:46] [main/DEBUG]: Skipping Lnet/minecraft/world/entity/boss/enderdragon/phases/DragonHoverPhase;
[21:37:46] [main/DEBUG]: Skipping Lnet/minecraft/world/entity/boss/enderdragon/phases/DragonHoldingPatternPhase;
[21:37:46] [main/DEBUG]: Skipping Lnet/minecraft/world/entity/boss/enderdragon/phases/DragonDeathPhase;
[21:37:46] [main/DEBUG]: Skipping Lnet/minecraft/world/entity/boss/enderdragon/phases/DragonChargePlayerPhase;
[21:37:46] [main/DEBUG]: Skipping Lnet/minecraft/world/entity/boss/enderdragon/phases/AbstractDragonSittingPhase;
[21:37:46] [main/DEBUG]: Skipping Lnet/minecraft/world/entity/boss/enderdragon/phases/AbstractDragonPhaseInstance;
[21:37:46] [main/DEBUG]: Skipping Lnet/minecraft/world/entity/boss/enderdragon/package-info;
[21:37:46] [main/DEBUG]: Skipping Lnet/minecraft/world/entity/boss/enderdragon/EndCrystal;
[21:37:46] [main/DEBUG]: Skipping Lnet/minecraft/world/entity/boss/enderdragon/EnderDragon;
[21:37:46] [main/DEBUG]: Skipping Lnet/minecraft/world/entity/boss/EnderDragonPart;
[21:37:47] [main/DEBUG]: Skipping Lnet/minecraft/world/entity/animal/package-info;
[21:37:47] [main/DEBUG]: Skipping Lnet/minecraft/world/entity/animal/horse/package-info;
[21:37:47] [main/DEBUG]: Skipping Lnet/minecraft/world/entity/animal/horse/ZombieHorse;
[21:37:47] [main/DEBUG]: Skipping Lnet/minecraft/world/entity/animal/horse/Variant;
[21:37:47] [main/DEBUG]: Skipping Lnet/minecraft/world/entity/animal/horse/TraderLlama;
[21:37:47] [main/DEBUG]: Skipping Lnet/minecraft/world/entity/animal/horse/TraderLlama$TraderLlamaDefendWanderingTraderGoal;
[21:37:47] [main/DEBUG]: Skipping Lnet/minecraft/world/entity/animal/horse/SkeletonHorse;
[21:37:47] [main/DEBUG]: Skipping Lnet/minecraft/world/entity/animal/horse/Mule;
[21:37:47] [main/DEBUG]: Skipping Lnet/minecraft/world/entity/animal/horse/Markings;
[21:37:47] [main/DEBUG]: Skipping Lnet/minecraft/world/entity/animal/horse/Llama;
[21:37:47] [main/DEBUG]: Skipping Lnet/minecraft/world/entity/animal/horse/Llama$LlamaHurtByTargetGoal;
[21:37:47] [main/DEBUG]: Skipping Lnet/minecraft/world/entity/animal/horse/Llama$LlamaGroupData;
[21:37:47] [main/DEBUG]: Skipping Lnet/minecraft/world/entity/animal/horse/Llama$LlamaAttackWolfGoal;
[21:37:47] [main/DEBUG]: Skipping Lnet/minecraft/world/entity/animal/horse/Donkey;
[21:37:47] [main/DEBUG]: Skipping Lnet/minecraft/world/entity/animal/horse/AbstractChestedHorse;
[21:37:47] [main/DEBUG]: Skipping Lnet/minecraft/world/entity/animal/horse/AbstractChestedHorse$1;
[21:37:47] [main/DEBUG]: Skipping Lnet/minecraft/world/entity/animal/horse/SkeletonTrapGoal;
[21:37:47] [main/DEBUG]: Skipping Lnet/minecraft/world/entity/animal/horse/Horse;
[21:37:47] [main/DEBUG]: Skipping Lnet/minecraft/world/entity/animal/horse/Horse$HorseGroupData;
[21:37:47] [main/DEBUG]: Skipping Lnet/minecraft/world/entity/animal/horse/AbstractHorse;
[21:37:47] [main/DEBUG]: Skipping Lnet/minecraft/world/entity/animal/horse/AbstractHorse$1;
[21:37:47] [main/DEBUG]: Skipping Lnet/minecraft/world/entity/animal/goat/package-info;
[21:37:47] [main/DEBUG]: Skipping Lnet/minecraft/world/entity/animal/goat/GoatAi;
[21:37:47] [main/DEBUG]: Skipping Lnet/minecraft/world/entity/animal/goat/Goat;
[21:37:47] [main/DEBUG]: Skipping Lnet/minecraft/world/entity/animal/frog/package-info;
[21:37:47] [main/DEBUG]: Skipping Lnet/minecraft/world/entity/animal/frog/TadpoleAi;
[21:37:47] [main/DEBUG]: Skipping Lnet/minecraft/world/entity/animal/frog/Tadpole;
[21:37:47] [main/DEBUG]: Skipping Lnet/minecraft/world/entity/animal/frog/ShootTongue;
[21:37:47] [main/DEBUG]: Skipping Lnet/minecraft/world/entity/animal/frog/ShootTongue$State;
[21:37:47] [main/DEBUG]: Skipping Lnet/minecraft/world/entity/animal/frog/ShootTongue$1;
[21:37:47] [main/DEBUG]: Skipping Lnet/minecraft/world/entity/animal/frog/FrogAi;
[21:37:47] [main/DEBUG]: Skipping Lnet/minecraft/world/entity/animal/frog/Frog;
[21:37:47] [main/DEBUG]: Skipping Lnet/minecraft/world/entity/animal/frog/Frog$FrogPathNavigation;
[21:37:47] [main/DEBUG]: Skipping Lnet/minecraft/world/entity/animal/frog/Frog$FrogNodeEvaluator;
[21:37:47] [main/DEBUG]: Skipping Lnet/minecraft/world/entity/animal/frog/Frog$FrogLookControl;
[21:37:47] [main/DEBUG]: Skipping Lnet/minecraft/world/entity/animal/axolotl/package-info;
[21:37:47] [main/DEBUG]: Skipping Lnet/minecraft/world/entity/animal/axolotl/ValidatePlayDead;
[21:37:47] [main/DEBUG]: Skipping Lnet/minecraft/world/entity/animal/axolotl/PlayDead;
[21:37:47] [main/DEBUG]: Skipping Lnet/minecraft/world/entity/animal/axolotl/AxolotlAi;
[21:37:47] [main/DEBUG]: Skipping Lnet/minecraft/world/entity/animal/axolotl/Axolotl;
[21:37:47] [main/DEBUG]: Skipping Lnet/minecraft/world/entity/animal/axolotl/Axolotl$Variant;
[21:37:47] [main/DEBUG]: Skipping Lnet/minecraft/world/entity/animal/axolotl/Axolotl$AxolotlMoveControl;
[21:37:47] [main/DEBUG]: Skipping Lnet/minecraft/world/entity/animal/axolotl/Axolotl$AxolotlLookControl;
[21:37:47] [main/DEBUG]: Skipping Lnet/minecraft/world/entity/animal/axolotl/Axolotl$AxolotlGroupData;
[21:37:47] [main/DEBUG]: Skipping Lnet/minecraft/world/entity/animal/allay/package-info;
[21:37:47] [main/DEBUG]: Skipping Lnet/minecraft/world/entity/animal/allay/AllayAi;
[21:37:47] [main/DEBUG]: Skipping Lnet/minecraft/world/entity/animal/allay/Allay;
[21:37:47] [main/DEBUG]: Skipping Lnet/minecraft/world/entity/animal/allay/Allay$JukeboxListener;
[21:37:47] [main/DEBUG]: Skipping Lnet/minecraft/world/entity/animal/allay/Allay$AllayVibrationListenerConfig;
[21:37:47] [main/DEBUG]: Skipping Lnet/minecraft/world/entity/animal/WaterAnimal;
[21:37:47] [main/DEBUG]: Skipping Lnet/minecraft/world/entity/animal/Turtle;
[21:37:47] [main/DEBUG]: Skipping Lnet/minecraft/world/entity/animal/Turtle$TurtleTravelGoal;
[21:37:47] [main/DEBUG]: Skipping Lnet/minecraft/world/entity/animal/Turtle$TurtleRandomStrollGoal;
[21:37:47] [main/DEBUG]: Skipping Lnet/minecraft/world/entity/animal/Turtle$TurtlePathNavigation;
[21:37:47] [main/DEBUG]: Skipping Lnet/minecraft/world/entity/animal/Turtle$TurtlePanicGoal;
[21:37:47] [main/DEBUG]: Skipping Lnet/minecraft/world/entity/animal/Turtle$TurtleMoveControl;
[21:37:47] [main/DEBUG]: Skipping Lnet/minecraft/world/entity/animal/Turtle$TurtleLayEggGoal;
[21:37:47] [main/DEBUG]: Skipping Lnet/minecraft/world/entity/animal/Turtle$TurtleGoToWaterGoal;
[21:37:47] [main/DEBUG]: Skipping Lnet/minecraft/world/entity/animal/Turtle$TurtleGoHomeGoal;
[21:37:47] [main/DEBUG]: Skipping Lnet/minecraft/world/entity/animal/Turtle$TurtleBreedGoal;
[21:37:47] [main/DEBUG]: Skipping Lnet/minecraft/world/entity/animal/TropicalFish;
[21:37:47] [main/DEBUG]: Skipping Lnet/minecraft/world/entity/animal/TropicalFish$TropicalFishGroupData;
[21:37:47] [main/DEBUG]: Skipping Lnet/minecraft/world/entity/animal/TropicalFish$Pattern;
[21:37:47] [main/DEBUG]: Skipping Lnet/minecraft/world/entity/animal/Squid;
[21:37:47] [main/DEBUG]: Skipping Lnet/minecraft/world/entity/animal/Squid$SquidRandomMovementGoal;
[21:37:47] [main/DEBUG]: Skipping Lnet/minecraft/world/entity/animal/Squid$SquidFleeGoal;
[21:37:47] [main/DEBUG]: Skipping Lnet/minecraft/world/entity/animal/ShoulderRidingEntity;
[21:37:47] [main/DEBUG]: Skipping Lnet/minecraft/world/entity/animal/Salmon;
[21:37:47] [main/DEBUG]: Skipping Lnet/minecraft/world/entity/animal/Pufferfish;
[21:37:47] [main/DEBUG]: Skipping Lnet/minecraft/world/entity/animal/Pufferfish$PufferfishPuffGoal;
[21:37:47] [main/DEBUG]: Skipping Lnet/minecraft/world/entity/animal/PolarBear;
[21:37:47] [main/DEBUG]: Skipping Lnet/minecraft/world/entity/animal/PolarBear$PolarBearPanicGoal;
[21:37:47] [main/DEBUG]: Skipping Lnet/minecraft/world/entity/animal/PolarBear$PolarBearMeleeAttackGoal;
[21:37:47] [main/DEBUG]: Skipping Lnet/minecraft/world/entity/animal/PolarBear$PolarBearHurtByTargetGoal;
[21:37:47] [main/DEBUG]: Skipping Lnet/minecraft/world/entity/animal/PolarBear$PolarBearAttackPlayersGoal;
[21:37:47] [main/DEBUG]: Skipping Lnet/minecraft/world/entity/animal/Panda;
[21:37:47] [main/DEBUG]: Skipping Lnet/minecraft/world/entity/animal/Panda$PandaSneezeGoal;
[21:37:47] [main/DEBUG]: Skipping Lnet/minecraft/world/entity/animal/Panda$PandaSitGoal;
[21:37:47] [main/DEBUG]: Skipping Lnet/minecraft/world/entity/animal/Panda$PandaRollGoal;
[21:37:47] [main/DEBUG]: Skipping Lnet/minecraft/world/entity/animal/Panda$PandaPanicGoal;
[21:37:47] [main/DEBUG]: Skipping Lnet/minecraft/world/entity/animal/Panda$PandaMoveControl;
[21:37:47] [main/DEBUG]: Skipping Lnet/minecraft/world/entity/animal/Panda$PandaLookAtPlayerGoal;
[21:37:47] [main/DEBUG]: Skipping Lnet/minecraft/world/entity/animal/Panda$PandaLieOnBackGoal;
[21:37:47] [main/DEBUG]: Skipping Lnet/minecraft/world/entity/animal/Panda$PandaHurtByTargetGoal;
[21:37:47] [main/DEBUG]: Skipping Lnet/minecraft/world/entity/animal/Panda$PandaBreedGoal;
[21:37:47] [main/DEBUG]: Skipping Lnet/minecraft/world/entity/animal/Panda$PandaAvoidGoal;
[21:37:47] [main/DEBUG]: Skipping Lnet/minecraft/world/entity/animal/Panda$PandaAttackGoal;
[21:37:47] [main/DEBUG]: Skipping Lnet/minecraft/world/entity/animal/Panda$Gene;
[21:37:47] [main/DEBUG]: Skipping Lnet/minecraft/world/entity/animal/FrogVariant;
[21:37:47] [main/DEBUG]: Skipping Lnet/minecraft/world/entity/animal/FlyingAnimal;
[21:37:47] [main/DEBUG]: Skipping Lnet/minecraft/world/entity/animal/Dolphin;
[21:37:47] [main/DEBUG]: Skipping Lnet/minecraft/world/entity/animal/Dolphin$PlayWithItemsGoal;
[21:37:47] [main/DEBUG]: Skipping Lnet/minecraft/world/entity/animal/Dolphin$DolphinSwimWithPlayerGoal;
[21:37:47] [main/DEBUG]: Skipping Lnet/minecraft/world/entity/animal/Dolphin$DolphinSwimToTreasureGoal;
[21:37:47] [main/DEBUG]: Skipping Lnet/minecraft/world/entity/animal/Cow;
[21:37:47] [main/DEBUG]: Skipping Lnet/minecraft/world/entity/animal/Cod;
[21:37:47] [main/DEBUG]: Skipping Lnet/minecraft/world/entity/animal/Chicken;
[21:37:47] [main/DEBUG]: Skipping Lnet/minecraft/world/entity/animal/CatVariant;
[21:37:47] [main/DEBUG]: Skipping Lnet/minecraft/world/entity/animal/Bucketable;
[21:37:47] [main/DEBUG]: Skipping Lnet/minecraft/world/entity/animal/AbstractSchoolingFish;
[21:37:47] [main/DEBUG]: Skipping Lnet/minecraft/world/entity/animal/AbstractSchoolingFish$SchoolSpawnGroupData;
[21:37:47] [main/DEBUG]: Skipping Lnet/minecraft/world/entity/animal/AbstractGolem;
[21:37:47] [main/DEBUG]: Skipping Lnet/minecraft/world/entity/animal/AbstractFish;
[21:37:47] [main/DEBUG]: Skipping Lnet/minecraft/world/entity/animal/AbstractFish$FishSwimGoal;
[21:37:47] [main/DEBUG]: Skipping Lnet/minecraft/world/entity/animal/AbstractFish$FishMoveControl;
[21:37:47] [main/DEBUG]: Skipping Lnet/minecraft/world/entity/animal/Wolf;
[21:37:47] [main/DEBUG]: Skipping Lnet/minecraft/world/entity/animal/Wolf$WolfPanicGoal;
[21:37:47] [main/DEBUG]: Skipping Lnet/minecraft/world/entity/animal/Wolf$WolfAvoidEntityGoal;
[21:37:47] [main/DEBUG]: Skipping Lnet/minecraft/world/entity/animal/SnowGolem;
[21:37:47] [main/DEBUG]: Skipping Lnet/minecraft/world/entity/animal/Sheep;
[21:37:47] [main/DEBUG]: Skipping Lnet/minecraft/world/entity/animal/Sheep$2;
[21:37:47] [main/DEBUG]: Skipping Lnet/minecraft/world/entity/animal/Sheep$1;
[21:37:47] [main/DEBUG]: Skipping Lnet/minecraft/world/entity/animal/Rabbit;
[21:37:47] [main/DEBUG]: Skipping Lnet/minecraft/world/entity/animal/Rabbit$RaidGardenGoal;
[21:37:47] [main/DEBUG]: Skipping Lnet/minecraft/world/entity/animal/Rabbit$RabbitPanicGoal;
[21:37:47] [main/DEBUG]: Skipping Lnet/minecraft/world/entity/animal/Rabbit$RabbitMoveControl;
[21:37:47] [main/DEBUG]: Skipping Lnet/minecraft/world/entity/animal/Rabbit$RabbitJumpControl;
[21:37:47] [main/DEBUG]: Skipping Lnet/minecraft/world/entity/animal/Rabbit$RabbitGroupData;
[21:37:47] [main/DEBUG]: Skipping Lnet/minecraft/world/entity/animal/Rabbit$RabbitAvoidEntityGoal;
[21:37:47] [main/DEBUG]: Skipping Lnet/minecraft/world/entity/animal/Rabbit$EvilRabbitAttackGoal;
[21:37:47] [main/DEBUG]: Skipping Lnet/minecraft/world/entity/animal/Pig;
[21:37:47] [main/DEBUG]: Skipping Lnet/minecraft/world/entity/animal/Parrot;
[21:37:47] [main/DEBUG]: Skipping Lnet/minecraft/world/entity/animal/Parrot$ParrotWanderGoal;
[21:37:47] [main/DEBUG]: Skipping Lnet/minecraft/world/entity/animal/Parrot$1;
[21:37:47] [main/DEBUG]: Skipping Lnet/minecraft/world/entity/animal/Ocelot;
[21:37:47] [main/DEBUG]: Skipping Lnet/minecraft/world/entity/animal/Ocelot$OcelotTemptGoal;
[21:37:47] [main/DEBUG]: Skipping Lnet/minecraft/world/entity/animal/Ocelot$OcelotAvoidEntityGoal;
[21:37:47] [main/DEBUG]: Skipping Lnet/minecraft/world/entity/animal/MushroomCow;
[21:37:47] [main/DEBUG]: Skipping Lnet/minecraft/world/entity/animal/MushroomCow$MushroomType;
[21:37:47] [main/DEBUG]: Skipping Lnet/minecraft/world/entity/animal/IronGolem;
[21:37:47] [main/DEBUG]: Skipping Lnet/minecraft/world/entity/animal/IronGolem$Crackiness;
[21:37:47] [main/DEBUG]: Skipping Lnet/minecraft/world/entity/animal/Fox;
[21:37:47] [main/DEBUG]: Skipping Lnet/minecraft/world/entity/animal/Fox$Type;
[21:37:47] [main/DEBUG]: Skipping Lnet/minecraft/world/entity/animal/Fox$StalkPreyGoal;
[21:37:47] [main/DEBUG]: Skipping Lnet/minecraft/world/entity/animal/Fox$SleepGoal;
[21:37:47] [main/DEBUG]: Skipping Lnet/minecraft/world/entity/animal/Fox$SeekShelterGoal;
[21:37:47] [main/DEBUG]: Skipping Lnet/minecraft/world/entity/animal/Fox$PerchAndSearchGoal;
[21:37:47] [main/DEBUG]: Skipping Lnet/minecraft/world/entity/animal/Fox$FoxStrollThroughVillageGoal;
[21:37:47] [main/DEBUG]: Skipping Lnet/minecraft/world/entity/animal/Fox$FoxSearchForItemsGoal;
[21:37:47] [main/DEBUG]: Skipping Lnet/minecraft/world/entity/animal/Fox$FoxPounceGoal;
[21:37:47] [main/DEBUG]: Skipping Lnet/minecraft/world/entity/animal/Fox$FoxPanicGoal;
[21:37:47] [main/DEBUG]: Skipping Lnet/minecraft/world/entity/animal/Fox$FoxMoveControl;
[21:37:47] [main/DEBUG]: Skipping Lnet/minecraft/world/entity/animal/Fox$FoxMeleeAttackGoal;
[21:37:47] [main/DEBUG]: Skipping Lnet/minecraft/world/entity/animal/Fox$FoxLookControl;
[21:37:47] [main/DEBUG]: Skipping Lnet/minecraft/world/entity/animal/Fox$FoxLookAtPlayerGoal;
[21:37:47] [main/DEBUG]: Skipping Lnet/minecraft/world/entity/animal/Fox$FoxGroupData;
[21:37:47] [main/DEBUG]: Skipping Lnet/minecraft/world/entity/animal/Fox$FoxFollowParentGoal;
[21:37:47] [main/DEBUG]: Skipping Lnet/minecraft/world/entity/animal/Fox$FoxFloatGoal;
[21:37:47] [main/DEBUG]: Skipping Lnet/minecraft/world/entity/animal/Fox$FoxEatBerriesGoal;
[21:37:47] [main/DEBUG]: Skipping Lnet/minecraft/world/entity/animal/Fox$FoxBreedGoal;
[21:37:47] [main/DEBUG]: Skipping Lnet/minecraft/world/entity/animal/Fox$FoxBehaviorGoal;
[21:37:47] [main/DEBUG]: Skipping Lnet/minecraft/world/entity/animal/Fox$FoxAlertableEntitiesSelector;
[21:37:47] [main/DEBUG]: Skipping Lnet/minecraft/world/entity/animal/Fox$FaceplantGoal;
[21:37:47] [main/DEBUG]: Skipping Lnet/minecraft/world/entity/animal/Fox$DefendTrustedTargetGoal;
[21:37:47] [main/DEBUG]: Skipping Lnet/minecraft/world/entity/animal/Cat;
[21:37:47] [main/DEBUG]: Skipping Lnet/minecraft/world/entity/animal/Cat$CatTemptGoal;
[21:37:47] [main/DEBUG]: Skipping Lnet/minecraft/world/entity/animal/Cat$CatRelaxOnOwnerGoal;
[21:37:47] [main/DEBUG]: Skipping Lnet/minecraft/world/entity/animal/Cat$CatAvoidEntityGoal;
[21:37:47] [main/DEBUG]: Skipping Lnet/minecraft/world/entity/animal/Bee;
[21:37:47] [main/DEBUG]: Skipping Lnet/minecraft/world/entity/animal/Bee$BeeWanderGoal;
[21:37:47] [main/DEBUG]: Skipping Lnet/minecraft/world/entity/animal/Bee$BeePollinateGoal;
[21:37:47] [main/DEBUG]: Skipping Lnet/minecraft/world/entity/animal/Bee$BeeLookControl;
[21:37:47] [main/DEBUG]: Skipping Lnet/minecraft/world/entity/animal/Bee$BeeLocateHiveGoal;
[21:37:47] [main/DEBUG]: Skipping Lnet/minecraft/world/entity/animal/Bee$BeeHurtByOtherGoal;
[21:37:47] [main/DEBUG]: Skipping Lnet/minecraft/world/entity/animal/Bee$BeeGrowCropGoal;
[21:37:47] [main/DEBUG]: Skipping Lnet/minecraft/world/entity/animal/Bee$BeeGoToKnownFlowerGoal;
[21:37:47] [main/DEBUG]: Skipping Lnet/minecraft/world/entity/animal/Bee$BeeGoToHiveGoal;
[21:37:47] [main/DEBUG]: Skipping Lnet/minecraft/world/entity/animal/Bee$BeeEnterHiveGoal;
[21:37:47] [main/DEBUG]: Skipping Lnet/minecraft/world/entity/animal/Bee$BeeBecomeAngryTargetGoal;
[21:37:47] [main/DEBUG]: Skipping Lnet/minecraft/world/entity/animal/Bee$BeeAttackGoal;
[21:37:47] [main/DEBUG]: Skipping Lnet/minecraft/world/entity/animal/Bee$BaseBeeGoal;
[21:37:47] [main/DEBUG]: Skipping Lnet/minecraft/world/entity/animal/Bee$1;
[21:37:47] [main/DEBUG]: Skipping Lnet/minecraft/world/entity/animal/Animal;
[21:37:47] [main/DEBUG]: Skipping Lnet/minecraft/world/entity/ambient/package-info;
[21:37:47] [main/DEBUG]: Skipping Lnet/minecraft/world/entity/ambient/Bat;
[21:37:47] [main/DEBUG]: Skipping Lnet/minecraft/world/entity/ambient/AmbientCreature;
[21:37:47] [main/DEBUG]: Skipping Lnet/minecraft/world/entity/ai/village/poi/package-info;
[21:37:47] [main/DEBUG]: Skipping Lnet/minecraft/world/entity/ai/village/poi/PoiType;
[21:37:47] [main/DEBUG]: Skipping Lnet/minecraft/world/entity/ai/village/poi/PoiSection;
[21:37:47] [main/DEBUG]: Skipping Lnet/minecraft/world/entity/ai/village/poi/PoiRecord;
[21:37:47] [main/DEBUG]: Skipping Lnet/minecraft/world/entity/ai/village/poi/PoiManager;
[21:37:47] [main/DEBUG]: Skipping Lnet/minecraft/world/entity/ai/village/poi/PoiManager$Occupancy;
[21:37:47] [main/DEBUG]: Skipping Lnet/minecraft/world/entity/ai/village/poi/PoiManager$DistanceTracker;
[21:37:47] [main/DEBUG]: Skipping Lnet/minecraft/world/entity/ai/village/poi/PoiTypes;
[21:37:47] [main/DEBUG]: Skipping Lnet/minecraft/world/entity/ai/village/package-info;
[21:37:47] [main/DEBUG]: Skipping Lnet/minecraft/world/entity/ai/village/ReputationEventType;
[21:37:47] [main/DEBUG]: Skipping Lnet/minecraft/world/entity/ai/village/ReputationEventType$1;
[21:37:47] [main/DEBUG]: Skipping Lnet/minecraft/world/entity/ai/village/VillageSiege;
[21:37:47] [main/DEBUG]: Skipping Lnet/minecraft/world/entity/ai/village/VillageSiege$State;
[21:37:47] [main/DEBUG]: Skipping Lnet/minecraft/world/entity/ai/util/package-info;
[21:37:47] [main/DEBUG]: Skipping Lnet/minecraft/world/entity/ai/util/RandomPos;
[21:37:47] [main/DEBUG]: Skipping Lnet/minecraft/world/entity/ai/util/LandRandomPos;
[21:37:47] [main/DEBUG]: Skipping Lnet/minecraft/world/entity/ai/util/HoverRandomPos;
[21:37:47] [main/DEBUG]: Skipping Lnet/minecraft/world/entity/ai/util/GoalUtils;
[21:37:47] [main/DEBUG]: Skipping Lnet/minecraft/world/entity/ai/util/DefaultRandomPos;
[21:37:47] [main/DEBUG]: Skipping Lnet/minecraft/world/entity/ai/util/AirRandomPos;
[21:37:47] [main/DEBUG]: Skipping Lnet/minecraft/world/entity/ai/util/AirAndWaterRandomPos;
[21:37:47] [main/DEBUG]: Skipping Lnet/minecraft/world/entity/ai/targeting/package-info;
[21:37:47] [main/DEBUG]: Skipping Lnet/minecraft/world/entity/ai/targeting/TargetingConditions;
[21:37:47] [main/DEBUG]: Skipping Lnet/minecraft/world/entity/ai/sensing/package-info;
[21:37:47] [main/DEBUG]: Skipping Lnet/minecraft/world/entity/ai/sensing/WardenEntitySensor;
[21:37:47] [main/DEBUG]: Skipping Lnet/minecraft/world/entity/ai/sensing/VillagerHostilesSensor;
[21:37:47] [main/DEBUG]: Skipping Lnet/minecraft/world/entity/ai/sensing/VillagerBabiesSensor;
[21:37:47] [main/DEBUG]: Skipping Lnet/minecraft/world/entity/ai/sensing/TemptingSensor;
[21:37:47] [main/DEBUG]: Transforming class Lnet/minecraft/world/entity/ai/sensing/SensorType;
[21:37:47] [main/DEBUG]: Transforming net/minecraft/world/entity/ai/sensing/SensorType METHOD <init>(Ljava/util/function/Supplier;)V to access PUBLIC and LEAVE
[21:37:47] [main/DEBUG]: Skipping Lnet/minecraft/world/entity/ai/sensing/Sensor;
[21:37:47] [main/DEBUG]: Skipping Lnet/minecraft/world/entity/ai/sensing/Sensing;
[21:37:47] [main/DEBUG]: Skipping Lnet/minecraft/world/entity/ai/sensing/SecondaryPoiSensor;
[21:37:47] [main/DEBUG]: Skipping Lnet/minecraft/world/entity/ai/sensing/PlayerSensor;
[21:37:47] [main/DEBUG]: Skipping Lnet/minecraft/world/entity/ai/sensing/PiglinSpecificSensor;
[21:37:47] [main/DEBUG]: Skipping Lnet/minecraft/world/entity/ai/sensing/PiglinBruteSpecificSensor;
[21:37:47] [main/DEBUG]: Skipping Lnet/minecraft/world/entity/ai/sensing/NearestVisibleLivingEntitySensor;
[21:37:47] [main/DEBUG]: Skipping Lnet/minecraft/world/entity/ai/sensing/NearestLivingEntitySensor;
[21:37:47] [main/DEBUG]: Skipping Lnet/minecraft/world/entity/ai/sensing/NearestItemSensor;
[21:37:47] [main/DEBUG]: Skipping Lnet/minecraft/world/entity/ai/sensing/NearestBedSensor;
[21:37:47] [main/DEBUG]: Skipping Lnet/minecraft/world/entity/ai/sensing/IsInWaterSensor;
[21:37:47] [main/DEBUG]: Skipping Lnet/minecraft/world/entity/ai/sensing/HurtBySensor;
[21:37:47] [main/DEBUG]: Skipping Lnet/minecraft/world/entity/ai/sensing/HoglinSpecificSensor;
[21:37:47] [main/DEBUG]: Skipping Lnet/minecraft/world/entity/ai/sensing/GolemSensor;
[21:37:47] [main/DEBUG]: Skipping Lnet/minecraft/world/entity/ai/sensing/FrogAttackablesSensor;
[21:37:47] [main/DEBUG]: Skipping Lnet/minecraft/world/entity/ai/sensing/DummySensor;
[21:37:47] [main/DEBUG]: Skipping Lnet/minecraft/world/entity/ai/sensing/AxolotlAttackablesSensor;
[21:37:47] [main/DEBUG]: Skipping Lnet/minecraft/world/entity/ai/sensing/AdultSensor;
[21:37:47] [main/DEBUG]: Skipping Lnet/minecraft/world/entity/ai/package-info;
[21:37:47] [main/DEBUG]: Skipping Lnet/minecraft/world/entity/ai/navigation/package-info;
[21:37:47] [main/DEBUG]: Skipping Lnet/minecraft/world/entity/ai/navigation/WaterBoundPathNavigation;
[21:37:47] [main/DEBUG]: Skipping Lnet/minecraft/world/entity/ai/navigation/GroundPathNavigation;
[21:37:47] [main/DEBUG]: Skipping Lnet/minecraft/world/entity/ai/navigation/FlyingPathNavigation;
[21:37:47] [main/DEBUG]: Skipping Lnet/minecraft/world/entity/ai/navigation/AmphibiousPathNavigation;
[21:37:47] [main/DEBUG]: Skipping Lnet/minecraft/world/entity/ai/navigation/WallClimberNavigation;
[21:37:47] [main/DEBUG]: Skipping Lnet/minecraft/world/entity/ai/navigation/PathNavigation;
[21:37:47] [main/DEBUG]: Skipping Lnet/minecraft/world/entity/ai/memory/package-info;
[21:37:47] [main/DEBUG]: Skipping Lnet/minecraft/world/entity/ai/memory/WalkTarget;
[21:37:47] [main/DEBUG]: Skipping Lnet/minecraft/world/entity/ai/memory/NearestVisibleLivingEntities;
[21:37:47] [main/DEBUG]: Skipping Lnet/minecraft/world/entity/ai/memory/MemoryStatus;
[21:37:47] [main/DEBUG]: Transforming class Lnet/minecraft/world/entity/ai/memory/MemoryModuleType;
[21:37:47] [main/DEBUG]: Transforming net/minecraft/world/entity/ai/memory/MemoryModuleType METHOD <init>(Ljava/util/Optional;)V to access PUBLIC and LEAVE
[21:37:47] [main/DEBUG]: Skipping Lnet/minecraft/world/entity/ai/memory/ExpirableValue;
[21:37:47] [main/DEBUG]: Skipping Lnet/minecraft/world/entity/ai/gossip/package-info;
[21:37:47] [main/DEBUG]: Skipping Lnet/minecraft/world/entity/ai/gossip/GossipType;
[21:37:47] [main/DEBUG]: Skipping Lnet/minecraft/world/entity/ai/gossip/GossipContainer;
[21:37:47] [main/DEBUG]: Skipping Lnet/minecraft/world/entity/ai/gossip/GossipContainer$GossipEntry;
[21:37:47] [main/DEBUG]: Skipping Lnet/minecraft/world/entity/ai/gossip/GossipContainer$EntityGossips;
[21:37:47] [main/DEBUG]: Skipping Lnet/minecraft/world/entity/ai/goal/target/package-info;
[21:37:47] [main/DEBUG]: Skipping Lnet/minecraft/world/entity/ai/goal/target/TargetGoal;
[21:37:47] [main/DEBUG]: Skipping Lnet/minecraft/world/entity/ai/goal/target/ResetUniversalAngerTargetGoal;
[21:37:47] [main/DEBUG]: Skipping Lnet/minecraft/world/entity/ai/goal/target/OwnerHurtTargetGoal;
[21:37:47] [main/DEBUG]: Skipping Lnet/minecraft/world/entity/ai/goal/target/OwnerHurtByTargetGoal;
[21:37:47] [main/DEBUG]: Skipping Lnet/minecraft/world/entity/ai/goal/target/NonTameRandomTargetGoal;
[21:37:47] [main/DEBUG]: Skipping Lnet/minecraft/world/entity/ai/goal/target/NearestHealableRaiderTargetGoal;
[21:37:47] [main/DEBUG]: Skipping Lnet/minecraft/world/entity/ai/goal/target/NearestAttackableWitchTargetGoal;
[21:37:47] [main/DEBUG]: Skipping Lnet/minecraft/world/entity/ai/goal/target/NearestAttackableTargetGoal;
[21:37:47] [main/DEBUG]: Skipping Lnet/minecraft/world/entity/ai/goal/target/HurtByTargetGoal;
[21:37:47] [main/DEBUG]: Skipping Lnet/minecraft/world/entity/ai/goal/target/DefendVillageTargetGoal;
[21:37:47] [main/DEBUG]: Skipping Lnet/minecraft/world/entity/ai/goal/package-info;
[21:37:47] [main/DEBUG]: Skipping Lnet/minecraft/world/entity/ai/goal/ZombieAttackGoal;
[21:37:47] [main/DEBUG]: Skipping Lnet/minecraft/world/entity/ai/goal/WrappedGoal;
[21:37:47] [main/DEBUG]: Skipping Lnet/minecraft/world/entity/ai/goal/WaterAvoidingRandomStrollGoal;
[21:37:47] [main/DEBUG]: Skipping Lnet/minecraft/world/entity/ai/goal/WaterAvoidingRandomFlyingGoal;
[21:37:47] [main/DEBUG]: Skipping Lnet/minecraft/world/entity/ai/goal/UseItemGoal;
[21:37:47] [main/DEBUG]: Skipping Lnet/minecraft/world/entity/ai/goal/TryFindWaterGoal;
[21:37:47] [main/DEBUG]: Skipping Lnet/minecraft/world/entity/ai/goal/TradeWithPlayerGoal;
[21:37:47] [main/DEBUG]: Skipping Lnet/minecraft/world/entity/ai/goal/TemptGoal;
[21:37:47] [main/DEBUG]: Skipping Lnet/minecraft/world/entity/ai/goal/SwellGoal;
[21:37:47] [main/DEBUG]: Skipping Lnet/minecraft/world/entity/ai/goal/StrollThroughVillageGoal;
[21:37:47] [main/DEBUG]: Skipping Lnet/minecraft/world/entity/ai/goal/SitWhenOrderedToGoal;
[21:37:47] [main/DEBUG]: Skipping Lnet/minecraft/world/entity/ai/goal/RestrictSunGoal;
[21:37:47] [main/DEBUG]: Skipping Lnet/minecraft/world/entity/ai/goal/RangedAttackGoal;
[21:37:47] [main/DEBUG]: Skipping Lnet/minecraft/world/entity/ai/goal/RandomSwimmingGoal;
[21:37:47] [main/DEBUG]: Skipping Lnet/minecraft/world/entity/ai/goal/RandomStrollGoal;
[21:37:47] [main/DEBUG]: Skipping Lnet/minecraft/world/entity/ai/goal/RandomLookAroundGoal;
[21:37:47] [main/DEBUG]: Skipping Lnet/minecraft/world/entity/ai/goal/PathfindToRaidGoal;
[21:37:47] [main/DEBUG]: Skipping Lnet/minecraft/world/entity/ai/goal/PanicGoal;
[21:37:47] [main/DEBUG]: Skipping Lnet/minecraft/world/entity/ai/goal/OpenDoorGoal;
[21:37:47] [main/DEBUG]: Skipping Lnet/minecraft/world/entity/ai/goal/OfferFlowerGoal;
[21:37:47] [main/DEBUG]: Skipping Lnet/minecraft/world/entity/ai/goal/OcelotAttackGoal;
[21:37:47] [main/DEBUG]: Skipping Lnet/minecraft/world/entity/ai/goal/MoveTowardsTargetGoal;
[21:37:47] [main/DEBUG]: Skipping Lnet/minecraft/world/entity/ai/goal/MoveTowardsRestrictionGoal;
[21:37:47] [main/DEBUG]: Skipping Lnet/minecraft/world/entity/ai/goal/MoveToBlockGoal;
[21:37:47] [main/DEBUG]: Skipping Lnet/minecraft/world/entity/ai/goal/MoveThroughVillageGoal;
[21:37:47] [main/DEBUG]: Skipping Lnet/minecraft/world/entity/ai/goal/MoveBackToVillageGoal;
[21:37:47] [main/DEBUG]: Skipping Lnet/minecraft/world/entity/ai/goal/LookAtTradingPlayerGoal;
[21:37:47] [main/DEBUG]: Skipping Lnet/minecraft/world/entity/ai/goal/LookAtPlayerGoal;
[21:37:47] [main/DEBUG]: Skipping Lnet/minecraft/world/entity/ai/goal/LlamaFollowCaravanGoal;
[21:37:47] [main/DEBUG]: Skipping Lnet/minecraft/world/entity/ai/goal/LeapAtTargetGoal;
[21:37:47] [main/DEBUG]: Skipping Lnet/minecraft/world/entity/ai/goal/LandOnOwnersShoulderGoal;
[21:37:47] [main/DEBUG]: Skipping Lnet/minecraft/world/entity/ai/goal/JumpGoal;
[21:37:47] [main/DEBUG]: Skipping Lnet/minecraft/world/entity/ai/goal/InteractGoal;
[21:37:47] [main/DEBUG]: Skipping Lnet/minecraft/world/entity/ai/goal/GolemRandomStrollInVillageGoal;
[21:37:47] [main/DEBUG]: Skipping Lnet/minecraft/world/entity/ai/goal/GoalSelector;
[21:37:47] [main/DEBUG]: Skipping Lnet/minecraft/world/entity/ai/goal/GoalSelector$2;
[21:37:47] [main/DEBUG]: Skipping Lnet/minecraft/world/entity/ai/goal/GoalSelector$1;
[21:37:47] [main/DEBUG]: Skipping Lnet/minecraft/world/entity/ai/goal/Goal;
[21:37:47] [main/DEBUG]: Skipping Lnet/minecraft/world/entity/ai/goal/Goal$Flag;
[21:37:47] [main/DEBUG]: Skipping Lnet/minecraft/world/entity/ai/goal/FollowParentGoal;
[21:37:47] [main/DEBUG]: Skipping Lnet/minecraft/world/entity/ai/goal/FollowOwnerGoal;
[21:37:47] [main/DEBUG]: Skipping Lnet/minecraft/world/entity/ai/goal/FollowMobGoal;
[21:37:47] [main/DEBUG]: Skipping Lnet/minecraft/world/entity/ai/goal/FollowFlockLeaderGoal;
[21:37:47] [main/DEBUG]: Skipping Lnet/minecraft/world/entity/ai/goal/FollowBoatGoal;
[21:37:47] [main/DEBUG]: Skipping Lnet/minecraft/world/entity/ai/goal/FleeSunGoal;
[21:37:47] [main/DEBUG]: Skipping Lnet/minecraft/world/entity/ai/goal/DoorInteractGoal;
[21:37:47] [main/DEBUG]: Skipping Lnet/minecraft/world/entity/ai/goal/DolphinJumpGoal;
[21:37:47] [main/DEBUG]: Skipping Lnet/minecraft/world/entity/ai/goal/ClimbOnTopOfPowderSnowGoal;
[21:37:47] [main/DEBUG]: Skipping Lnet/minecraft/world/entity/ai/goal/CatSitOnBlockGoal;
[21:37:47] [main/DEBUG]: Skipping Lnet/minecraft/world/entity/ai/goal/CatLieOnBedGoal;
[21:37:47] [main/DEBUG]: Skipping Lnet/minecraft/world/entity/ai/goal/BreedGoal;
[21:37:47] [main/DEBUG]: Skipping Lnet/minecraft/world/entity/ai/goal/BreathAirGoal;
[21:37:47] [main/DEBUG]: Skipping Lnet/minecraft/world/entity/ai/goal/BoatGoals;
[21:37:47] [main/DEBUG]: Skipping Lnet/minecraft/world/entity/ai/goal/BegGoal;
[21:37:47] [main/DEBUG]: Skipping Lnet/minecraft/world/entity/ai/goal/AvoidEntityGoal;
[21:37:47] [main/DEBUG]: Skipping Lnet/minecraft/world/entity/ai/goal/RunAroundLikeCrazyGoal;
[21:37:47] [main/DEBUG]: Skipping Lnet/minecraft/world/entity/ai/goal/RemoveBlockGoal;
[21:37:47] [main/DEBUG]: Skipping Lnet/minecraft/world/entity/ai/goal/RangedCrossbowAttackGoal;
[21:37:47] [main/DEBUG]: Skipping Lnet/minecraft/world/entity/ai/goal/RangedCrossbowAttackGoal$CrossbowState;
[21:37:47] [main/DEBUG]: Skipping Lnet/minecraft/world/entity/ai/goal/RangedBowAttackGoal;
[21:37:47] [main/DEBUG]: Skipping Lnet/minecraft/world/entity/ai/goal/MeleeAttackGoal;
[21:37:47] [main/DEBUG]: Skipping Lnet/minecraft/world/entity/ai/goal/FloatGoal;
[21:37:47] [main/DEBUG]: Skipping Lnet/minecraft/world/entity/ai/goal/EatBlockGoal;
[21:37:47] [main/DEBUG]: Skipping Lnet/minecraft/world/entity/ai/goal/BreakDoorGoal;
[21:37:47] [main/DEBUG]: Skipping Lnet/minecraft/world/entity/ai/control/package-info;
[21:37:47] [main/DEBUG]: Skipping Lnet/minecraft/world/entity/ai/control/SmoothSwimmingMoveControl;
[21:37:47] [main/DEBUG]: Skipping Lnet/minecraft/world/entity/ai/control/SmoothSwimmingLookControl;
[21:37:47] [main/DEBUG]: Skipping Lnet/minecraft/world/entity/ai/control/LookControl;
[21:37:47] [main/DEBUG]: Skipping Lnet/minecraft/world/entity/ai/control/JumpControl;
[21:37:47] [main/DEBUG]: Skipping Lnet/minecraft/world/entity/ai/control/FlyingMoveControl;
[21:37:47] [main/DEBUG]: Skipping Lnet/minecraft/world/entity/ai/control/Control;
[21:37:47] [main/DEBUG]: Skipping Lnet/minecraft/world/entity/ai/control/BodyRotationControl;
[21:37:47] [main/DEBUG]: Skipping Lnet/minecraft/world/entity/ai/control/MoveControl;
[21:37:47] [main/DEBUG]: Skipping Lnet/minecraft/world/entity/ai/control/MoveControl$Operation;
[21:37:47] [main/DEBUG]: Skipping Lnet/minecraft/world/entity/ai/behavior/warden/package-info;
[21:37:47] [main/DEBUG]: Skipping Lnet/minecraft/world/entity/ai/behavior/warden/TryToSniff;
[21:37:47] [main/DEBUG]: Skipping Lnet/minecraft/world/entity/ai/behavior/warden/SonicBoom;
[21:37:47] [main/DEBUG]: Skipping Lnet/minecraft/world/entity/ai/behavior/warden/Sniffing;
[21:37:47] [main/DEBUG]: Skipping Lnet/minecraft/world/entity/ai/behavior/warden/SetWardenLookTarget;
[21:37:47] [main/DEBUG]: Skipping Lnet/minecraft/world/entity/ai/behavior/warden/SetRoarTarget;
[21:37:47] [main/DEBUG]: Skipping Lnet/minecraft/world/entity/ai/behavior/warden/Roar;
[21:37:47] [main/DEBUG]: Skipping Lnet/minecraft/world/entity/ai/behavior/warden/ForceUnmount;
[21:37:47] [main/DEBUG]: Skipping Lnet/minecraft/world/entity/ai/behavior/warden/Emerging;
[21:37:47] [main/DEBUG]: Skipping Lnet/minecraft/world/entity/ai/behavior/warden/Digging;
[21:37:47] [main/DEBUG]: Skipping Lnet/minecraft/world/entity/ai/behavior/package-info;
[21:37:47] [main/DEBUG]: Skipping Lnet/minecraft/world/entity/ai/behavior/YieldJobSite;
[21:37:47] [main/DEBUG]: Skipping Lnet/minecraft/world/entity/ai/behavior/WorkAtPoi;
[21:37:47] [main/DEBUG]: Skipping Lnet/minecraft/world/entity/ai/behavior/WorkAtComposter;
[21:37:47] [main/DEBUG]: Skipping Lnet/minecraft/world/entity/ai/behavior/WakeUp;
[21:37:47] [main/DEBUG]: Skipping Lnet/minecraft/world/entity/ai/behavior/VillagerPanicTrigger;
[21:37:47] [main/DEBUG]: Skipping Lnet/minecraft/world/entity/ai/behavior/VillagerMakeLove;
[21:37:47] [main/DEBUG]: Skipping Lnet/minecraft/world/entity/ai/behavior/VillagerGoalPackages;
[21:37:47] [main/DEBUG]: Skipping Lnet/minecraft/world/entity/ai/behavior/VillagerCalmDown;
[21:37:47] [main/DEBUG]: Skipping Lnet/minecraft/world/entity/ai/behavior/VillageBoundRandomStroll;
[21:37:47] [main/DEBUG]: Skipping Lnet/minecraft/world/entity/ai/behavior/VictoryStroll;
[21:37:47] [main/DEBUG]: Skipping Lnet/minecraft/world/entity/ai/behavior/ValidateNearbyPoi;
[21:37:47] [main/DEBUG]: Skipping Lnet/minecraft/world/entity/ai/behavior/UseBonemeal;
[21:37:47] [main/DEBUG]: Skipping Lnet/minecraft/world/entity/ai/behavior/UpdateActivityFromSchedule;
[21:37:47] [main/DEBUG]: Skipping Lnet/minecraft/world/entity/ai/behavior/TryLaySpawnOnWaterNearLand;
[21:37:47] [main/DEBUG]: Skipping Lnet/minecraft/world/entity/ai/behavior/TryFindWater;
[21:37:47] [main/DEBUG]: Skipping Lnet/minecraft/world/entity/ai/behavior/TryFindLandNearWater;
[21:37:47] [main/DEBUG]: Skipping Lnet/minecraft/world/entity/ai/behavior/TryFindLand;
[21:37:47] [main/DEBUG]: Skipping Lnet/minecraft/world/entity/ai/behavior/TradeWithVillager;
[21:37:47] [main/DEBUG]: Skipping Lnet/minecraft/world/entity/ai/behavior/StrollToPoiList;
[21:37:47] [main/DEBUG]: Skipping Lnet/minecraft/world/entity/ai/behavior/StrollToPoi;
[21:37:47] [main/DEBUG]: Skipping Lnet/minecraft/world/entity/ai/behavior/StrollAroundPoi;
[21:37:47] [main/DEBUG]: Skipping Lnet/minecraft/world/entity/ai/behavior/StopBeingAngryIfTargetDead;
[21:37:47] [main/DEBUG]: Skipping Lnet/minecraft/world/entity/ai/behavior/StopAttackingIfTargetInvalid;
[21:37:47] [main/DEBUG]: Skipping Lnet/minecraft/world/entity/ai/behavior/StayCloseToTarget;
[21:37:47] [main/DEBUG]: Skipping Lnet/minecraft/world/entity/ai/behavior/StartCelebratingIfTargetDead;
[21:37:47] [main/DEBUG]: Skipping Lnet/minecraft/world/entity/ai/behavior/SocializeAtBell;
[21:37:47] [main/DEBUG]: Skipping Lnet/minecraft/world/entity/ai/behavior/SleepInBed;
[21:37:47] [main/DEBUG]: Skipping Lnet/minecraft/world/entity/ai/behavior/ShufflingList;
[21:37:47] [main/DEBUG]: Skipping Lnet/minecraft/world/entity/ai/behavior/ShufflingList$WeightedEntry;
[21:37:47] [main/DEBUG]: Skipping Lnet/minecraft/world/entity/ai/behavior/ShufflingList$WeightedEntry$1;
[21:37:47] [main/DEBUG]: Skipping Lnet/minecraft/world/entity/ai/behavior/ShowTradesToPlayer;
[21:37:47] [main/DEBUG]: Skipping Lnet/minecraft/world/entity/ai/behavior/SetWalkTargetFromLookTarget;
[21:37:47] [main/DEBUG]: Skipping Lnet/minecraft/world/entity/ai/behavior/SetWalkTargetFromBlockMemory;
[21:37:47] [main/DEBUG]: Skipping Lnet/minecraft/world/entity/ai/behavior/SetWalkTargetFromAttackTargetIfTargetOutOfReach;
[21:37:47] [main/DEBUG]: Skipping Lnet/minecraft/world/entity/ai/behavior/SetWalkTargetAwayFrom;
[21:37:47] [main/DEBUG]: Skipping Lnet/minecraft/world/entity/ai/behavior/SetRaidStatus;
[21:37:47] [main/DEBUG]: Skipping Lnet/minecraft/world/entity/ai/behavior/SetLookAndInteract;
[21:37:47] [main/DEBUG]: Skipping Lnet/minecraft/world/entity/ai/behavior/SetHiddenState;
[21:37:47] [main/DEBUG]: Skipping Lnet/minecraft/world/entity/ai/behavior/SetEntityLookTarget;
[21:37:47] [main/DEBUG]: Skipping Lnet/minecraft/world/entity/ai/behavior/SetClosestHomeAsWalkTarget;
[21:37:47] [main/DEBUG]: Skipping Lnet/minecraft/world/entity/ai/behavior/RunSometimes;
[21:37:47] [main/DEBUG]: Skipping Lnet/minecraft/world/entity/ai/behavior/RunOne;
[21:37:47] [main/DEBUG]: Skipping Lnet/minecraft/world/entity/ai/behavior/RunIf;
[21:37:47] [main/DEBUG]: Skipping Lnet/minecraft/world/entity/ai/behavior/RingBell;
[21:37:47] [main/DEBUG]: Skipping Lnet/minecraft/world/entity/ai/behavior/ResetRaidStatus;
[21:37:47] [main/DEBUG]: Skipping Lnet/minecraft/world/entity/ai/behavior/ResetProfession;
[21:37:47] [main/DEBUG]: Skipping Lnet/minecraft/world/entity/ai/behavior/ReactToBell;
[21:37:47] [main/DEBUG]: Skipping Lnet/minecraft/world/entity/ai/behavior/RandomSwim;
[21:37:47] [main/DEBUG]: Skipping Lnet/minecraft/world/entity/ai/behavior/RandomStroll;
[21:37:47] [main/DEBUG]: Skipping Lnet/minecraft/world/entity/ai/behavior/RamTarget;
[21:37:47] [main/DEBUG]: Skipping Lnet/minecraft/world/entity/ai/behavior/PrepareRamNearestTarget;
[21:37:47] [main/DEBUG]: Skipping Lnet/minecraft/world/entity/ai/behavior/PrepareRamNearestTarget$RamCandidate;
[21:37:47] [main/DEBUG]: Skipping Lnet/minecraft/world/entity/ai/behavior/PositionTracker;
[21:37:47] [main/DEBUG]: Skipping Lnet/minecraft/world/entity/ai/behavior/PoiCompetitorScan;
[21:37:47] [main/DEBUG]: Skipping Lnet/minecraft/world/entity/ai/behavior/PlayTagWithOtherKids;
[21:37:47] [main/DEBUG]: Skipping Lnet/minecraft/world/entity/ai/behavior/MoveToTargetSink;
[21:37:47] [main/DEBUG]: Skipping Lnet/minecraft/world/entity/ai/behavior/MoveToSkySeeingSpot;
[21:37:47] [main/DEBUG]: Skipping Lnet/minecraft/world/entity/ai/behavior/Mount;
[21:37:47] [main/DEBUG]: Skipping Lnet/minecraft/world/entity/ai/behavior/MeleeAttack;
[21:37:47] [main/DEBUG]: Skipping Lnet/minecraft/world/entity/ai/behavior/LookAtTargetSink;
[21:37:47] [main/DEBUG]: Skipping Lnet/minecraft/world/entity/ai/behavior/LookAndFollowTradingPlayerSink;
[21:37:47] [main/DEBUG]: Skipping Lnet/minecraft/world/entity/ai/behavior/LongJumpToRandomPos;
[21:37:47] [main/DEBUG]: Skipping Lnet/minecraft/world/entity/ai/behavior/LongJumpToRandomPos$PossibleJump;
[21:37:47] [main/DEBUG]: Skipping Lnet/minecraft/world/entity/ai/behavior/LongJumpToPreferredBlock;
[21:37:47] [main/DEBUG]: Skipping Lnet/minecraft/world/entity/ai/behavior/LongJumpMidJump;
[21:37:47] [main/DEBUG]: Skipping Lnet/minecraft/world/entity/ai/behavior/LocateHidingPlaceDuringRaid;
[21:37:47] [main/DEBUG]: Skipping Lnet/minecraft/world/entity/ai/behavior/LocateHidingPlace;
[21:37:47] [main/DEBUG]: Skipping Lnet/minecraft/world/entity/ai/behavior/JumpOnBed;
[21:37:47] [main/DEBUG]: Skipping Lnet/minecraft/world/entity/ai/behavior/InteractWithDoor;
[21:37:47] [main/DEBUG]: Skipping Lnet/minecraft/world/entity/ai/behavior/InteractWith;
[21:37:47] [main/DEBUG]: Skipping Lnet/minecraft/world/entity/ai/behavior/InsideBrownianWalk;
[21:37:47] [main/DEBUG]: Skipping Lnet/minecraft/world/entity/ai/behavior/GoToWantedItem;
[21:37:47] [main/DEBUG]: Skipping Lnet/minecraft/world/entity/ai/behavior/GoToTargetLocation;
[21:37:47] [main/DEBUG]: Skipping Lnet/minecraft/world/entity/ai/behavior/GoToPotentialJobSite;
[21:37:47] [main/DEBUG]: Skipping Lnet/minecraft/world/entity/ai/behavior/GoToClosestVillage;
[21:37:47] [main/DEBUG]: Skipping Lnet/minecraft/world/entity/ai/behavior/GoOutsideToCelebrate;
[21:37:47] [main/DEBUG]: Skipping Lnet/minecraft/world/entity/ai/behavior/GoAndGiveItemsToTarget;
[21:37:47] [main/DEBUG]: Skipping Lnet/minecraft/world/entity/ai/behavior/GiveGiftToHero;
[21:37:47] [main/DEBUG]: Skipping Lnet/minecraft/world/entity/ai/behavior/GateBehavior;
[21:37:47] [main/DEBUG]: Skipping Lnet/minecraft/world/entity/ai/behavior/GateBehavior$RunningPolicy;
[21:37:47] [main/DEBUG]: Skipping Lnet/minecraft/world/entity/ai/behavior/GateBehavior$RunningPolicy$2;
[21:37:47] [main/DEBUG]: Skipping Lnet/minecraft/world/entity/ai/behavior/GateBehavior$RunningPolicy$1;
[21:37:47] [main/DEBUG]: Skipping Lnet/minecraft/world/entity/ai/behavior/GateBehavior$OrderPolicy;
[21:37:47] [main/DEBUG]: Skipping Lnet/minecraft/world/entity/ai/behavior/FollowTemptation;
[21:37:47] [main/DEBUG]: Skipping Lnet/minecraft/world/entity/ai/behavior/FlyingRandomStroll;
[21:37:47] [main/DEBUG]: Skipping Lnet/minecraft/world/entity/ai/behavior/EraseMemoryIf;
[21:37:47] [main/DEBUG]: Skipping Lnet/minecraft/world/entity/ai/behavior/EntityTracker;
[21:37:47] [main/DEBUG]: Skipping Lnet/minecraft/world/entity/ai/behavior/DoNothing;
[21:37:47] [main/DEBUG]: Skipping Lnet/minecraft/world/entity/ai/behavior/DismountOrSkipMounting;
[21:37:47] [main/DEBUG]: Skipping Lnet/minecraft/world/entity/ai/behavior/Croak;
[21:37:47] [main/DEBUG]: Skipping Lnet/minecraft/world/entity/ai/behavior/CountDownCooldownTicks;
[21:37:47] [main/DEBUG]: Skipping Lnet/minecraft/world/entity/ai/behavior/CopyMemoryWithExpiry;
[21:37:47] [main/DEBUG]: Skipping Lnet/minecraft/world/entity/ai/behavior/CelebrateVillagersSurvivedRaid;
[21:37:47] [main/DEBUG]: Skipping Lnet/minecraft/world/entity/ai/behavior/BlockPosTracker;
[21:37:47] [main/DEBUG]: Skipping Lnet/minecraft/world/entity/ai/behavior/BehaviorUtils;
[21:37:47] [main/DEBUG]: Skipping Lnet/minecraft/world/entity/ai/behavior/Behavior;
[21:37:47] [main/DEBUG]: Skipping Lnet/minecraft/world/entity/ai/behavior/Behavior$Status;
[21:37:47] [main/DEBUG]: Skipping Lnet/minecraft/world/entity/ai/behavior/BecomePassiveIfMemoryPresent;
[21:37:47] [main/DEBUG]: Skipping Lnet/minecraft/world/entity/ai/behavior/BackUpIfTooClose;
[21:37:47] [main/DEBUG]: Skipping Lnet/minecraft/world/entity/ai/behavior/BabyFollowAdult;
[21:37:47] [main/DEBUG]: Skipping Lnet/minecraft/world/entity/ai/behavior/AssignProfessionFromJobSite;
[21:37:47] [main/DEBUG]: Skipping Lnet/minecraft/world/entity/ai/behavior/AnimalPanic;
[21:37:47] [main/DEBUG]: Skipping Lnet/minecraft/world/entity/ai/behavior/AnimalMakeLove;
[21:37:47] [main/DEBUG]: Skipping Lnet/minecraft/world/entity/ai/behavior/AcquirePoi;
[21:37:47] [main/DEBUG]: Skipping Lnet/minecraft/world/entity/ai/behavior/AcquirePoi$JitteredLinearRetry;
[21:37:47] [main/DEBUG]: Skipping Lnet/minecraft/world/entity/ai/behavior/Swim;
[21:37:47] [main/DEBUG]: Skipping Lnet/minecraft/world/entity/ai/behavior/StartAttacking;
[21:37:47] [main/DEBUG]: Skipping Lnet/minecraft/world/entity/ai/behavior/HarvestFarmland;
[21:37:47] [main/DEBUG]: Skipping Lnet/minecraft/world/entity/ai/behavior/CrossbowAttack;
[21:37:47] [main/DEBUG]: Skipping Lnet/minecraft/world/entity/ai/behavior/CrossbowAttack$CrossbowState;
[21:37:47] [main/DEBUG]: Skipping Lnet/minecraft/world/entity/ai/attributes/package-info;
[21:37:47] [main/DEBUG]: Skipping Lnet/minecraft/world/entity/ai/attributes/RangedAttribute;
[21:37:47] [main/DEBUG]: Skipping Lnet/minecraft/world/entity/ai/attributes/Attributes;
[21:37:47] [main/DEBUG]: Skipping Lnet/minecraft/world/entity/ai/attributes/AttributeModifier;
[21:37:47] [main/DEBUG]: Skipping Lnet/minecraft/world/entity/ai/attributes/AttributeModifier$Operation;
[21:37:47] [main/DEBUG]: Skipping Lnet/minecraft/world/entity/ai/attributes/AttributeMap;
[21:37:47] [main/DEBUG]: Skipping Lnet/minecraft/world/entity/ai/attributes/AttributeInstance;
[21:37:47] [main/DEBUG]: Skipping Lnet/minecraft/world/entity/ai/attributes/Attribute;
[21:37:47] [main/DEBUG]: Skipping Lnet/minecraft/world/entity/ai/attributes/DefaultAttributes;
[21:37:47] [main/DEBUG]: Skipping Lnet/minecraft/world/entity/ai/attributes/AttributeSupplier;
[21:37:47] [main/DEBUG]: Skipping Lnet/minecraft/world/entity/ai/attributes/AttributeSupplier$Builder;
[21:37:47] [main/DEBUG]: Skipping Lnet/minecraft/world/entity/ai/Brain;
[21:37:47] [main/DEBUG]: Skipping Lnet/minecraft/world/entity/ai/Brain$Provider;
[21:37:47] [main/DEBUG]: Skipping Lnet/minecraft/world/entity/ai/Brain$MemoryValue;
[21:37:47] [main/DEBUG]: Skipping Lnet/minecraft/world/entity/ai/Brain$1;
[21:37:47] [main/DEBUG]: Skipping Lnet/minecraft/world/entity/SpawnGroupData;
[21:37:47] [main/DEBUG]: Skipping Lnet/minecraft/world/entity/SlotAccess;
[21:37:47] [main/DEBUG]: Skipping Lnet/minecraft/world/entity/SlotAccess$3;
[21:37:47] [main/DEBUG]: Skipping Lnet/minecraft/world/entity/SlotAccess$2;
[21:37:47] [main/DEBUG]: Skipping Lnet/minecraft/world/entity/SlotAccess$1;
[21:37:47] [main/DEBUG]: Skipping Lnet/minecraft/world/entity/Saddleable;
[21:37:47] [main/DEBUG]: Skipping Lnet/minecraft/world/entity/ReputationEventHandler;
[21:37:47] [main/DEBUG]: Skipping Lnet/minecraft/world/entity/PowerableMob;
[21:37:47] [main/DEBUG]: Skipping Lnet/minecraft/world/entity/Pose;
[21:37:47] [main/DEBUG]: Skipping Lnet/minecraft/world/entity/PlayerRideableJumping;
[21:37:47] [main/DEBUG]: Skipping Lnet/minecraft/world/entity/PlayerRideable;
[21:37:47] [main/DEBUG]: Skipping Lnet/minecraft/world/entity/PathfinderMob;
[21:37:47] [main/DEBUG]: Skipping Lnet/minecraft/world/entity/OwnableEntity;
[21:37:47] [main/DEBUG]: Skipping Lnet/minecraft/world/entity/NeutralMob;
[21:37:47] [main/DEBUG]: Skipping Lnet/minecraft/world/entity/MoverType;
[21:37:47] [main/DEBUG]: Skipping Lnet/minecraft/world/entity/MobType;
[21:37:47] [main/DEBUG]: Skipping Lnet/minecraft/world/entity/MobSpawnType;
[21:37:47] [main/DEBUG]: Skipping Lnet/minecraft/world/entity/Marker;
[21:37:47] [main/DEBUG]: Skipping Lnet/minecraft/world/entity/LerpingModel;
[21:37:47] [main/DEBUG]: Skipping Lnet/minecraft/world/entity/ItemSteerable;
[21:37:47] [main/DEBUG]: Skipping Lnet/minecraft/world/entity/ItemBasedSteering;
[21:37:47] [main/DEBUG]: Skipping Lnet/minecraft/world/entity/HumanoidArm;
[21:37:47] [main/DEBUG]: Skipping Lnet/minecraft/world/entity/HasCustomInventoryScreen;
[21:37:47] [main/DEBUG]: Skipping Lnet/minecraft/world/entity/GlowSquid;
[21:37:47] [main/DEBUG]: Skipping Lnet/minecraft/world/entity/EquipmentSlot;
[21:37:47] [main/DEBUG]: Skipping Lnet/minecraft/world/entity/EquipmentSlot$Type;
[21:37:47] [main/DEBUG]: Skipping Lnet/minecraft/world/entity/EntitySelector;
[21:37:47] [main/DEBUG]: Skipping Lnet/minecraft/world/entity/EntitySelector$MobCanWearArmorEntitySelector;
[21:37:47] [main/DEBUG]: Skipping Lnet/minecraft/world/entity/EntityEvent;
[21:37:47] [main/DEBUG]: Skipping Lnet/minecraft/world/entity/EntityDimensions;
[21:37:47] [main/DEBUG]: Skipping Lnet/minecraft/world/entity/AreaEffectCloud;
[21:37:47] [main/DEBUG]: Skipping Lnet/minecraft/world/entity/AnimationState;
[21:37:47] [main/DEBUG]: Skipping Lnet/minecraft/world/entity/AgeableMob;
[21:37:47] [main/DEBUG]: Skipping Lnet/minecraft/world/entity/AgeableMob$AgeableMobGroupData;
[21:37:47] [main/DEBUG]: Skipping Lnet/minecraft/world/entity/TamableAnimal;
[21:37:47] [main/DEBUG]: Transforming class Lnet/minecraft/world/entity/SpawnPlacements;
[21:37:47] [main/DEBUG]: Transforming net/minecraft/world/entity/SpawnPlacements METHOD m_21754_(Lnet/minecraft/world/entity/EntityType;Lnet/minecraft/world/entity/SpawnPlacements$Type;Lnet/minecraft/world/level/levelgen/Heightmap$Types;Lnet/minecraft/world/entity/SpawnPlacements$SpawnPredicate;)V to access PUBLIC and LEAVE
[21:37:47] [main/DEBUG]: Skipping Lnet/minecraft/world/entity/SpawnPlacements$Type;
[21:37:47] [main/DEBUG]: Skipping Lnet/minecraft/world/entity/SpawnPlacements$SpawnPredicate;
[21:37:47] [main/DEBUG]: Skipping Lnet/minecraft/world/entity/SpawnPlacements$Data;
[21:37:47] [main/DEBUG]: Skipping Lnet/minecraft/world/entity/Shearable;
[21:37:47] [main/DEBUG]: Skipping Lnet/minecraft/world/entity/MobCategory;
[21:37:47] [main/DEBUG]: Transforming class Lnet/minecraft/world/entity/Mob;
[21:37:47] [main/DEBUG]: Transforming net/minecraft/world/entity/Mob FIELD f_21345_ to access PUBLIC and LEAVE
[21:37:47] [main/DEBUG]: Transforming net/minecraft/world/entity/Mob FIELD f_21346_ to access PUBLIC and LEAVE
[21:37:47] [main/DEBUG]: Skipping Lnet/minecraft/world/entity/Mob$1;
[21:37:47] [main/DEBUG]: Skipping Lnet/minecraft/world/entity/LivingEntity;
[21:37:47] [main/DEBUG]: Skipping Lnet/minecraft/world/entity/LivingEntity$Fallsounds;
[21:37:47] [main/DEBUG]: Skipping Lnet/minecraft/world/entity/LivingEntity$1;
[21:37:47] [main/DEBUG]: Skipping Lnet/minecraft/world/entity/LightningBolt;
[21:37:47] [main/DEBUG]: Skipping Lnet/minecraft/world/entity/FlyingMob;
[21:37:47] [main/DEBUG]: Transforming class Lnet/minecraft/world/entity/ExperienceOrb;
[21:37:47] [main/DEBUG]: Transforming net/minecraft/world/entity/ExperienceOrb FIELD f_20770_ to access PUBLIC and LEAVE
[21:37:47] [main/DEBUG]: Skipping Lnet/minecraft/world/entity/EntityType;
[21:37:47] [main/DEBUG]: Skipping Lnet/minecraft/world/entity/EntityType$EntityFactory;
[21:37:47] [main/DEBUG]: Skipping Lnet/minecraft/world/entity/EntityType$Builder;
[21:37:47] [main/DEBUG]: Skipping Lnet/minecraft/world/entity/EntityType$1;
[21:37:47] [main/DEBUG]: Transforming class Lnet/minecraft/world/entity/Entity;
[21:37:47] [main/DEBUG]: Transforming net/minecraft/world/entity/Entity FIELD f_19843_ to access PROTECTED and LEAVE
[21:37:47] [main/DEBUG]: Transforming net/minecraft/world/entity/Entity METHOD m_20078_()Ljava/lang/String; to access PUBLIC and LEAVE
[21:37:47] [main/DEBUG]: Skipping Lnet/minecraft/world/entity/Entity$RemovalReason;
[21:37:47] [main/DEBUG]: Skipping Lnet/minecraft/world/entity/Entity$MovementEmission;
[21:37:47] [main/DEBUG]: Skipping Lnet/minecraft/world/entity/Entity$MoveFunction;
[21:37:47] [main/DEBUG]: Skipping Lnet/minecraft/world/entity/Entity$1;
[21:37:47] [main/DEBUG]: Skipping Lnet/minecraft/world/effect/package-info;
[21:37:47] [main/DEBUG]: Skipping Lnet/minecraft/world/effect/MobEffects;
[21:37:47] [main/DEBUG]: Skipping Lnet/minecraft/world/effect/MobEffects$1;
[21:37:47] [main/DEBUG]: Skipping Lnet/minecraft/world/effect/MobEffectUtil;
[21:37:47] [main/DEBUG]: Skipping Lnet/minecraft/world/effect/MobEffectCategory;
[21:37:47] [main/DEBUG]: Skipping Lnet/minecraft/world/effect/InstantenousMobEffect;
[21:37:47] [main/DEBUG]: Skipping Lnet/minecraft/world/effect/HealthBoostMobEffect;
[21:37:47] [main/DEBUG]: Skipping Lnet/minecraft/world/effect/AttackDamageMobEffect;
[21:37:47] [main/DEBUG]: Skipping Lnet/minecraft/world/effect/AbsoptionMobEffect;
[21:37:47] [main/DEBUG]: Skipping Lnet/minecraft/world/effect/MobEffectInstance;
[21:37:47] [main/DEBUG]: Skipping Lnet/minecraft/world/effect/MobEffectInstance$FactorData;
[21:37:47] [main/DEBUG]: Skipping Lnet/minecraft/world/effect/MobEffect;
[21:37:47] [main/DEBUG]: Skipping Lnet/minecraft/world/damagesource/package-info;
[21:37:47] [main/DEBUG]: Skipping Lnet/minecraft/world/damagesource/IndirectEntityDamageSource;
[21:37:47] [main/DEBUG]: Skipping Lnet/minecraft/world/damagesource/EntityDamageSource;
[21:37:47] [main/DEBUG]: Transforming class Lnet/minecraft/world/damagesource/DamageSource;
[21:37:47] [main/DEBUG]: Transforming net/minecraft/world/damagesource/DamageSource METHOD <init>(Ljava/lang/String;)V to access PUBLIC and LEAVE
[21:37:47] [main/DEBUG]: Transforming net/minecraft/world/damagesource/DamageSource METHOD m_19380_()Lnet/minecraft/world/damagesource/DamageSource; to access PUBLIC and LEAVE
[21:37:47] [main/DEBUG]: Transforming net/minecraft/world/damagesource/DamageSource METHOD m_146706_()Lnet/minecraft/world/damagesource/DamageSource; to access PUBLIC and LEAVE
[21:37:47] [main/DEBUG]: Transforming net/minecraft/world/damagesource/DamageSource METHOD m_19381_()Lnet/minecraft/world/damagesource/DamageSource; to access PUBLIC and LEAVE
[21:37:47] [main/DEBUG]: Transforming net/minecraft/world/damagesource/DamageSource METHOD m_19382_()Lnet/minecraft/world/damagesource/DamageSource; to access PUBLIC and LEAVE
[21:37:47] [main/DEBUG]: Transforming net/minecraft/world/damagesource/DamageSource METHOD m_238403_()Lnet/minecraft/world/damagesource/DamageSource; to access PUBLIC and LEAVE
[21:37:47] [main/DEBUG]: Transforming net/minecraft/world/damagesource/DamageSource METHOD m_19383_()Lnet/minecraft/world/damagesource/DamageSource; to access PUBLIC and LEAVE
[21:37:47] [main/DEBUG]: Skipping Lnet/minecraft/world/damagesource/CombatTracker;
[21:37:47] [main/DEBUG]: Skipping Lnet/minecraft/world/damagesource/CombatRules;
[21:37:47] [main/DEBUG]: Skipping Lnet/minecraft/world/damagesource/CombatEntry;
[21:37:47] [main/DEBUG]: Skipping Lnet/minecraft/world/damagesource/BadRespawnPointDamage;
[21:37:47] [main/DEBUG]: Skipping Lnet/minecraft/world/WorldlyContainerHolder;
[21:37:47] [main/DEBUG]: Skipping Lnet/minecraft/world/WorldlyContainer;
[21:37:47] [main/DEBUG]: Skipping Lnet/minecraft/world/SimpleMenuProvider;
[21:37:47] [main/DEBUG]: Skipping Lnet/minecraft/world/SimpleContainer;
[21:37:47] [main/DEBUG]: Skipping Lnet/minecraft/world/Nameable;
[21:37:47] [main/DEBUG]: Skipping Lnet/minecraft/world/MenuProvider;
[21:37:47] [main/DEBUG]: Skipping Lnet/minecraft/world/LockCode;
[21:37:47] [main/DEBUG]: Skipping Lnet/minecraft/world/InteractionResultHolder;
[21:37:47] [main/DEBUG]: Skipping Lnet/minecraft/world/InteractionResult;
[21:37:47] [main/DEBUG]: Skipping Lnet/minecraft/world/InteractionHand;
[21:37:47] [main/DEBUG]: Skipping Lnet/minecraft/world/DifficultyInstance;
[21:37:47] [main/DEBUG]: Skipping Lnet/minecraft/world/Difficulty;
[21:37:47] [main/DEBUG]: Skipping Lnet/minecraft/world/Containers;
[21:37:47] [main/DEBUG]: Skipping Lnet/minecraft/world/ContainerListener;
[21:37:47] [main/DEBUG]: Skipping Lnet/minecraft/world/ContainerHelper;
[21:37:47] [main/DEBUG]: Skipping Lnet/minecraft/world/Container;
[21:37:47] [main/DEBUG]: Skipping Lnet/minecraft/world/CompoundContainer;
[21:37:47] [main/DEBUG]: Skipping Lnet/minecraft/world/Clearable;
[21:37:47] [main/DEBUG]: Skipping Lnet/minecraft/world/BossEvent;
[21:37:47] [main/DEBUG]: Skipping Lnet/minecraft/world/BossEvent$BossBarOverlay;
[21:37:47] [main/DEBUG]: Skipping Lnet/minecraft/world/BossEvent$BossBarColor;
[21:37:47] [main/DEBUG]: Skipping Lnet/minecraft/util/worldupdate/package-info;
[21:37:47] [main/DEBUG]: Skipping Lnet/minecraft/util/worldupdate/WorldUpgrader;
[21:37:47] [main/DEBUG]: Skipping Lnet/minecraft/util/valueproviders/package-info;
[21:37:47] [main/DEBUG]: Skipping Lnet/minecraft/util/valueproviders/WeightedListInt;
[21:37:47] [main/DEBUG]: Skipping Lnet/minecraft/util/valueproviders/UniformInt;
[21:37:47] [main/DEBUG]: Skipping Lnet/minecraft/util/valueproviders/UniformFloat;
[21:37:47] [main/DEBUG]: Skipping Lnet/minecraft/util/valueproviders/TrapezoidFloat;
[21:37:47] [main/DEBUG]: Skipping Lnet/minecraft/util/valueproviders/SampledFloat;
[21:37:47] [main/DEBUG]: Skipping Lnet/minecraft/util/valueproviders/MultipliedFloats;
[21:37:47] [main/DEBUG]: Skipping Lnet/minecraft/util/valueproviders/IntProviderType;
[21:37:47] [main/DEBUG]: Skipping Lnet/minecraft/util/valueproviders/IntProvider;
[21:37:47] [main/DEBUG]: Skipping Lnet/minecraft/util/valueproviders/FloatProviderType;
[21:37:47] [main/DEBUG]: Skipping Lnet/minecraft/util/valueproviders/FloatProvider;
[21:37:47] [main/DEBUG]: Skipping Lnet/minecraft/util/valueproviders/ConstantInt;
[21:37:47] [main/DEBUG]: Skipping Lnet/minecraft/util/valueproviders/ConstantFloat;
[21:37:47] [main/DEBUG]: Skipping Lnet/minecraft/util/valueproviders/ClampedNormalInt;
[21:37:47] [main/DEBUG]: Skipping Lnet/minecraft/util/valueproviders/ClampedNormalFloat;
[21:37:47] [main/DEBUG]: Skipping Lnet/minecraft/util/valueproviders/ClampedInt;
[21:37:47] [main/DEBUG]: Skipping Lnet/minecraft/util/valueproviders/BiasedToBottomInt;
[21:37:47] [main/DEBUG]: Skipping Lnet/minecraft/util/thread/package-info;
[21:37:47] [main/DEBUG]: Skipping Lnet/minecraft/util/thread/StrictQueue;
[21:37:47] [main/DEBUG]: Skipping Lnet/minecraft/util/thread/StrictQueue$QueueStrictQueue;
[21:37:47] [main/DEBUG]: Skipping Lnet/minecraft/util/thread/StrictQueue$IntRunnable;
[21:37:47] [main/DEBUG]: Skipping Lnet/minecraft/util/thread/StrictQueue$FixedPriorityQueue;
[21:37:47] [main/DEBUG]: Skipping Lnet/minecraft/util/thread/ReentrantBlockableEventLoop;
[21:37:47] [main/DEBUG]: Skipping Lnet/minecraft/util/thread/ProcessorMailbox;
[21:37:47] [main/DEBUG]: Skipping Lnet/minecraft/util/thread/ProcessorHandle;
[21:37:47] [main/DEBUG]: Skipping Lnet/minecraft/util/thread/ProcessorHandle$1;
[21:37:47] [main/DEBUG]: Skipping Lnet/minecraft/util/thread/NamedThreadFactory;
[21:37:47] [main/DEBUG]: Transforming class Lnet/minecraft/util/thread/BlockableEventLoop;
[21:37:47] [main/DEBUG]: Transforming net/minecraft/util/thread/BlockableEventLoop METHOD m_18689_(Ljava/lang/Runnable;)Ljava/util/concurrent/CompletableFuture; to access PUBLIC and LEAVE
[21:37:47] [main/DEBUG]: Skipping Lnet/minecraft/util/random/package-info;
[21:37:47] [main/DEBUG]: Skipping Lnet/minecraft/util/random/WeightedRandomList;
[21:37:47] [main/DEBUG]: Skipping Lnet/minecraft/util/random/WeightedRandom;
[21:37:47] [main/DEBUG]: Skipping Lnet/minecraft/util/random/WeightedEntry;
[21:37:47] [main/DEBUG]: Skipping Lnet/minecraft/util/random/WeightedEntry$Wrapper;
[21:37:47] [main/DEBUG]: Skipping Lnet/minecraft/util/random/WeightedEntry$IntrusiveBase;
[21:37:47] [main/DEBUG]: Skipping Lnet/minecraft/util/random/Weight;
[21:37:47] [main/DEBUG]: Skipping Lnet/minecraft/util/random/SimpleWeightedRandomList;
[21:37:47] [main/DEBUG]: Skipping Lnet/minecraft/util/random/SimpleWeightedRandomList$Builder;
[21:37:47] [main/DEBUG]: Skipping Lnet/minecraft/util/profiling/package-info;
[21:37:47] [main/DEBUG]: Skipping Lnet/minecraft/util/profiling/metrics/storage/package-info;
[21:37:47] [main/DEBUG]: Skipping Lnet/minecraft/util/profiling/metrics/storage/RecordedDeviation;
[21:37:47] [main/DEBUG]: Skipping Lnet/minecraft/util/profiling/metrics/storage/MetricsPersister;
[21:37:47] [main/DEBUG]: Skipping Lnet/minecraft/util/profiling/metrics/profiling/package-info;
[21:37:47] [main/DEBUG]: Skipping Lnet/minecraft/util/profiling/metrics/profiling/ServerMetricsSamplersProvider;
[21:37:47] [main/DEBUG]: Skipping Lnet/minecraft/util/profiling/metrics/profiling/ServerMetricsSamplersProvider$CpuStats;
[21:37:47] [main/DEBUG]: Skipping Lnet/minecraft/util/profiling/metrics/profiling/ServerMetricsSamplersProvider$1;
[21:37:47] [main/DEBUG]: Skipping Lnet/minecraft/util/profiling/metrics/profiling/ProfilerSamplerAdapter;
[21:37:47] [main/DEBUG]: Skipping Lnet/minecraft/util/profiling/metrics/profiling/MetricsRecorder;
[21:37:47] [main/DEBUG]: Skipping Lnet/minecraft/util/profiling/metrics/profiling/InactiveMetricsRecorder;
[21:37:47] [main/DEBUG]: Skipping Lnet/minecraft/util/profiling/metrics/profiling/ActiveMetricsRecorder;
[21:37:47] [main/DEBUG]: Skipping Lnet/minecraft/util/profiling/metrics/package-info;
[21:37:47] [main/DEBUG]: Skipping Lnet/minecraft/util/profiling/metrics/ProfilerMeasured;
[21:37:47] [main/DEBUG]: Skipping Lnet/minecraft/util/profiling/metrics/MetricsSamplerProvider;
[21:37:47] [main/DEBUG]: Skipping Lnet/minecraft/util/profiling/metrics/MetricsRegistry;
[21:37:47] [main/DEBUG]: Skipping Lnet/minecraft/util/profiling/metrics/MetricsRegistry$AggregatedMetricSampler;
[21:37:47] [main/DEBUG]: Skipping Lnet/minecraft/util/profiling/metrics/MetricSampler;
[21:37:47] [main/DEBUG]: Skipping Lnet/minecraft/util/profiling/metrics/MetricSampler$ValueIncreasedByPercentage;
[21:37:47] [main/DEBUG]: Skipping Lnet/minecraft/util/profiling/metrics/MetricSampler$ThresholdTest;
[21:37:47] [main/DEBUG]: Skipping Lnet/minecraft/util/profiling/metrics/MetricSampler$SamplerResult;
[21:37:47] [main/DEBUG]: Skipping Lnet/minecraft/util/profiling/metrics/MetricSampler$MetricSamplerBuilder;
[21:37:47] [main/DEBUG]: Skipping Lnet/minecraft/util/profiling/metrics/MetricCategory;
[21:37:47] [main/DEBUG]: Skipping Lnet/minecraft/util/profiling/jfr/stats/package-info;
[21:37:47] [main/DEBUG]: Skipping Lnet/minecraft/util/profiling/jfr/stats/TimedStatSummary;
[21:37:47] [main/DEBUG]: Skipping Lnet/minecraft/util/profiling/jfr/stats/TimedStat;
[21:37:47] [main/DEBUG]: Skipping Lnet/minecraft/util/profiling/jfr/stats/TimeStamped;
[21:37:47] [main/DEBUG]: Skipping Lnet/minecraft/util/profiling/jfr/stats/TickTimeStat;
[21:37:47] [main/DEBUG]: Skipping Lnet/minecraft/util/profiling/jfr/stats/ThreadAllocationStat;
[21:37:47] [main/DEBUG]: Skipping Lnet/minecraft/util/profiling/jfr/stats/ThreadAllocationStat$Summary;
[21:37:47] [main/DEBUG]: Skipping Lnet/minecraft/util/profiling/jfr/stats/NetworkPacketSummary;
[21:37:47] [main/DEBUG]: Skipping Lnet/minecraft/util/profiling/jfr/stats/NetworkPacketSummary$PacketIdentification;
[21:37:47] [main/DEBUG]: Skipping Lnet/minecraft/util/profiling/jfr/stats/NetworkPacketSummary$PacketCountAndSize;
[21:37:47] [main/DEBUG]: Skipping Lnet/minecraft/util/profiling/jfr/stats/GcHeapStat;
[21:37:47] [main/DEBUG]: Skipping Lnet/minecraft/util/profiling/jfr/stats/GcHeapStat$Timing;
[21:37:47] [main/DEBUG]: Skipping Lnet/minecraft/util/profiling/jfr/stats/GcHeapStat$Summary;
[21:37:47] [main/DEBUG]: Skipping Lnet/minecraft/util/profiling/jfr/stats/FileIOStat;
[21:37:47] [main/DEBUG]: Skipping Lnet/minecraft/util/profiling/jfr/stats/FileIOStat$Summary;
[21:37:47] [main/DEBUG]: Skipping Lnet/minecraft/util/profiling/jfr/stats/CpuLoadStat;
[21:37:47] [main/DEBUG]: Skipping Lnet/minecraft/util/profiling/jfr/stats/ChunkGenStat;
[21:37:47] [main/DEBUG]: Skipping Lnet/minecraft/util/profiling/jfr/serialize/package-info;
[21:37:47] [main/DEBUG]: Skipping Lnet/minecraft/util/profiling/jfr/serialize/JfrResultJsonSerializer;
[21:37:47] [main/DEBUG]: Skipping Lnet/minecraft/util/profiling/jfr/parse/package-info;
[21:37:47] [main/DEBUG]: Skipping Lnet/minecraft/util/profiling/jfr/parse/JfrStatsResult;
[21:37:47] [main/DEBUG]: Skipping Lnet/minecraft/util/profiling/jfr/parse/JfrStatsParser;
[21:37:47] [main/DEBUG]: Skipping Lnet/minecraft/util/profiling/jfr/parse/JfrStatsParser$MutableCountAndSize;
[21:37:47] [main/DEBUG]: Skipping Lnet/minecraft/util/profiling/jfr/parse/JfrStatsParser$1;
[21:37:47] [main/DEBUG]: Skipping Lnet/minecraft/util/profiling/jfr/package-info;
[21:37:47] [main/DEBUG]: Skipping Lnet/minecraft/util/profiling/jfr/event/package-info;
[21:37:47] [main/DEBUG]: Skipping Lnet/minecraft/util/profiling/jfr/event/WorldLoadFinishedEvent;
[21:37:47] [main/DEBUG]: Skipping Lnet/minecraft/util/profiling/jfr/event/ServerTickTimeEvent;
[21:37:47] [main/DEBUG]: Skipping Lnet/minecraft/util/profiling/jfr/event/ServerTickTimeEvent$Fields;
[21:37:47] [main/DEBUG]: Skipping Lnet/minecraft/util/profiling/jfr/event/PacketSentEvent;
[21:37:47] [main/DEBUG]: Skipping Lnet/minecraft/util/profiling/jfr/event/PacketReceivedEvent;
[21:37:47] [main/DEBUG]: Skipping Lnet/minecraft/util/profiling/jfr/event/PacketEvent;
[21:37:47] [main/DEBUG]: Skipping Lnet/minecraft/util/profiling/jfr/event/PacketEvent$Fields;
[21:37:47] [main/DEBUG]: Skipping Lnet/minecraft/util/profiling/jfr/event/NetworkSummaryEvent;
[21:37:47] [main/DEBUG]: Skipping Lnet/minecraft/util/profiling/jfr/event/NetworkSummaryEvent$SumAggregation;
[21:37:47] [main/DEBUG]: Skipping Lnet/minecraft/util/profiling/jfr/event/NetworkSummaryEvent$Fields;
[21:37:47] [main/DEBUG]: Skipping Lnet/minecraft/util/profiling/jfr/event/ChunkGenerationEvent;
[21:37:47] [main/DEBUG]: Skipping Lnet/minecraft/util/profiling/jfr/event/ChunkGenerationEvent$Fields;
[21:37:47] [main/DEBUG]: Skipping Lnet/minecraft/util/profiling/jfr/callback/package-info;
[21:37:47] [main/DEBUG]: Skipping Lnet/minecraft/util/profiling/jfr/callback/ProfiledDuration;
[21:37:47] [main/DEBUG]: Skipping Lnet/minecraft/util/profiling/jfr/SummaryReporter;
[21:37:47] [main/DEBUG]: Skipping Lnet/minecraft/util/profiling/jfr/Percentiles;
[21:37:47] [main/DEBUG]: Skipping Lnet/minecraft/util/profiling/jfr/JvmProfiler;
[21:37:47] [main/DEBUG]: Skipping Lnet/minecraft/util/profiling/jfr/JvmProfiler$NoOpProfiler;
[21:37:47] [main/DEBUG]: Skipping Lnet/minecraft/util/profiling/jfr/JfrProfiler;
[21:37:47] [main/DEBUG]: Skipping Lnet/minecraft/util/profiling/jfr/JfrProfiler$1;
[21:37:47] [main/DEBUG]: Skipping Lnet/minecraft/util/profiling/jfr/Environment;
[21:37:47] [main/DEBUG]: Skipping Lnet/minecraft/util/profiling/SingleTickProfiler;
[21:37:47] [main/DEBUG]: Skipping Lnet/minecraft/util/profiling/ResultField;
[21:37:47] [main/DEBUG]: Skipping Lnet/minecraft/util/profiling/ProfilerPathEntry;
[21:37:47] [main/DEBUG]: Skipping Lnet/minecraft/util/profiling/ProfilerFiller;
[21:37:47] [main/DEBUG]: Skipping Lnet/minecraft/util/profiling/ProfilerFiller$1;
[21:37:47] [main/DEBUG]: Skipping Lnet/minecraft/util/profiling/ProfileResults;
[21:37:47] [main/DEBUG]: Skipping Lnet/minecraft/util/profiling/ProfileCollector;
[21:37:47] [main/DEBUG]: Skipping Lnet/minecraft/util/profiling/InactiveProfiler;
[21:37:47] [main/DEBUG]: Skipping Lnet/minecraft/util/profiling/FilledProfileResults;
[21:37:47] [main/DEBUG]: Skipping Lnet/minecraft/util/profiling/FilledProfileResults$CounterCollector;
[21:37:47] [main/DEBUG]: Skipping Lnet/minecraft/util/profiling/FilledProfileResults$1;
[21:37:47] [main/DEBUG]: Skipping Lnet/minecraft/util/profiling/EmptyProfileResults;
[21:37:47] [main/DEBUG]: Skipping Lnet/minecraft/util/profiling/ContinuousProfiler;
[21:37:47] [main/DEBUG]: Skipping Lnet/minecraft/util/profiling/ActiveProfiler;
[21:37:47] [main/DEBUG]: Skipping Lnet/minecraft/util/profiling/ActiveProfiler$PathEntry;
[21:37:47] [main/DEBUG]: Skipping Lnet/minecraft/util/package-info;
[21:37:47] [main/DEBUG]: Skipping Lnet/minecraft/util/monitoring/jmx/package-info;
[21:37:47] [main/DEBUG]: Skipping Lnet/minecraft/util/monitoring/jmx/MinecraftServerStatistics;
[21:37:47] [main/DEBUG]: Skipping Lnet/minecraft/util/monitoring/jmx/MinecraftServerStatistics$AttributeDescription;
[21:37:47] [main/DEBUG]: Skipping Lnet/minecraft/util/datafix/schemas/package-info;
[21:37:47] [main/DEBUG]: Skipping Lnet/minecraft/util/datafix/schemas/V99;
[21:37:47] [main/DEBUG]: Skipping Lnet/minecraft/util/datafix/schemas/V99$1;
[21:37:47] [main/DEBUG]: Skipping Lnet/minecraft/util/datafix/schemas/V808;
[21:37:47] [main/DEBUG]: Skipping Lnet/minecraft/util/datafix/schemas/V705;
[21:37:47] [main/DEBUG]: Skipping Lnet/minecraft/util/datafix/schemas/V705$1;
[21:37:47] [main/DEBUG]: Skipping Lnet/minecraft/util/datafix/schemas/V704;
[21:37:47] [main/DEBUG]: Skipping Lnet/minecraft/util/datafix/schemas/V704$1;
[21:37:47] [main/DEBUG]: Skipping Lnet/minecraft/util/datafix/schemas/V703;
[21:37:47] [main/DEBUG]: Skipping Lnet/minecraft/util/datafix/schemas/V702;
[21:37:47] [main/DEBUG]: Skipping Lnet/minecraft/util/datafix/schemas/V701;
[21:37:47] [main/DEBUG]: Skipping Lnet/minecraft/util/datafix/schemas/V700;
[21:37:47] [main/DEBUG]: Skipping Lnet/minecraft/util/datafix/schemas/V501;
[21:37:47] [main/DEBUG]: Skipping Lnet/minecraft/util/datafix/schemas/V3083;
[21:37:47] [main/DEBUG]: Skipping Lnet/minecraft/util/datafix/schemas/V3082;
[21:37:47] [main/DEBUG]: Skipping Lnet/minecraft/util/datafix/schemas/V3081;
[21:37:47] [main/DEBUG]: Skipping Lnet/minecraft/util/datafix/schemas/V3078;
[21:37:47] [main/DEBUG]: Skipping Lnet/minecraft/util/datafix/schemas/V3076;
[21:37:47] [main/DEBUG]: Skipping Lnet/minecraft/util/datafix/schemas/V2842;
[21:37:47] [main/DEBUG]: Skipping Lnet/minecraft/util/datafix/schemas/V2831;
[21:37:47] [main/DEBUG]: Skipping Lnet/minecraft/util/datafix/schemas/V2707;
[21:37:47] [main/DEBUG]: Skipping Lnet/minecraft/util/datafix/schemas/V2704;
[21:37:47] [main/DEBUG]: Skipping Lnet/minecraft/util/datafix/schemas/V2688;
[21:37:47] [main/DEBUG]: Skipping Lnet/minecraft/util/datafix/schemas/V2686;
[21:37:47] [main/DEBUG]: Skipping Lnet/minecraft/util/datafix/schemas/V2684;
[21:37:47] [main/DEBUG]: Skipping Lnet/minecraft/util/datafix/schemas/V2571;
[21:37:47] [main/DEBUG]: Skipping Lnet/minecraft/util/datafix/schemas/V2568;
[21:37:47] [main/DEBUG]: Skipping Lnet/minecraft/util/datafix/schemas/V2551;
[21:37:47] [main/DEBUG]: Skipping Lnet/minecraft/util/datafix/schemas/V2522;
[21:37:47] [main/DEBUG]: Skipping Lnet/minecraft/util/datafix/schemas/V2519;
[21:37:47] [main/DEBUG]: Skipping Lnet/minecraft/util/datafix/schemas/V2509;
[21:37:47] [main/DEBUG]: Skipping Lnet/minecraft/util/datafix/schemas/V2505;
[21:37:47] [main/DEBUG]: Skipping Lnet/minecraft/util/datafix/schemas/V2502;
[21:37:47] [main/DEBUG]: Skipping Lnet/minecraft/util/datafix/schemas/V2501;
[21:37:47] [main/DEBUG]: Skipping Lnet/minecraft/util/datafix/schemas/V2100;
[21:37:47] [main/DEBUG]: Skipping Lnet/minecraft/util/datafix/schemas/V1931;
[21:37:47] [main/DEBUG]: Skipping Lnet/minecraft/util/datafix/schemas/V1929;
[21:37:47] [main/DEBUG]: Skipping Lnet/minecraft/util/datafix/schemas/V1928;
[21:37:47] [main/DEBUG]: Skipping Lnet/minecraft/util/datafix/schemas/V1920;
[21:37:47] [main/DEBUG]: Skipping Lnet/minecraft/util/datafix/schemas/V1909;
[21:37:47] [main/DEBUG]: Skipping Lnet/minecraft/util/datafix/schemas/V1906;
[21:37:47] [main/DEBUG]: Skipping Lnet/minecraft/util/datafix/schemas/V1904;
[21:37:47] [main/DEBUG]: Skipping Lnet/minecraft/util/datafix/schemas/V1801;
[21:37:47] [main/DEBUG]: Skipping Lnet/minecraft/util/datafix/schemas/V1800;
[21:37:47] [main/DEBUG]: Skipping Lnet/minecraft/util/datafix/schemas/V1510;
[21:37:47] [main/DEBUG]: Skipping Lnet/minecraft/util/datafix/schemas/V1486;
[21:37:47] [main/DEBUG]: Skipping Lnet/minecraft/util/datafix/schemas/V1483;
[21:37:47] [main/DEBUG]: Skipping Lnet/minecraft/util/datafix/schemas/V1481;
[21:37:47] [main/DEBUG]: Skipping Lnet/minecraft/util/datafix/schemas/V1470;
[21:37:47] [main/DEBUG]: Skipping Lnet/minecraft/util/datafix/schemas/V1466;
[21:37:47] [main/DEBUG]: Skipping Lnet/minecraft/util/datafix/schemas/V1460;
[21:37:47] [main/DEBUG]: Skipping Lnet/minecraft/util/datafix/schemas/V1451_7;
[21:37:47] [main/DEBUG]: Skipping Lnet/minecraft/util/datafix/schemas/V1451_6;
[21:37:47] [main/DEBUG]: Skipping Lnet/minecraft/util/datafix/schemas/V1451_6$2;
[21:37:47] [main/DEBUG]: Skipping Lnet/minecraft/util/datafix/schemas/V1451_6$1;
[21:37:47] [main/DEBUG]: Skipping Lnet/minecraft/util/datafix/schemas/V1451_5;
[21:37:47] [main/DEBUG]: Skipping Lnet/minecraft/util/datafix/schemas/V1451_4;
[21:37:47] [main/DEBUG]: Skipping Lnet/minecraft/util/datafix/schemas/V1451_3;
[21:37:47] [main/DEBUG]: Skipping Lnet/minecraft/util/datafix/schemas/V1451_2;
[21:37:47] [main/DEBUG]: Skipping Lnet/minecraft/util/datafix/schemas/V1451_1;
[21:37:47] [main/DEBUG]: Skipping Lnet/minecraft/util/datafix/schemas/V1451;
[21:37:47] [main/DEBUG]: Skipping Lnet/minecraft/util/datafix/schemas/V143;
[21:37:47] [main/DEBUG]: Skipping Lnet/minecraft/util/datafix/schemas/V135;
[21:37:47] [main/DEBUG]: Skipping Lnet/minecraft/util/datafix/schemas/V1125;
[21:37:47] [main/DEBUG]: Skipping Lnet/minecraft/util/datafix/schemas/V107;
[21:37:47] [main/DEBUG]: Skipping Lnet/minecraft/util/datafix/schemas/V106;
[21:37:47] [main/DEBUG]: Skipping Lnet/minecraft/util/datafix/schemas/V1022;
[21:37:47] [main/DEBUG]: Skipping Lnet/minecraft/util/datafix/schemas/V102;
[21:37:47] [main/DEBUG]: Skipping Lnet/minecraft/util/datafix/schemas/V100;
[21:37:47] [main/DEBUG]: Skipping Lnet/minecraft/util/datafix/schemas/NamespacedSchema;
[21:37:47] [main/DEBUG]: Skipping Lnet/minecraft/util/datafix/schemas/NamespacedSchema$1;
[21:37:47] [main/DEBUG]: Skipping Lnet/minecraft/util/datafix/schemas/V2832;
[21:37:47] [main/DEBUG]: Skipping Lnet/minecraft/util/datafix/package-info;
[21:37:47] [main/DEBUG]: Skipping Lnet/minecraft/util/datafix/fixes/package-info;
[21:37:47] [main/DEBUG]: Skipping Lnet/minecraft/util/datafix/fixes/ZombieVillagerRebuildXpFix;
[21:37:47] [main/DEBUG]: Skipping Lnet/minecraft/util/datafix/fixes/WriteAndReadFix;
[21:37:47] [main/DEBUG]: Skipping Lnet/minecraft/util/datafix/fixes/WorldGenSettingsHeightAndBiomeFix;
[21:37:47] [main/DEBUG]: Skipping Lnet/minecraft/util/datafix/fixes/WorldGenSettingsFix;
[21:37:47] [main/DEBUG]: Skipping Lnet/minecraft/util/datafix/fixes/WorldGenSettingsFix$StructureFeatureConfiguration;
[21:37:47] [main/DEBUG]: Skipping Lnet/minecraft/util/datafix/fixes/WorldGenSettingsDisallowOldCustomWorldsFix;
[21:37:47] [main/DEBUG]: Skipping Lnet/minecraft/util/datafix/fixes/WeaponSmithChestLootTableFix;
[21:37:47] [main/DEBUG]: Skipping Lnet/minecraft/util/datafix/fixes/WallPropertyFix;
[21:37:47] [main/DEBUG]: Skipping Lnet/minecraft/util/datafix/fixes/VillagerTradeFix;
[21:37:47] [main/DEBUG]: Skipping Lnet/minecraft/util/datafix/fixes/VillagerRebuildLevelAndXpFix;
[21:37:47] [main/DEBUG]: Skipping Lnet/minecraft/util/datafix/fixes/VillagerFollowRangeFix;
[21:37:47] [main/DEBUG]: Skipping Lnet/minecraft/util/datafix/fixes/VillagerDataFix;
[21:37:47] [main/DEBUG]: Skipping Lnet/minecraft/util/datafix/fixes/VariantRenameFix;
[21:37:47] [main/DEBUG]: Skipping Lnet/minecraft/util/datafix/fixes/TrappedChestBlockEntityFix;
[21:37:47] [main/DEBUG]: Skipping Lnet/minecraft/util/datafix/fixes/TrappedChestBlockEntityFix$TrappedChestSection;
[21:37:47] [main/DEBUG]: Skipping Lnet/minecraft/util/datafix/fixes/TeamDisplayNameFix;
[21:37:47] [main/DEBUG]: Skipping Lnet/minecraft/util/datafix/fixes/StructureSettingsFlattenFix;
[21:37:47] [main/DEBUG]: Skipping Lnet/minecraft/util/datafix/fixes/StructureReferenceCountFix;
[21:37:47] [main/DEBUG]: Skipping Lnet/minecraft/util/datafix/fixes/StriderGravityFix;
[21:37:47] [main/DEBUG]: Skipping Lnet/minecraft/util/datafix/fixes/StatsRenameFix;
[21:37:47] [main/DEBUG]: Skipping Lnet/minecraft/util/datafix/fixes/StatsCounterFix;
[21:37:47] [main/DEBUG]: Skipping Lnet/minecraft/util/datafix/fixes/SpawnerDataFix;
[21:37:47] [main/DEBUG]: Skipping Lnet/minecraft/util/datafix/fixes/SimplestEntityRenameFix;
[21:37:47] [main/DEBUG]: Skipping Lnet/minecraft/util/datafix/fixes/SimpleRenameFix;
[21:37:47] [main/DEBUG]: Skipping Lnet/minecraft/util/datafix/fixes/SimpleEntityRenameFix;
[21:37:47] [main/DEBUG]: Skipping Lnet/minecraft/util/datafix/fixes/SavedDataVillageCropFix;
[21:37:47] [main/DEBUG]: Skipping Lnet/minecraft/util/datafix/fixes/SavedDataUUIDFix;
[21:37:47] [main/DEBUG]: Skipping Lnet/minecraft/util/datafix/fixes/SavedDataFeaturePoolElementFix;
[21:37:47] [main/DEBUG]: Skipping Lnet/minecraft/util/datafix/fixes/ReorganizePoi;
[21:37:47] [main/DEBUG]: Skipping Lnet/minecraft/util/datafix/fixes/RenamedCoralFix;
[21:37:47] [main/DEBUG]: Skipping Lnet/minecraft/util/datafix/fixes/RenamedCoralFansFix;
[21:37:47] [main/DEBUG]: Skipping Lnet/minecraft/util/datafix/fixes/RenameBiomesFix;
[21:37:47] [main/DEBUG]: Skipping Lnet/minecraft/util/datafix/fixes/RemoveGolemGossipFix;
[21:37:47] [main/DEBUG]: Skipping Lnet/minecraft/util/datafix/fixes/References;
[21:37:47] [main/DEBUG]: Skipping Lnet/minecraft/util/datafix/fixes/RedstoneWireConnectionsFix;
[21:37:47] [main/DEBUG]: Skipping Lnet/minecraft/util/datafix/fixes/RecipesRenameningFix;
[21:37:47] [main/DEBUG]: Skipping Lnet/minecraft/util/datafix/fixes/RecipesRenameFix;
[21:37:47] [main/DEBUG]: Skipping Lnet/minecraft/util/datafix/fixes/RecipesFix;
[21:37:47] [main/DEBUG]: Skipping Lnet/minecraft/util/datafix/fixes/PoiTypeRenameFix;
[21:37:47] [main/DEBUG]: Skipping Lnet/minecraft/util/datafix/fixes/PoiTypeRemoveFix;
[21:37:47] [main/DEBUG]: Skipping Lnet/minecraft/util/datafix/fixes/PlayerUUIDFix;
[21:37:47] [main/DEBUG]: Skipping Lnet/minecraft/util/datafix/fixes/OverreachingTickFix;
[21:37:47] [main/DEBUG]: Skipping Lnet/minecraft/util/datafix/fixes/OptionsRenameFieldFix;
[21:37:47] [main/DEBUG]: Skipping Lnet/minecraft/util/datafix/fixes/OptionsLowerCaseLanguageFix;
[21:37:47] [main/DEBUG]: Skipping Lnet/minecraft/util/datafix/fixes/OptionsKeyTranslationFix;
[21:37:47] [main/DEBUG]: Skipping Lnet/minecraft/util/datafix/fixes/OptionsKeyLwjgl3Fix;
[21:37:47] [main/DEBUG]: Skipping Lnet/minecraft/util/datafix/fixes/OptionsForceVBOFix;
[21:37:47] [main/DEBUG]: Skipping Lnet/minecraft/util/datafix/fixes/OptionsAddTextBackgroundFix;
[21:37:47] [main/DEBUG]: Skipping Lnet/minecraft/util/datafix/fixes/OminousBannerRenameFix;
[21:37:47] [main/DEBUG]: Skipping Lnet/minecraft/util/datafix/fixes/OminousBannerBlockEntityRenameFix;
[21:37:47] [main/DEBUG]: Skipping Lnet/minecraft/util/datafix/fixes/ObjectiveRenderTypeFix;
[21:37:47] [main/DEBUG]: Skipping Lnet/minecraft/util/datafix/fixes/ObjectiveDisplayNameFix;
[21:37:47] [main/DEBUG]: Skipping Lnet/minecraft/util/datafix/fixes/NewVillageFix;
[21:37:47] [main/DEBUG]: Skipping Lnet/minecraft/util/datafix/fixes/NamedEntityFix;
[21:37:47] [main/DEBUG]: Skipping Lnet/minecraft/util/datafix/fixes/MobSpawnerEntityIdentifiersFix;
[21:37:47] [main/DEBUG]: Skipping Lnet/minecraft/util/datafix/fixes/MissingDimensionFix;
[21:37:47] [main/DEBUG]: Skipping Lnet/minecraft/util/datafix/fixes/MemoryExpiryDataFix;
[21:37:47] [main/DEBUG]: Skipping Lnet/minecraft/util/datafix/fixes/MapIdFix;
[21:37:47] [main/DEBUG]: Skipping Lnet/minecraft/util/datafix/fixes/LevelUUIDFix;
[21:37:47] [main/DEBUG]: Skipping Lnet/minecraft/util/datafix/fixes/LevelFlatGeneratorInfoFix;
[21:37:47] [main/DEBUG]: Skipping Lnet/minecraft/util/datafix/fixes/LevelDataGeneratorOptionsFix;
[21:37:47] [main/DEBUG]: Skipping Lnet/minecraft/util/datafix/fixes/LeavesFix;
[21:37:47] [main/DEBUG]: Skipping Lnet/minecraft/util/datafix/fixes/LeavesFix$Section;
[21:37:47] [main/DEBUG]: Skipping Lnet/minecraft/util/datafix/fixes/LeavesFix$LeavesSection;
[21:37:47] [main/DEBUG]: Skipping Lnet/minecraft/util/datafix/fixes/JigsawRotationFix;
[21:37:47] [main/DEBUG]: Skipping Lnet/minecraft/util/datafix/fixes/JigsawPropertiesFix;
[21:37:47] [main/DEBUG]: Skipping Lnet/minecraft/util/datafix/fixes/ItemWrittenBookPagesStrictJsonFix;
[21:37:47] [main/DEBUG]: Skipping Lnet/minecraft/util/datafix/fixes/ItemWaterPotionFix;
[21:37:47] [main/DEBUG]: Skipping Lnet/minecraft/util/datafix/fixes/ItemStackUUIDFix;
[21:37:47] [main/DEBUG]: Skipping Lnet/minecraft/util/datafix/fixes/ItemStackTheFlatteningFix;
[21:37:47] [main/DEBUG]: Skipping Lnet/minecraft/util/datafix/fixes/ItemStackTagFix;
[21:37:47] [main/DEBUG]: Skipping Lnet/minecraft/util/datafix/fixes/ItemStackSpawnEggFix;
[21:37:47] [main/DEBUG]: Skipping Lnet/minecraft/util/datafix/fixes/ItemStackMapIdFix;
[21:37:47] [main/DEBUG]: Skipping Lnet/minecraft/util/datafix/fixes/ItemStackEnchantmentNamesFix;
[21:37:47] [main/DEBUG]: Skipping Lnet/minecraft/util/datafix/fixes/ItemSpawnEggFix;
[21:37:47] [main/DEBUG]: Skipping Lnet/minecraft/util/datafix/fixes/ItemShulkerBoxColorFix;
[21:37:47] [main/DEBUG]: Skipping Lnet/minecraft/util/datafix/fixes/ItemRenameFix;
[21:37:47] [main/DEBUG]: Skipping Lnet/minecraft/util/datafix/fixes/ItemRenameFix$1;
[21:37:47] [main/DEBUG]: Skipping Lnet/minecraft/util/datafix/fixes/ItemRemoveBlockEntityTagFix;
[21:37:47] [main/DEBUG]: Skipping Lnet/minecraft/util/datafix/fixes/ItemPotionFix;
[21:37:47] [main/DEBUG]: Skipping Lnet/minecraft/util/datafix/fixes/ItemLoreFix;
[21:37:47] [main/DEBUG]: Skipping Lnet/minecraft/util/datafix/fixes/ItemIdFix;
[21:37:47] [main/DEBUG]: Skipping Lnet/minecraft/util/datafix/fixes/ItemCustomNameToComponentFix;
[21:37:47] [main/DEBUG]: Skipping Lnet/minecraft/util/datafix/fixes/ItemBannerColorFix;
[21:37:47] [main/DEBUG]: Skipping Lnet/minecraft/util/datafix/fixes/IglooMetadataRemovalFix;
[21:37:47] [main/DEBUG]: Skipping Lnet/minecraft/util/datafix/fixes/HeightmapRenamingFix;
[21:37:47] [main/DEBUG]: Skipping Lnet/minecraft/util/datafix/fixes/GossipUUIDFix;
[21:37:47] [main/DEBUG]: Skipping Lnet/minecraft/util/datafix/fixes/GoatHornIdFix;
[21:37:47] [main/DEBUG]: Skipping Lnet/minecraft/util/datafix/fixes/FurnaceRecipeFix;
[21:37:47] [main/DEBUG]: Skipping Lnet/minecraft/util/datafix/fixes/ForcePoiRebuild;
[21:37:47] [main/DEBUG]: Skipping Lnet/minecraft/util/datafix/fixes/FilteredSignsFix;
[21:37:47] [main/DEBUG]: Skipping Lnet/minecraft/util/datafix/fixes/FilteredBooksFix;
[21:37:47] [main/DEBUG]: Skipping Lnet/minecraft/util/datafix/fixes/EntityZombifiedPiglinRenameFix;
[21:37:47] [main/DEBUG]: Skipping Lnet/minecraft/util/datafix/fixes/EntityZombieVillagerTypeFix;
[21:37:47] [main/DEBUG]: Skipping Lnet/minecraft/util/datafix/fixes/EntityZombieSplitFix;
[21:37:47] [main/DEBUG]: Skipping Lnet/minecraft/util/datafix/fixes/EntityWolfColorFix;
[21:37:47] [main/DEBUG]: Skipping Lnet/minecraft/util/datafix/fixes/EntityVariantFix;
[21:37:47] [main/DEBUG]: Skipping Lnet/minecraft/util/datafix/fixes/EntityUUIDFix;
[21:37:47] [main/DEBUG]: Skipping Lnet/minecraft/util/datafix/fixes/EntityTippedArrowFix;
[21:37:47] [main/DEBUG]: Skipping Lnet/minecraft/util/datafix/fixes/EntityTheRenameningFix;
[21:37:47] [main/DEBUG]: Skipping Lnet/minecraft/util/datafix/fixes/EntityStringUuidFix;
[21:37:47] [main/DEBUG]: Skipping Lnet/minecraft/util/datafix/fixes/EntitySkeletonSplitFix;
[21:37:47] [main/DEBUG]: Skipping Lnet/minecraft/util/datafix/fixes/EntityShulkerRotationFix;
[21:37:47] [main/DEBUG]: Skipping Lnet/minecraft/util/datafix/fixes/EntityShulkerColorFix;
[21:37:47] [main/DEBUG]: Skipping Lnet/minecraft/util/datafix/fixes/EntityRidingToPassengersFix;
[21:37:47] [main/DEBUG]: Skipping Lnet/minecraft/util/datafix/fixes/EntityRenameFix;
[21:37:47] [main/DEBUG]: Skipping Lnet/minecraft/util/datafix/fixes/EntityRedundantChanceTagsFix;
[21:37:47] [main/DEBUG]: Skipping Lnet/minecraft/util/datafix/fixes/EntityRavagerRenameFix;
[21:37:47] [main/DEBUG]: Skipping Lnet/minecraft/util/datafix/fixes/EntityPufferfishRenameFix;
[21:37:47] [main/DEBUG]: Skipping Lnet/minecraft/util/datafix/fixes/EntityProjectileOwnerFix;
[21:37:47] [main/DEBUG]: Skipping Lnet/minecraft/util/datafix/fixes/EntityPaintingMotiveFix;
[21:37:47] [main/DEBUG]: Skipping Lnet/minecraft/util/datafix/fixes/EntityPaintingItemFrameDirectionFix;
[21:37:47] [main/DEBUG]: Skipping Lnet/minecraft/util/datafix/fixes/EntityPaintingFieldsRenameFix;
[21:37:47] [main/DEBUG]: Skipping Lnet/minecraft/util/datafix/fixes/EntityMinecartIdentifiersFix;
[21:37:47] [main/DEBUG]: Skipping Lnet/minecraft/util/datafix/fixes/EntityItemFrameDirectionFix;
[21:37:47] [main/DEBUG]: Skipping Lnet/minecraft/util/datafix/fixes/EntityIdFix;
[21:37:47] [main/DEBUG]: Skipping Lnet/minecraft/util/datafix/fixes/EntityHorseSplitFix;
[21:37:47] [main/DEBUG]: Skipping Lnet/minecraft/util/datafix/fixes/EntityHorseSaddleFix;
[21:37:47] [main/DEBUG]: Skipping Lnet/minecraft/util/datafix/fixes/EntityHealthFix;
[21:37:47] [main/DEBUG]: Skipping Lnet/minecraft/util/datafix/fixes/EntityGoatMissingStateFix;
[21:37:47] [main/DEBUG]: Skipping Lnet/minecraft/util/datafix/fixes/EntityEquipmentToArmorAndHandFix;
[21:37:47] [main/DEBUG]: Skipping Lnet/minecraft/util/datafix/fixes/EntityElderGuardianSplitFix;
[21:37:47] [main/DEBUG]: Skipping Lnet/minecraft/util/datafix/fixes/EntityCustomNameToComponentFix;
[21:37:47] [main/DEBUG]: Skipping Lnet/minecraft/util/datafix/fixes/EntityCodSalmonFix;
[21:37:47] [main/DEBUG]: Skipping Lnet/minecraft/util/datafix/fixes/EntityCatSplitFix;
[21:37:47] [main/DEBUG]: Skipping Lnet/minecraft/util/datafix/fixes/EntityBlockStateFix;
[21:37:47] [main/DEBUG]: Skipping Lnet/minecraft/util/datafix/fixes/EntityArmorStandSilentFix;
[21:37:47] [main/DEBUG]: Skipping Lnet/minecraft/util/datafix/fixes/DyeItemRenameFix;
[21:37:47] [main/DEBUG]: Skipping Lnet/minecraft/util/datafix/fixes/CriteriaRenameFix;
[21:37:47] [main/DEBUG]: Skipping Lnet/minecraft/util/datafix/fixes/ColorlessShulkerEntityFix;
[21:37:47] [main/DEBUG]: Skipping Lnet/minecraft/util/datafix/fixes/ChunkToProtochunkFix;
[21:37:47] [main/DEBUG]: Skipping Lnet/minecraft/util/datafix/fixes/ChunkStructuresTemplateRenameFix;
[21:37:47] [main/DEBUG]: Skipping Lnet/minecraft/util/datafix/fixes/ChunkStatusFix2;
[21:37:47] [main/DEBUG]: Skipping Lnet/minecraft/util/datafix/fixes/ChunkStatusFix;
[21:37:47] [main/DEBUG]: Skipping Lnet/minecraft/util/datafix/fixes/ChunkRenamesFix;
[21:37:47] [main/DEBUG]: Skipping Lnet/minecraft/util/datafix/fixes/ChunkProtoTickListFix;
[21:37:47] [main/DEBUG]: Skipping Lnet/minecraft/util/datafix/fixes/ChunkProtoTickListFix$PoorMansPalettedContainer;
[21:37:47] [main/DEBUG]: Skipping Lnet/minecraft/util/datafix/fixes/ChunkPalettedStorageFix;
[21:37:47] [main/DEBUG]: Skipping Lnet/minecraft/util/datafix/fixes/ChunkPalettedStorageFix$UpgradeChunk;
[21:37:47] [main/DEBUG]: Skipping Lnet/minecraft/util/datafix/fixes/ChunkPalettedStorageFix$Section;
[21:37:47] [main/DEBUG]: Skipping Lnet/minecraft/util/datafix/fixes/ChunkPalettedStorageFix$Direction;
[21:37:47] [main/DEBUG]: Skipping Lnet/minecraft/util/datafix/fixes/ChunkPalettedStorageFix$Direction$AxisDirection;
[21:37:47] [main/DEBUG]: Skipping Lnet/minecraft/util/datafix/fixes/ChunkPalettedStorageFix$Direction$Axis;
[21:37:47] [main/DEBUG]: Skipping Lnet/minecraft/util/datafix/fixes/ChunkPalettedStorageFix$DataLayer;
[21:37:47] [main/DEBUG]: Skipping Lnet/minecraft/util/datafix/fixes/ChunkPalettedStorageFix$1;
[21:37:47] [main/DEBUG]: Skipping Lnet/minecraft/util/datafix/fixes/ChunkLightRemoveFix;
[21:37:47] [main/DEBUG]: Skipping Lnet/minecraft/util/datafix/fixes/ChunkHeightAndBiomeFix;
[21:37:47] [main/DEBUG]: Skipping Lnet/minecraft/util/datafix/fixes/ChunkDeleteIgnoredLightDataFix;
[21:37:47] [main/DEBUG]: Skipping Lnet/minecraft/util/datafix/fixes/ChunkBiomeFix;
[21:37:47] [main/DEBUG]: Skipping Lnet/minecraft/util/datafix/fixes/ChunkBedBlockEntityInjecterFix;
[21:37:47] [main/DEBUG]: Skipping Lnet/minecraft/util/datafix/fixes/CavesAndCliffsRenames;
[21:37:47] [main/DEBUG]: Skipping Lnet/minecraft/util/datafix/fixes/CauldronRenameFix;
[21:37:47] [main/DEBUG]: Skipping Lnet/minecraft/util/datafix/fixes/CatTypeFix;
[21:37:47] [main/DEBUG]: Skipping Lnet/minecraft/util/datafix/fixes/BlockStateStructureTemplateFix;
[21:37:47] [main/DEBUG]: Skipping Lnet/minecraft/util/datafix/fixes/BlockStateData;
[21:37:47] [main/DEBUG]: Skipping Lnet/minecraft/util/datafix/fixes/BlockRenameFixWithJigsaw;
[21:37:47] [main/DEBUG]: Skipping Lnet/minecraft/util/datafix/fixes/BlockRenameFixWithJigsaw$1;
[21:37:47] [main/DEBUG]: Skipping Lnet/minecraft/util/datafix/fixes/BlockRenameFix;
[21:37:47] [main/DEBUG]: Skipping Lnet/minecraft/util/datafix/fixes/BlockRenameFix$1;
[21:37:47] [main/DEBUG]: Skipping Lnet/minecraft/util/datafix/fixes/BlockNameFlatteningFix;
[21:37:47] [main/DEBUG]: Skipping Lnet/minecraft/util/datafix/fixes/BlockEntityUUIDFix;
[21:37:47] [main/DEBUG]: Skipping Lnet/minecraft/util/datafix/fixes/BlockEntitySignTextStrictJsonFix;
[21:37:47] [main/DEBUG]: Skipping Lnet/minecraft/util/datafix/fixes/BlockEntitySignTextStrictJsonFix$1;
[21:37:47] [main/DEBUG]: Skipping Lnet/minecraft/util/datafix/fixes/BlockEntityShulkerBoxColorFix;
[21:37:47] [main/DEBUG]: Skipping Lnet/minecraft/util/datafix/fixes/BlockEntityKeepPacked;
[21:37:47] [main/DEBUG]: Skipping Lnet/minecraft/util/datafix/fixes/BlockEntityJukeboxFix;
[21:37:47] [main/DEBUG]: Skipping Lnet/minecraft/util/datafix/fixes/BlockEntityIdFix;
[21:37:47] [main/DEBUG]: Skipping Lnet/minecraft/util/datafix/fixes/BlockEntityCustomNameToComponentFix;
[21:37:47] [main/DEBUG]: Skipping Lnet/minecraft/util/datafix/fixes/BlockEntityBlockStateFix;
[21:37:47] [main/DEBUG]: Skipping Lnet/minecraft/util/datafix/fixes/BlockEntityBannerColorFix;
[21:37:47] [main/DEBUG]: Skipping Lnet/minecraft/util/datafix/fixes/BlendingDataRemoveFromNetherEndFix;
[21:37:47] [main/DEBUG]: Skipping Lnet/minecraft/util/datafix/fixes/BlendingDataFix;
[21:37:47] [main/DEBUG]: Skipping Lnet/minecraft/util/datafix/fixes/BitStorageAlignFix;
[21:37:47] [main/DEBUG]: Skipping Lnet/minecraft/util/datafix/fixes/BiomeFix;
[21:37:47] [main/DEBUG]: Skipping Lnet/minecraft/util/datafix/fixes/BedItemColorFix;
[21:37:47] [main/DEBUG]: Skipping Lnet/minecraft/util/datafix/fixes/AttributesRename;
[21:37:47] [main/DEBUG]: Skipping Lnet/minecraft/util/datafix/fixes/AdvancementsRenameFix;
[21:37:47] [main/DEBUG]: Skipping Lnet/minecraft/util/datafix/fixes/AdvancementsFix;
[21:37:47] [main/DEBUG]: Skipping Lnet/minecraft/util/datafix/fixes/AddNewChoices;
[21:37:47] [main/DEBUG]: Skipping Lnet/minecraft/util/datafix/fixes/AddFlagIfNotPresentFix;
[21:37:47] [main/DEBUG]: Skipping Lnet/minecraft/util/datafix/fixes/AbstractUUIDFix;
[21:37:47] [main/DEBUG]: Skipping Lnet/minecraft/util/datafix/fixes/AbstractPoiSectionFix;
[21:37:47] [main/DEBUG]: Skipping Lnet/minecraft/util/datafix/fixes/AbstractArrowPickupFix;
[21:37:47] [main/DEBUG]: Transforming class Lnet/minecraft/util/datafix/fixes/StructuresBecomeConfiguredFix;
[21:37:47] [main/DEBUG]: Transforming net/minecraft/util/datafix/fixes/StructuresBecomeConfiguredFix INNERCLASS Conversion to access PUBLIC and LEAVE
[21:37:47] [main/DEBUG]: Transforming class Lnet/minecraft/util/datafix/fixes/StructuresBecomeConfiguredFix$Conversion;
[21:37:47] [main/DEBUG]: Transforming net/minecraft/util/datafix/fixes/StructuresBecomeConfiguredFix$Conversion CLASS to access PUBLIC and LEAVE
[21:37:47] [main/DEBUG]: Skipping Lnet/minecraft/util/datafix/PackedBitStorage;
[21:37:47] [main/DEBUG]: Skipping Lnet/minecraft/util/datafix/DataFixers;
[21:37:47] [main/DEBUG]: Skipping Lnet/minecraft/util/datafix/DataFixers$3;
[21:37:47] [main/DEBUG]: Skipping Lnet/minecraft/util/datafix/DataFixers$2;
[21:37:47] [main/DEBUG]: Skipping Lnet/minecraft/util/datafix/DataFixers$1;
[21:37:47] [main/DEBUG]: Skipping Lnet/minecraft/util/datafix/DataFixerOptimizationOption;
[21:37:47] [main/DEBUG]: Skipping Lnet/minecraft/util/datafix/DataFixTypes;
[21:37:47] [main/DEBUG]: Skipping Lnet/minecraft/util/ZeroBitStorage;
[21:37:47] [main/DEBUG]: Skipping Lnet/minecraft/util/VisibleForDebug;
[21:37:47] [main/DEBUG]: Skipping Lnet/minecraft/util/Unit;
[21:37:47] [main/DEBUG]: Skipping Lnet/minecraft/util/Tuple;
[21:37:47] [main/DEBUG]: Skipping Lnet/minecraft/util/ToFloatFunction;
[21:37:47] [main/DEBUG]: Skipping Lnet/minecraft/util/ToFloatFunction$2;
[21:37:47] [main/DEBUG]: Skipping Lnet/minecraft/util/ToFloatFunction$1;
[21:37:47] [main/DEBUG]: Skipping Lnet/minecraft/util/TimeUtil;
[21:37:47] [main/DEBUG]: Skipping Lnet/minecraft/util/TimeSource;
[21:37:47] [main/DEBUG]: Skipping Lnet/minecraft/util/TimeSource$NanoTimeSource;
[21:37:47] [main/DEBUG]: Skipping Lnet/minecraft/util/ThreadingDetector;
[21:37:47] [main/DEBUG]: Skipping Lnet/minecraft/util/TelemetryConstants;
[21:37:47] [main/DEBUG]: Skipping Lnet/minecraft/util/TaskChainer;
[21:37:47] [main/DEBUG]: Skipping Lnet/minecraft/util/TaskChainer$DelayedTask;
[21:37:47] [main/DEBUG]: Skipping Lnet/minecraft/util/StringUtil;
[21:37:47] [main/DEBUG]: Skipping Lnet/minecraft/util/StringRepresentable;
[21:37:47] [main/DEBUG]: Skipping Lnet/minecraft/util/StringRepresentable$EnumCodec;
[21:37:47] [main/DEBUG]: Skipping Lnet/minecraft/util/StringRepresentable$1;
[21:37:47] [main/DEBUG]: Skipping Lnet/minecraft/util/StringDecomposer;
[21:37:47] [main/DEBUG]: Skipping Lnet/minecraft/util/SortedArraySet;
[21:37:47] [main/DEBUG]: Skipping Lnet/minecraft/util/SortedArraySet$ArrayIterator;
[21:37:47] [main/DEBUG]: Skipping Lnet/minecraft/util/SmoothDouble;
[21:37:47] [main/DEBUG]: Skipping Lnet/minecraft/util/SimpleBitStorage;
[21:37:47] [main/DEBUG]: Skipping Lnet/minecraft/util/SimpleBitStorage$InitializationException;
[21:37:47] [main/DEBUG]: Skipping Lnet/minecraft/util/Signer;
[21:37:47] [main/DEBUG]: Skipping Lnet/minecraft/util/SignatureValidator;
[21:37:47] [main/DEBUG]: Skipping Lnet/minecraft/util/SignatureUpdater;
[21:37:47] [main/DEBUG]: Skipping Lnet/minecraft/util/SignatureUpdater$Output;
[21:37:47] [main/DEBUG]: Skipping Lnet/minecraft/util/RandomSource;
[21:37:47] [main/DEBUG]: Skipping Lnet/minecraft/util/ProgressListener;
[21:37:47] [main/DEBUG]: Skipping Lnet/minecraft/util/ParticleUtils;
[21:37:47] [main/DEBUG]: Skipping Lnet/minecraft/util/OptionEnum;
[21:37:47] [main/DEBUG]: Skipping Lnet/minecraft/util/NativeModuleLister;
[21:37:47] [main/DEBUG]: Skipping Lnet/minecraft/util/NativeModuleLister$NativeModuleVersion;
[21:37:47] [main/DEBUG]: Skipping Lnet/minecraft/util/NativeModuleLister$NativeModuleInfo;
[21:37:47] [main/DEBUG]: Skipping Lnet/minecraft/util/Mth;
[21:37:47] [main/DEBUG]: Skipping Lnet/minecraft/util/ModCheck;
[21:37:47] [main/DEBUG]: Skipping Lnet/minecraft/util/ModCheck$Confidence;
[21:37:47] [main/DEBUG]: Skipping Lnet/minecraft/util/MemoryReserve;
[21:37:47] [main/DEBUG]: Skipping Lnet/minecraft/util/LowerCaseEnumTypeAdapterFactory;
[21:37:47] [main/DEBUG]: Skipping Lnet/minecraft/util/LowerCaseEnumTypeAdapterFactory$1;
[21:37:47] [main/DEBUG]: Skipping Lnet/minecraft/util/LinearCongruentialGenerator;
[21:37:47] [main/DEBUG]: Skipping Lnet/minecraft/util/LazyLoadedValue;
[21:37:47] [main/DEBUG]: Skipping Lnet/minecraft/util/KeyDispatchDataCodec;
[21:37:47] [main/DEBUG]: Skipping Lnet/minecraft/util/InclusiveRange;
[21:37:47] [main/DEBUG]: Skipping Lnet/minecraft/util/HttpUtil;
[21:37:47] [main/DEBUG]: Skipping Lnet/minecraft/util/GsonHelper;
[21:37:47] [main/DEBUG]: Skipping Lnet/minecraft/util/Graph;
[21:37:47] [main/DEBUG]: Skipping Lnet/minecraft/util/FutureChain;
[21:37:47] [main/DEBUG]: Skipping Lnet/minecraft/util/FrameTimer;
[21:37:47] [main/DEBUG]: Skipping Lnet/minecraft/util/FormattedCharSink;
[21:37:47] [main/DEBUG]: Skipping Lnet/minecraft/util/FormattedCharSequence;
[21:37:47] [main/DEBUG]: Skipping Lnet/minecraft/util/FileZipper;
[21:37:47] [main/DEBUG]: Skipping Lnet/minecraft/util/FastColor;
[21:37:47] [main/DEBUG]: Skipping Lnet/minecraft/util/FastColor$ARGB32;
[21:37:47] [main/DEBUG]: Skipping Lnet/minecraft/util/FastBufferedInputStream;
[21:37:47] [main/DEBUG]: Transforming class Lnet/minecraft/util/ExtraCodecs;
[21:37:47] [main/DEBUG]: Transforming net/minecraft/util/ExtraCodecs INNERCLASS EitherCodec to access PUBLIC and LEAVE
[21:37:47] [main/DEBUG]: Skipping Lnet/minecraft/util/ExtraCodecs$XorCodec;
[21:37:47] [main/DEBUG]: Skipping Lnet/minecraft/util/ExtraCodecs$TagOrElementLocation;
[21:37:47] [main/DEBUG]: Skipping Lnet/minecraft/util/ExtraCodecs$LazyInitializedCodec;
[21:37:47] [main/DEBUG]: Transforming class Lnet/minecraft/util/ExtraCodecs$EitherCodec;
[21:37:47] [main/DEBUG]: Transforming net/minecraft/util/ExtraCodecs$EitherCodec CLASS to access PUBLIC and LEAVE
[21:37:47] [main/DEBUG]: Skipping Lnet/minecraft/util/ExtraCodecs$4;
[21:37:47] [main/DEBUG]: Skipping Lnet/minecraft/util/ExtraCodecs$3;
[21:37:47] [main/DEBUG]: Skipping Lnet/minecraft/util/ExtraCodecs$2;
[21:37:47] [main/DEBUG]: Skipping Lnet/minecraft/util/ExtraCodecs$1ContextRetrievalCodec;
[21:37:47] [main/DEBUG]: Skipping Lnet/minecraft/util/ExtraCodecs$1;
[21:37:47] [main/DEBUG]: Skipping Lnet/minecraft/util/ExceptionCollector;
[21:37:47] [main/DEBUG]: Skipping Lnet/minecraft/util/DirectoryLock;
[21:37:47] [main/DEBUG]: Skipping Lnet/minecraft/util/DirectoryLock$LockException;
[21:37:47] [main/DEBUG]: Skipping Lnet/minecraft/util/DebugBuffer;
[21:37:47] [main/DEBUG]: Skipping Lnet/minecraft/util/CubicSpline;
[21:37:47] [main/DEBUG]: Skipping Lnet/minecraft/util/CubicSpline$Multipoint;
[21:37:47] [main/DEBUG]: Skipping Lnet/minecraft/util/CubicSpline$CoordinateVisitor;
[21:37:47] [main/DEBUG]: Skipping Lnet/minecraft/util/CubicSpline$Constant;
[21:37:47] [main/DEBUG]: Skipping Lnet/minecraft/util/CubicSpline$Builder;
[21:37:47] [main/DEBUG]: Skipping Lnet/minecraft/util/CubicSpline$1Point;
[21:37:47] [main/DEBUG]: Skipping Lnet/minecraft/util/CubicSampler;
[21:37:47] [main/DEBUG]: Skipping Lnet/minecraft/util/CubicSampler$Vec3Fetcher;
[21:37:47] [main/DEBUG]: Skipping Lnet/minecraft/util/CsvOutput;
[21:37:47] [main/DEBUG]: Skipping Lnet/minecraft/util/CsvOutput$Builder;
[21:37:47] [main/DEBUG]: Skipping Lnet/minecraft/util/CryptException;
[21:37:47] [main/DEBUG]: Skipping Lnet/minecraft/util/Crypt;
[21:37:47] [main/DEBUG]: Skipping Lnet/minecraft/util/Crypt$SaltSupplier;
[21:37:47] [main/DEBUG]: Skipping Lnet/minecraft/util/Crypt$SaltSignaturePair;
[21:37:47] [main/DEBUG]: Skipping Lnet/minecraft/util/Crypt$ByteArrayToKeyFunction;
[21:37:47] [main/DEBUG]: Skipping Lnet/minecraft/util/CrudeIncrementalIntIdentityHashBiMap;
[21:37:47] [main/DEBUG]: Skipping Lnet/minecraft/util/ClassInstanceMultiMap;
[21:37:47] [main/DEBUG]: Skipping Lnet/minecraft/util/BitStorage;
[21:37:47] [main/DEBUG]: Skipping Lnet/minecraft/util/SpawnUtil;
[21:37:47] [main/DEBUG]: Skipping Lnet/minecraft/util/SpawnUtil$Strategy;
[21:37:47] [main/DEBUG]: Skipping Lnet/minecraft/tags/package-info;
[21:37:47] [main/DEBUG]: Skipping Lnet/minecraft/tags/WorldPresetTags;
[21:37:47] [main/DEBUG]: Skipping Lnet/minecraft/tags/TagNetworkSerialization;
[21:37:47] [main/DEBUG]: Skipping Lnet/minecraft/tags/TagNetworkSerialization$TagOutput;
[21:37:47] [main/DEBUG]: Skipping Lnet/minecraft/tags/TagNetworkSerialization$NetworkPayload;
[21:37:47] [main/DEBUG]: Skipping Lnet/minecraft/tags/TagKey;
[21:37:47] [main/DEBUG]: Skipping Lnet/minecraft/tags/TagFile;
[21:37:47] [main/DEBUG]: Skipping Lnet/minecraft/tags/StructureTags;
[21:37:47] [main/DEBUG]: Skipping Lnet/minecraft/tags/PoiTypeTags;
[21:37:47] [main/DEBUG]: Skipping Lnet/minecraft/tags/PaintingVariantTags;
[21:37:47] [main/DEBUG]: Skipping Lnet/minecraft/tags/InstrumentTags;
[21:37:47] [main/DEBUG]: Skipping Lnet/minecraft/tags/GameEventTags;
[21:37:47] [main/DEBUG]: Skipping Lnet/minecraft/tags/FlatLevelGeneratorPresetTags;
[21:37:47] [main/DEBUG]: Skipping Lnet/minecraft/tags/EntityTypeTags;
[21:37:47] [main/DEBUG]: Skipping Lnet/minecraft/tags/CatVariantTags;
[21:37:47] [main/DEBUG]: Skipping Lnet/minecraft/tags/BiomeTags;
[21:37:47] [main/DEBUG]: Skipping Lnet/minecraft/tags/BannerPatternTags;
[21:37:47] [main/DEBUG]: Skipping Lnet/minecraft/tags/TagManager;
[21:37:47] [main/DEBUG]: Skipping Lnet/minecraft/tags/TagManager$LoadResult;
[21:37:47] [main/DEBUG]: Skipping Lnet/minecraft/tags/TagLoader;
[21:37:47] [main/DEBUG]: Skipping Lnet/minecraft/tags/TagLoader$EntryWithSource;
[21:37:47] [main/DEBUG]: Skipping Lnet/minecraft/tags/TagLoader$1;
[21:37:47] [main/DEBUG]: Skipping Lnet/minecraft/tags/TagEntry;
[21:37:47] [main/DEBUG]: Skipping Lnet/minecraft/tags/TagEntry$Lookup;
[21:37:47] [main/DEBUG]: Skipping Lnet/minecraft/tags/TagBuilder;
[21:37:47] [main/DEBUG]: Skipping Lnet/minecraft/tags/ItemTags;
[21:37:47] [main/DEBUG]: Skipping Lnet/minecraft/tags/FluidTags;
[21:37:47] [main/DEBUG]: Skipping Lnet/minecraft/tags/BlockTags;
[21:37:47] [main/DEBUG]: Skipping Lnet/minecraft/stats/package-info;
[21:37:47] [main/DEBUG]: Skipping Lnet/minecraft/stats/StatsCounter;
[21:37:47] [main/DEBUG]: Skipping Lnet/minecraft/stats/Stats;
[21:37:47] [main/DEBUG]: Skipping Lnet/minecraft/stats/StatType;
[21:37:47] [main/DEBUG]: Skipping Lnet/minecraft/stats/StatFormatter;
[21:37:47] [main/DEBUG]: Skipping Lnet/minecraft/stats/Stat;
[21:37:47] [main/DEBUG]: Skipping Lnet/minecraft/stats/ServerStatsCounter;
[21:37:47] [main/DEBUG]: Skipping Lnet/minecraft/stats/ServerRecipeBook;
[21:37:47] [main/DEBUG]: Skipping Lnet/minecraft/stats/RecipeBook;
[21:37:47] [main/DEBUG]: Skipping Lnet/minecraft/stats/RecipeBookSettings;
[21:37:47] [main/DEBUG]: Skipping Lnet/minecraft/stats/RecipeBookSettings$TypeSettings;
[21:37:47] [main/DEBUG]: Skipping Lnet/minecraft/sounds/package-info;
[21:37:47] [main/DEBUG]: Skipping Lnet/minecraft/sounds/SoundSource;
[21:37:47] [main/DEBUG]: Skipping Lnet/minecraft/sounds/SoundEvents;
[21:37:47] [main/DEBUG]: Skipping Lnet/minecraft/sounds/SoundEvent;
[21:37:47] [main/DEBUG]: Skipping Lnet/minecraft/sounds/Musics;
[21:37:47] [main/DEBUG]: Skipping Lnet/minecraft/sounds/Music;
[21:37:47] [main/DEBUG]: Skipping Lnet/minecraft/server/rcon/thread/package-info;
[21:37:47] [main/DEBUG]: Skipping Lnet/minecraft/server/rcon/thread/RconThread;
[21:37:47] [main/DEBUG]: Skipping Lnet/minecraft/server/rcon/thread/QueryThreadGs4;
[21:37:47] [main/DEBUG]: Skipping Lnet/minecraft/server/rcon/thread/QueryThreadGs4$RequestChallenge;
[21:37:47] [main/DEBUG]: Skipping Lnet/minecraft/server/rcon/thread/GenericThread;
[21:37:47] [main/DEBUG]: Skipping Lnet/minecraft/server/rcon/thread/RconClient;
[21:37:47] [main/DEBUG]: Skipping Lnet/minecraft/server/rcon/package-info;
[21:37:47] [main/DEBUG]: Skipping Lnet/minecraft/server/rcon/PktUtils;
[21:37:47] [main/DEBUG]: Skipping Lnet/minecraft/server/rcon/NetworkDataOutputStream;
[21:37:47] [main/DEBUG]: Skipping Lnet/minecraft/server/rcon/RconConsoleSource;
[21:37:47] [main/DEBUG]: Skipping Lnet/minecraft/server/players/package-info;
[21:37:47] [main/DEBUG]: Skipping Lnet/minecraft/server/players/UserWhiteListEntry;
[21:37:47] [main/DEBUG]: Skipping Lnet/minecraft/server/players/UserWhiteList;
[21:37:47] [main/DEBUG]: Skipping Lnet/minecraft/server/players/UserBanListEntry;
[21:37:47] [main/DEBUG]: Skipping Lnet/minecraft/server/players/UserBanList;
[21:37:47] [main/DEBUG]: Skipping Lnet/minecraft/server/players/StoredUserList;
[21:37:47] [main/DEBUG]: Skipping Lnet/minecraft/server/players/StoredUserEntry;
[21:37:47] [main/DEBUG]: Skipping Lnet/minecraft/server/players/SleepStatus;
[21:37:47] [main/DEBUG]: Skipping Lnet/minecraft/server/players/ServerOpListEntry;
[21:37:47] [main/DEBUG]: Skipping Lnet/minecraft/server/players/ServerOpList;
[21:37:47] [main/DEBUG]: Skipping Lnet/minecraft/server/players/OldUsersConverter;
[21:37:47] [main/DEBUG]: Skipping Lnet/minecraft/server/players/OldUsersConverter$ConversionError;
[21:37:47] [main/DEBUG]: Skipping Lnet/minecraft/server/players/OldUsersConverter$5;
[21:37:47] [main/DEBUG]: Skipping Lnet/minecraft/server/players/OldUsersConverter$4;
[21:37:47] [main/DEBUG]: Skipping Lnet/minecraft/server/players/OldUsersConverter$3;
[21:37:47] [main/DEBUG]: Skipping Lnet/minecraft/server/players/OldUsersConverter$2;
[21:37:47] [main/DEBUG]: Skipping Lnet/minecraft/server/players/OldUsersConverter$1;
[21:37:47] [main/DEBUG]: Skipping Lnet/minecraft/server/players/IpBanListEntry;
[21:37:47] [main/DEBUG]: Skipping Lnet/minecraft/server/players/IpBanList;
[21:37:47] [main/DEBUG]: Skipping Lnet/minecraft/server/players/GameProfileCache;
[21:37:47] [main/DEBUG]: Skipping Lnet/minecraft/server/players/GameProfileCache$GameProfileInfo;
[21:37:47] [main/DEBUG]: Skipping Lnet/minecraft/server/players/GameProfileCache$1;
[21:37:47] [main/DEBUG]: Skipping Lnet/minecraft/server/players/BanListEntry;
[21:37:47] [main/DEBUG]: Skipping Lnet/minecraft/server/players/PlayerList;
[21:37:47] [main/DEBUG]: Skipping Lnet/minecraft/server/players/PlayerList$1;
[21:37:47] [main/DEBUG]: Skipping Lnet/minecraft/server/packs/resources/package-info;
[21:37:47] [main/DEBUG]: Skipping Lnet/minecraft/server/packs/resources/SimpleReloadInstance;
[21:37:47] [main/DEBUG]: Skipping Lnet/minecraft/server/packs/resources/SimpleReloadInstance$StateFactory;
[21:37:47] [main/DEBUG]: Skipping Lnet/minecraft/server/packs/resources/SimpleReloadInstance$1;
[21:37:47] [main/DEBUG]: Skipping Lnet/minecraft/server/packs/resources/SimplePreparableReloadListener;
[21:37:47] [main/DEBUG]: Skipping Lnet/minecraft/server/packs/resources/ResourceProvider;
[21:37:47] [main/DEBUG]: Skipping Lnet/minecraft/server/packs/resources/ResourceMetadata;
[21:37:47] [main/DEBUG]: Skipping Lnet/minecraft/server/packs/resources/ResourceMetadata$2;
[21:37:47] [main/DEBUG]: Skipping Lnet/minecraft/server/packs/resources/ResourceMetadata$1;
[21:37:47] [main/DEBUG]: Skipping Lnet/minecraft/server/packs/resources/ResourceManagerReloadListener;
[21:37:47] [main/DEBUG]: Skipping Lnet/minecraft/server/packs/resources/ResourceManager;
[21:37:47] [main/DEBUG]: Skipping Lnet/minecraft/server/packs/resources/ResourceManager$Empty;
[21:37:47] [main/DEBUG]: Skipping Lnet/minecraft/server/packs/resources/ResourceFilterSection;
[21:37:47] [main/DEBUG]: Skipping Lnet/minecraft/server/packs/resources/ResourceFilterSection$ResourceLocationPattern;
[21:37:47] [main/DEBUG]: Skipping Lnet/minecraft/server/packs/resources/ResourceFilterSection$1;
[21:37:47] [main/DEBUG]: Skipping Lnet/minecraft/server/packs/resources/Resource;
[21:37:47] [main/DEBUG]: Skipping Lnet/minecraft/server/packs/resources/Resource$IoSupplier;
[21:37:47] [main/DEBUG]: Skipping Lnet/minecraft/server/packs/resources/ReloadInstance;
[21:37:47] [main/DEBUG]: Skipping Lnet/minecraft/server/packs/resources/ProfiledReloadInstance;
[21:37:47] [main/DEBUG]: Skipping Lnet/minecraft/server/packs/resources/ProfiledReloadInstance$State;
[21:37:47] [main/DEBUG]: Skipping Lnet/minecraft/server/packs/resources/PreparableReloadListener;
[21:37:47] [main/DEBUG]: Skipping Lnet/minecraft/server/packs/resources/PreparableReloadListener$PreparationBarrier;
[21:37:47] [main/DEBUG]: Transforming class Lnet/minecraft/server/packs/resources/FallbackResourceManager;
[21:37:47] [main/DEBUG]: Transforming net/minecraft/server/packs/resources/FallbackResourceManager FIELD f_10599_ to access PUBLIC and LEAVE
[21:37:47] [main/DEBUG]: Skipping Lnet/minecraft/server/packs/resources/FallbackResourceManager$SinglePackResourceThunkSupplier;
[21:37:47] [main/DEBUG]: Skipping Lnet/minecraft/server/packs/resources/FallbackResourceManager$PackEntry;
[21:37:47] [main/DEBUG]: Skipping Lnet/minecraft/server/packs/resources/FallbackResourceManager$LeakedResourceWarningInputStream;
[21:37:47] [main/DEBUG]: Skipping Lnet/minecraft/server/packs/resources/FallbackResourceManager$EntryStack;
[21:37:47] [main/DEBUG]: Skipping Lnet/minecraft/server/packs/resources/CloseableResourceManager;
[21:37:47] [main/DEBUG]: Skipping Lnet/minecraft/server/packs/resources/SimpleJsonResourceReloadListener;
[21:37:47] [main/DEBUG]: Skipping Lnet/minecraft/server/packs/resources/ReloadableResourceManager;
[21:37:47] [main/DEBUG]: Skipping Lnet/minecraft/server/packs/resources/MultiPackResourceManager;
[21:37:47] [main/DEBUG]: Skipping Lnet/minecraft/server/packs/repository/package-info;
[21:37:47] [main/DEBUG]: Skipping Lnet/minecraft/server/packs/repository/ServerPacksSource;
[21:37:47] [main/DEBUG]: Skipping Lnet/minecraft/server/packs/repository/RepositorySource;
[21:37:47] [main/DEBUG]: Skipping Lnet/minecraft/server/packs/repository/PackSource;
[21:37:47] [main/DEBUG]: Skipping Lnet/minecraft/server/packs/repository/FolderRepositorySource;
[21:37:47] [main/DEBUG]: Skipping Lnet/minecraft/server/packs/repository/PackRepository;
[21:37:47] [main/DEBUG]: Skipping Lnet/minecraft/server/packs/repository/PackCompatibility;
[21:37:47] [main/DEBUG]: Skipping Lnet/minecraft/server/packs/repository/Pack;
[21:37:47] [main/DEBUG]: Skipping Lnet/minecraft/server/packs/repository/Pack$Position;
[21:37:47] [main/DEBUG]: Skipping Lnet/minecraft/server/packs/repository/Pack$PackConstructor;
[21:37:47] [main/DEBUG]: Skipping Lnet/minecraft/server/packs/package-info;
[21:37:47] [main/DEBUG]: Skipping Lnet/minecraft/server/packs/metadata/package-info;
[21:37:47] [main/DEBUG]: Skipping Lnet/minecraft/server/packs/metadata/pack/package-info;
[21:37:47] [main/DEBUG]: Skipping Lnet/minecraft/server/packs/metadata/pack/PackMetadataSectionSerializer;
[21:37:47] [main/DEBUG]: Skipping Lnet/minecraft/server/packs/metadata/pack/PackMetadataSection;
[21:37:47] [main/DEBUG]: Skipping Lnet/minecraft/server/packs/metadata/MetadataSectionSerializer;
[21:37:47] [main/DEBUG]: Skipping Lnet/minecraft/server/packs/ResourcePackFileNotFoundException;
[21:37:47] [main/DEBUG]: Transforming class Lnet/minecraft/server/packs/PackType;
[21:37:47] [main/DEBUG]: Transforming net/minecraft/server/packs/PackType FIELD f_143750_ to access PUBLIC and LEAVE
[21:37:47] [main/DEBUG]: Skipping Lnet/minecraft/server/packs/FolderPackResources;
[21:37:47] [main/DEBUG]: Skipping Lnet/minecraft/server/packs/FilePackResources;
[21:37:47] [main/DEBUG]: Skipping Lnet/minecraft/server/packs/VanillaPackResources;
[21:37:47] [main/DEBUG]: Skipping Lnet/minecraft/server/packs/PackResources;
[21:37:47] [main/DEBUG]: Transforming class Lnet/minecraft/server/packs/AbstractPackResources;
[21:37:47] [main/DEBUG]: Transforming net/minecraft/server/packs/AbstractPackResources FIELD f_10203_ to access PUBLIC and LEAVE
[21:37:47] [main/DEBUG]: Skipping Lnet/minecraft/server/package-info;
[21:37:47] [main/DEBUG]: Skipping Lnet/minecraft/server/network/package-info;
[21:37:47] [main/DEBUG]: Skipping Lnet/minecraft/server/network/TextFilterClient;
[21:37:47] [main/DEBUG]: Skipping Lnet/minecraft/server/network/TextFilterClient$RequestFailedException;
[21:37:47] [main/DEBUG]: Skipping Lnet/minecraft/server/network/TextFilterClient$PlayerContext;
[21:37:47] [main/DEBUG]: Skipping Lnet/minecraft/server/network/TextFilterClient$MessageEncoder;
[21:37:47] [main/DEBUG]: Skipping Lnet/minecraft/server/network/TextFilterClient$JoinOrLeaveEncoder;
[21:37:47] [main/DEBUG]: Skipping Lnet/minecraft/server/network/TextFilterClient$IgnoreStrategy;
[21:37:47] [main/DEBUG]: Skipping Lnet/minecraft/server/network/TextFilter;
[21:37:47] [main/DEBUG]: Skipping Lnet/minecraft/server/network/TextFilter$1;
[21:37:47] [main/DEBUG]: Skipping Lnet/minecraft/server/network/ServerStatusPacketListenerImpl;
[21:37:47] [main/DEBUG]: Skipping Lnet/minecraft/server/network/ServerPlayerConnection;
[21:37:47] [main/DEBUG]: Skipping Lnet/minecraft/server/network/LegacyQueryHandler;
[21:37:47] [main/DEBUG]: Skipping Lnet/minecraft/server/network/FilteredText;
[21:37:47] [main/DEBUG]: Transforming class Lnet/minecraft/server/network/ServerLoginPacketListenerImpl;
[21:37:47] [main/DEBUG]: Transforming net/minecraft/server/network/ServerLoginPacketListenerImpl FIELD f_10021_ to access PUBLIC and LEAVE
[21:37:47] [main/DEBUG]: Skipping Lnet/minecraft/server/network/ServerLoginPacketListenerImpl$State;
[21:37:47] [main/DEBUG]: Skipping Lnet/minecraft/server/network/ServerLoginPacketListenerImpl$1;
[21:37:47] [main/DEBUG]: Skipping Lnet/minecraft/server/network/ServerHandshakePacketListenerImpl;
[21:37:47] [main/DEBUG]: Skipping Lnet/minecraft/server/network/ServerHandshakePacketListenerImpl$1;
[21:37:47] [main/DEBUG]: Skipping Lnet/minecraft/server/network/ServerGamePacketListenerImpl;
[21:37:47] [main/DEBUG]: Skipping Lnet/minecraft/server/network/ServerGamePacketListenerImpl$EntityInteraction;
[21:37:47] [main/DEBUG]: Skipping Lnet/minecraft/server/network/ServerGamePacketListenerImpl$2;
[21:37:47] [main/DEBUG]: Skipping Lnet/minecraft/server/network/ServerGamePacketListenerImpl$1;
[21:37:47] [main/DEBUG]: Skipping Lnet/minecraft/server/network/ServerConnectionListener;
[21:37:47] [main/DEBUG]: Skipping Lnet/minecraft/server/network/ServerConnectionListener$LatencySimulator;
[21:37:47] [main/DEBUG]: Skipping Lnet/minecraft/server/network/ServerConnectionListener$LatencySimulator$DelayedMessage;
[21:37:47] [main/DEBUG]: Skipping Lnet/minecraft/server/network/ServerConnectionListener$2;
[21:37:47] [main/DEBUG]: Skipping Lnet/minecraft/server/network/ServerConnectionListener$1;
[21:37:47] [main/DEBUG]: Skipping Lnet/minecraft/server/network/MemoryServerHandshakePacketListenerImpl;
[21:37:47] [main/DEBUG]: Skipping Lnet/minecraft/server/level/progress/package-info;
[21:37:47] [main/DEBUG]: Skipping Lnet/minecraft/server/level/progress/StoringChunkProgressListener;
[21:37:47] [main/DEBUG]: Skipping Lnet/minecraft/server/level/progress/ProcessorChunkProgressListener;
[21:37:47] [main/DEBUG]: Skipping Lnet/minecraft/server/level/progress/LoggerChunkProgressListener;
[21:37:47] [main/DEBUG]: Skipping Lnet/minecraft/server/level/progress/ChunkProgressListenerFactory;
[21:37:47] [main/DEBUG]: Skipping Lnet/minecraft/server/level/progress/ChunkProgressListener;
[21:37:47] [main/DEBUG]: Skipping Lnet/minecraft/server/level/package-info;
[21:37:47] [main/DEBUG]: Skipping Lnet/minecraft/server/level/WorldGenRegion;
[21:37:47] [main/DEBUG]: Skipping Lnet/minecraft/server/level/TickingTracker;
[21:37:47] [main/DEBUG]: Skipping Lnet/minecraft/server/level/TicketType;
[21:37:47] [main/DEBUG]: Skipping Lnet/minecraft/server/level/ThreadedLevelLightEngine;
[21:37:47] [main/DEBUG]: Skipping Lnet/minecraft/server/level/ThreadedLevelLightEngine$TaskType;
[21:37:47] [main/DEBUG]: Skipping Lnet/minecraft/server/level/ServerBossEvent;
[21:37:47] [main/DEBUG]: Skipping Lnet/minecraft/server/level/SectionTracker;
[21:37:47] [main/DEBUG]: Skipping Lnet/minecraft/server/level/PlayerRespawnLogic;
[21:37:47] [main/DEBUG]: Skipping Lnet/minecraft/server/level/PlayerMap;
[21:37:47] [main/DEBUG]: Skipping Lnet/minecraft/server/level/DemoMode;
[21:37:47] [main/DEBUG]: Skipping Lnet/minecraft/server/level/ColumnPos;
[21:37:47] [main/DEBUG]: Skipping Lnet/minecraft/server/level/ChunkTracker;
[21:37:47] [main/DEBUG]: Skipping Lnet/minecraft/server/level/ChunkTaskPriorityQueueSorter;
[21:37:47] [main/DEBUG]: Skipping Lnet/minecraft/server/level/ChunkTaskPriorityQueueSorter$Release;
[21:37:47] [main/DEBUG]: Skipping Lnet/minecraft/server/level/ChunkTaskPriorityQueueSorter$Message;
[21:37:47] [main/DEBUG]: Skipping Lnet/minecraft/server/level/ChunkTaskPriorityQueue;
[21:37:47] [main/DEBUG]: Skipping Lnet/minecraft/server/level/BlockDestructionProgress;
[21:37:47] [main/DEBUG]: Skipping Lnet/minecraft/server/level/Ticket;
[21:37:47] [main/DEBUG]: Skipping Lnet/minecraft/server/level/ServerPlayerGameMode;
[21:37:47] [main/DEBUG]: Transforming class Lnet/minecraft/server/level/ServerPlayer;
[21:37:47] [main/DEBUG]: Transforming net/minecraft/server/level/ServerPlayer FIELD f_8940_ to access PUBLIC and LEAVE
[21:37:47] [main/DEBUG]: Transforming net/minecraft/server/level/ServerPlayer METHOD m_143399_(Lnet/minecraft/world/inventory/AbstractContainerMenu;)V to access PUBLIC and LEAVE
[21:37:47] [main/DEBUG]: Transforming net/minecraft/server/level/ServerPlayer METHOD m_9217_()V to access PUBLIC and LEAVE
[21:37:47] [main/DEBUG]: Skipping Lnet/minecraft/server/level/ServerPlayer$2;
[21:37:47] [main/DEBUG]: Skipping Lnet/minecraft/server/level/ServerPlayer$1;
[21:37:47] [main/DEBUG]: Transforming class Lnet/minecraft/server/level/ServerLevel;
[21:37:47] [main/DEBUG]: Transforming net/minecraft/server/level/ServerLevel METHOD m_142646_()Lnet/minecraft/world/level/entity/LevelEntityGetter; to access PUBLIC and LEAVE
[21:37:47] [main/DEBUG]: Skipping Lnet/minecraft/server/level/ServerLevel$EntityCallbacks;
[21:37:47] [main/DEBUG]: Skipping Lnet/minecraft/server/level/ServerEntity;
[21:37:47] [main/DEBUG]: Transforming class Lnet/minecraft/server/level/ServerChunkCache;
[21:37:47] [main/DEBUG]: Transforming net/minecraft/server/level/ServerChunkCache FIELD f_8329_ to access PUBLIC and LEAVE
[21:37:47] [main/DEBUG]: Skipping Lnet/minecraft/server/level/ServerChunkCache$MainThreadExecutor;
[21:37:47] [main/DEBUG]: Skipping Lnet/minecraft/server/level/ServerChunkCache$ChunkAndHolder;
[21:37:47] [main/DEBUG]: Skipping Lnet/minecraft/server/level/DistanceManager;
[21:37:47] [main/DEBUG]: Skipping Lnet/minecraft/server/level/DistanceManager$PlayerTicketTracker;
[21:37:47] [main/DEBUG]: Skipping Lnet/minecraft/server/level/DistanceManager$FixedPlayerDistanceChunkTracker;
[21:37:47] [main/DEBUG]: Skipping Lnet/minecraft/server/level/DistanceManager$ChunkTicketTracker;
[21:37:47] [main/DEBUG]: Skipping Lnet/minecraft/server/level/ChunkMap;
[21:37:47] [main/DEBUG]: Skipping Lnet/minecraft/server/level/ChunkMap$TrackedEntity;
[21:37:47] [main/DEBUG]: Skipping Lnet/minecraft/server/level/ChunkMap$DistanceManager;
[21:37:47] [main/DEBUG]: Skipping Lnet/minecraft/server/level/ChunkMap$2;
[21:37:47] [main/DEBUG]: Skipping Lnet/minecraft/server/level/ChunkMap$1;
[21:37:47] [main/DEBUG]: Skipping Lnet/minecraft/server/level/ChunkHolder;
[21:37:47] [main/DEBUG]: Skipping Lnet/minecraft/server/level/ChunkHolder$PlayerProvider;
[21:37:47] [main/DEBUG]: Skipping Lnet/minecraft/server/level/ChunkHolder$LevelChangeListener;
[21:37:47] [main/DEBUG]: Skipping Lnet/minecraft/server/level/ChunkHolder$FullChunkStatus;
[21:37:47] [main/DEBUG]: Skipping Lnet/minecraft/server/level/ChunkHolder$ChunkSaveDebug;
[21:37:47] [main/DEBUG]: Skipping Lnet/minecraft/server/level/ChunkHolder$ChunkLoadingFailure;
[21:37:47] [main/DEBUG]: Skipping Lnet/minecraft/server/level/ChunkHolder$ChunkLoadingFailure$1;
[21:37:47] [main/DEBUG]: Skipping Lnet/minecraft/server/level/ChunkHolder$1;
[21:37:47] [main/DEBUG]: Skipping Lnet/minecraft/server/gui/package-info;
[21:37:47] [main/DEBUG]: Skipping Lnet/minecraft/server/gui/StatsComponent;
[21:37:47] [main/DEBUG]: Skipping Lnet/minecraft/server/gui/PlayerListComponent;
[21:37:47] [main/DEBUG]: Skipping Lnet/minecraft/server/gui/MinecraftServerGui;
[21:37:47] [main/DEBUG]: Skipping Lnet/minecraft/server/gui/MinecraftServerGui$2;
[21:37:47] [main/DEBUG]: Skipping Lnet/minecraft/server/gui/MinecraftServerGui$1;
[21:37:47] [main/DEBUG]: Skipping Lnet/minecraft/server/dedicated/package-info;
[21:37:47] [main/DEBUG]: Skipping Lnet/minecraft/server/dedicated/DedicatedServerSettings;
[21:37:47] [main/DEBUG]: Skipping Lnet/minecraft/server/dedicated/DedicatedServerProperties;
[21:37:47] [main/DEBUG]: Skipping Lnet/minecraft/server/dedicated/DedicatedServerProperties$WorldGenProperties;
[21:37:47] [main/DEBUG]: Skipping Lnet/minecraft/server/dedicated/DedicatedPlayerList;
[21:37:47] [main/DEBUG]: Skipping Lnet/minecraft/server/dedicated/Settings;
[21:37:47] [main/DEBUG]: Skipping Lnet/minecraft/server/dedicated/Settings$MutableValue;
[21:37:47] [main/DEBUG]: Skipping Lnet/minecraft/server/dedicated/ServerWatchdog;
[21:37:47] [main/DEBUG]: Skipping Lnet/minecraft/server/dedicated/ServerWatchdog$1;
[21:37:47] [main/DEBUG]: Transforming class Lnet/minecraft/server/dedicated/DedicatedServer;
[21:37:47] [main/DEBUG]: Transforming net/minecraft/server/dedicated/DedicatedServer FIELD f_139600_ to access PUBLIC and LEAVE
[21:37:47] [main/DEBUG]: Skipping Lnet/minecraft/server/dedicated/DedicatedServer$1;
[21:37:47] [main/DEBUG]: Skipping Lnet/minecraft/server/commands/package-info;
[21:37:47] [main/DEBUG]: Skipping Lnet/minecraft/server/commands/data/package-info;
[21:37:47] [main/DEBUG]: Skipping Lnet/minecraft/server/commands/data/StorageDataAccessor;
[21:37:47] [main/DEBUG]: Skipping Lnet/minecraft/server/commands/data/StorageDataAccessor$1;
[21:37:47] [main/DEBUG]: Skipping Lnet/minecraft/server/commands/data/EntityDataAccessor;
[21:37:47] [main/DEBUG]: Skipping Lnet/minecraft/server/commands/data/EntityDataAccessor$1;
[21:37:47] [main/DEBUG]: Skipping Lnet/minecraft/server/commands/data/DataCommands;
[21:37:47] [main/DEBUG]: Skipping Lnet/minecraft/server/commands/data/DataCommands$DataProvider;
[21:37:47] [main/DEBUG]: Skipping Lnet/minecraft/server/commands/data/DataCommands$DataManipulatorDecorator;
[21:37:47] [main/DEBUG]: Skipping Lnet/minecraft/server/commands/data/DataCommands$DataManipulator;
[21:37:47] [main/DEBUG]: Skipping Lnet/minecraft/server/commands/data/DataAccessor;
[21:37:47] [main/DEBUG]: Skipping Lnet/minecraft/server/commands/data/BlockDataAccessor;
[21:37:47] [main/DEBUG]: Skipping Lnet/minecraft/server/commands/data/BlockDataAccessor$1;
[21:37:47] [main/DEBUG]: Skipping Lnet/minecraft/server/commands/WorldBorderCommand;
[21:37:47] [main/DEBUG]: Skipping Lnet/minecraft/server/commands/WhitelistCommand;
[21:37:47] [main/DEBUG]: Skipping Lnet/minecraft/server/commands/WeatherCommand;
[21:37:47] [main/DEBUG]: Skipping Lnet/minecraft/server/commands/WardenSpawnTrackerCommand;
[21:37:47] [main/DEBUG]: Skipping Lnet/minecraft/server/commands/TriggerCommand;
[21:37:47] [main/DEBUG]: Skipping Lnet/minecraft/server/commands/TitleCommand;
[21:37:47] [main/DEBUG]: Skipping Lnet/minecraft/server/commands/TimeCommand;
[21:37:47] [main/DEBUG]: Skipping Lnet/minecraft/server/commands/TellRawCommand;
[21:37:47] [main/DEBUG]: Skipping Lnet/minecraft/server/commands/TeamMsgCommand;
[21:37:47] [main/DEBUG]: Skipping Lnet/minecraft/server/commands/TeamCommand;
[21:37:47] [main/DEBUG]: Skipping Lnet/minecraft/server/commands/TagCommand;
[21:37:47] [main/DEBUG]: Skipping Lnet/minecraft/server/commands/StopSoundCommand;
[21:37:47] [main/DEBUG]: Skipping Lnet/minecraft/server/commands/StopCommand;
[21:37:47] [main/DEBUG]: Skipping Lnet/minecraft/server/commands/SpectateCommand;
[21:37:47] [main/DEBUG]: Skipping Lnet/minecraft/server/commands/SetWorldSpawnCommand;
[21:37:47] [main/DEBUG]: Skipping Lnet/minecraft/server/commands/SetSpawnCommand;
[21:37:47] [main/DEBUG]: Skipping Lnet/minecraft/server/commands/SetPlayerIdleTimeoutCommand;
[21:37:47] [main/DEBUG]: Skipping Lnet/minecraft/server/commands/SetBlockCommand;
[21:37:47] [main/DEBUG]: Skipping Lnet/minecraft/server/commands/SetBlockCommand$Mode;
[21:37:47] [main/DEBUG]: Skipping Lnet/minecraft/server/commands/SetBlockCommand$Filter;
[21:37:47] [main/DEBUG]: Skipping Lnet/minecraft/server/commands/SeedCommand;
[21:37:47] [main/DEBUG]: Skipping Lnet/minecraft/server/commands/ScoreboardCommand;
[21:37:47] [main/DEBUG]: Skipping Lnet/minecraft/server/commands/ScheduleCommand;
[21:37:47] [main/DEBUG]: Skipping Lnet/minecraft/server/commands/SayCommand;
[21:37:47] [main/DEBUG]: Skipping Lnet/minecraft/server/commands/SaveOnCommand;
[21:37:47] [main/DEBUG]: Skipping Lnet/minecraft/server/commands/SaveOffCommand;
[21:37:47] [main/DEBUG]: Skipping Lnet/minecraft/server/commands/SaveAllCommand;
[21:37:47] [main/DEBUG]: Skipping Lnet/minecraft/server/commands/ResetChunksCommand;
[21:37:47] [main/DEBUG]: Skipping Lnet/minecraft/server/commands/ReloadCommand;
[21:37:47] [main/DEBUG]: Skipping Lnet/minecraft/server/commands/RecipeCommand;
[21:37:47] [main/DEBUG]: Skipping Lnet/minecraft/server/commands/RaidCommand;
[21:37:47] [main/DEBUG]: Skipping Lnet/minecraft/server/commands/PublishCommand;
[21:37:47] [main/DEBUG]: Skipping Lnet/minecraft/server/commands/PlaySoundCommand;
[21:37:47] [main/DEBUG]: Skipping Lnet/minecraft/server/commands/PlaceCommand;
[21:37:47] [main/DEBUG]: Skipping Lnet/minecraft/server/commands/PerfCommand;
[21:37:47] [main/DEBUG]: Skipping Lnet/minecraft/server/commands/ParticleCommand;
[21:37:47] [main/DEBUG]: Skipping Lnet/minecraft/server/commands/PardonIpCommand;
[21:37:47] [main/DEBUG]: Skipping Lnet/minecraft/server/commands/PardonCommand;
[21:37:47] [main/DEBUG]: Skipping Lnet/minecraft/server/commands/OpCommand;
[21:37:47] [main/DEBUG]: Skipping Lnet/minecraft/server/commands/MsgCommand;
[21:37:47] [main/DEBUG]: Skipping Lnet/minecraft/server/commands/LootCommand;
[21:37:47] [main/DEBUG]: Skipping Lnet/minecraft/server/commands/LootCommand$TailProvider;
[21:37:47] [main/DEBUG]: Skipping Lnet/minecraft/server/commands/LootCommand$DropConsumer;
[21:37:47] [main/DEBUG]: Skipping Lnet/minecraft/server/commands/LootCommand$Callback;
[21:37:47] [main/DEBUG]: Skipping Lnet/minecraft/server/commands/LocateCommand;
[21:37:47] [main/DEBUG]: Skipping Lnet/minecraft/server/commands/ListPlayersCommand;
[21:37:47] [main/DEBUG]: Skipping Lnet/minecraft/server/commands/KillCommand;
[21:37:47] [main/DEBUG]: Skipping Lnet/minecraft/server/commands/KickCommand;
[21:37:47] [main/DEBUG]: Skipping Lnet/minecraft/server/commands/JfrCommand;
[21:37:47] [main/DEBUG]: Skipping Lnet/minecraft/server/commands/ItemCommands;
[21:37:47] [main/DEBUG]: Skipping Lnet/minecraft/server/commands/HelpCommand;
[21:37:47] [main/DEBUG]: Skipping Lnet/minecraft/server/commands/GiveCommand;
[21:37:47] [main/DEBUG]: Skipping Lnet/minecraft/server/commands/GameRuleCommand;
[21:37:47] [main/DEBUG]: Skipping Lnet/minecraft/server/commands/GameRuleCommand$1;
[21:37:47] [main/DEBUG]: Skipping Lnet/minecraft/server/commands/GameModeCommand;
[21:37:47] [main/DEBUG]: Skipping Lnet/minecraft/server/commands/FunctionCommand;
[21:37:47] [main/DEBUG]: Skipping Lnet/minecraft/server/commands/ForceLoadCommand;
[21:37:47] [main/DEBUG]: Skipping Lnet/minecraft/server/commands/FillCommand;
[21:37:47] [main/DEBUG]: Skipping Lnet/minecraft/server/commands/FillCommand$Mode;
[21:37:47] [main/DEBUG]: Skipping Lnet/minecraft/server/commands/ExperienceCommand;
[21:37:47] [main/DEBUG]: Skipping Lnet/minecraft/server/commands/ExperienceCommand$Type;
[21:37:47] [main/DEBUG]: Skipping Lnet/minecraft/server/commands/ExecuteCommand;
[21:37:47] [main/DEBUG]: Skipping Lnet/minecraft/server/commands/ExecuteCommand$CommandPredicate;
[21:37:47] [main/DEBUG]: Skipping Lnet/minecraft/server/commands/ExecuteCommand$CommandNumericPredicate;
[21:37:47] [main/DEBUG]: Skipping Lnet/minecraft/server/commands/EnchantCommand;
[21:37:47] [main/DEBUG]: Skipping Lnet/minecraft/server/commands/EmoteCommands;
[21:37:47] [main/DEBUG]: Skipping Lnet/minecraft/server/commands/EffectCommands;
[21:37:47] [main/DEBUG]: Skipping Lnet/minecraft/server/commands/DifficultyCommand;
[21:37:47] [main/DEBUG]: Skipping Lnet/minecraft/server/commands/DefaultGameModeCommands;
[21:37:47] [main/DEBUG]: Skipping Lnet/minecraft/server/commands/DebugPathCommand;
[21:37:47] [main/DEBUG]: Skipping Lnet/minecraft/server/commands/DebugMobSpawningCommand;
[21:37:47] [main/DEBUG]: Skipping Lnet/minecraft/server/commands/DebugCommand;
[21:37:47] [main/DEBUG]: Skipping Lnet/minecraft/server/commands/DebugCommand$Tracer;
[21:37:47] [main/DEBUG]: Skipping Lnet/minecraft/server/commands/DeOpCommands;
[21:37:47] [main/DEBUG]: Skipping Lnet/minecraft/server/commands/DataPackCommand;
[21:37:47] [main/DEBUG]: Skipping Lnet/minecraft/server/commands/DataPackCommand$Inserter;
[21:37:47] [main/DEBUG]: Skipping Lnet/minecraft/server/commands/CloneCommands;
[21:37:47] [main/DEBUG]: Skipping Lnet/minecraft/server/commands/CloneCommands$Mode;
[21:37:47] [main/DEBUG]: Skipping Lnet/minecraft/server/commands/CloneCommands$CloneBlockInfo;
[21:37:47] [main/DEBUG]: Skipping Lnet/minecraft/server/commands/ClearInventoryCommands;
[21:37:47] [main/DEBUG]: Skipping Lnet/minecraft/server/commands/ChaseCommand;
[21:37:47] [main/DEBUG]: Skipping Lnet/minecraft/server/commands/BossBarCommands;
[21:37:47] [main/DEBUG]: Skipping Lnet/minecraft/server/commands/BanPlayerCommands;
[21:37:47] [main/DEBUG]: Skipping Lnet/minecraft/server/commands/BanListCommands;
[21:37:47] [main/DEBUG]: Skipping Lnet/minecraft/server/commands/BanIpCommands;
[21:37:47] [main/DEBUG]: Skipping Lnet/minecraft/server/commands/AttributeCommand;
[21:37:47] [main/DEBUG]: Skipping Lnet/minecraft/server/commands/AdvancementCommands;
[21:37:47] [main/DEBUG]: Skipping Lnet/minecraft/server/commands/AdvancementCommands$Mode;
[21:37:47] [main/DEBUG]: Skipping Lnet/minecraft/server/commands/AdvancementCommands$Action;
[21:37:47] [main/DEBUG]: Skipping Lnet/minecraft/server/commands/AdvancementCommands$Action$2;
[21:37:47] [main/DEBUG]: Skipping Lnet/minecraft/server/commands/AdvancementCommands$Action$1;
[21:37:47] [main/DEBUG]: Skipping Lnet/minecraft/server/commands/TeleportCommand;
[21:37:47] [main/DEBUG]: Skipping Lnet/minecraft/server/commands/TeleportCommand$LookAt;
[21:37:47] [main/DEBUG]: Skipping Lnet/minecraft/server/commands/SummonCommand;
[21:37:47] [main/DEBUG]: Skipping Lnet/minecraft/server/commands/SpreadPlayersCommand;
[21:37:47] [main/DEBUG]: Skipping Lnet/minecraft/server/commands/SpreadPlayersCommand$Position;
[21:37:47] [main/DEBUG]: Skipping Lnet/minecraft/server/chase/package-info;
[21:37:47] [main/DEBUG]: Skipping Lnet/minecraft/server/chase/ChaseServer;
[21:37:47] [main/DEBUG]: Skipping Lnet/minecraft/server/chase/ChaseServer$PlayerPosition;
[21:37:47] [main/DEBUG]: Skipping Lnet/minecraft/server/chase/ChaseClient;
[21:37:47] [main/DEBUG]: Skipping Lnet/minecraft/server/chase/ChaseClient$TeleportTarget;
[21:37:47] [main/DEBUG]: Skipping Lnet/minecraft/server/bossevents/package-info;
[21:37:47] [main/DEBUG]: Skipping Lnet/minecraft/server/bossevents/CustomBossEvents;
[21:37:47] [main/DEBUG]: Skipping Lnet/minecraft/server/bossevents/CustomBossEvent;
[21:37:47] [main/DEBUG]: Skipping Lnet/minecraft/server/WorldStem;
[21:37:47] [main/DEBUG]: Skipping Lnet/minecraft/server/WorldLoader;
[21:37:47] [main/DEBUG]: Skipping Lnet/minecraft/server/WorldLoader$WorldDataSupplier;
[21:37:47] [main/DEBUG]: Skipping Lnet/minecraft/server/WorldLoader$ResultFactory;
[21:37:47] [main/DEBUG]: Skipping Lnet/minecraft/server/WorldLoader$PackConfig;
[21:37:47] [main/DEBUG]: Skipping Lnet/minecraft/server/WorldLoader$InitConfig;
[21:37:47] [main/DEBUG]: Skipping Lnet/minecraft/server/TickTask;
[21:37:47] [main/DEBUG]: Skipping Lnet/minecraft/server/Services;
[21:37:47] [main/DEBUG]: Skipping Lnet/minecraft/server/ServerScoreboard;
[21:37:47] [main/DEBUG]: Skipping Lnet/minecraft/server/ServerScoreboard$Method;
[21:37:47] [main/DEBUG]: Skipping Lnet/minecraft/server/ServerInterface;
[21:37:47] [main/DEBUG]: Skipping Lnet/minecraft/server/ServerFunctionManager;
[21:37:47] [main/DEBUG]: Skipping Lnet/minecraft/server/ServerFunctionManager$TraceCallbacks;
[21:37:47] [main/DEBUG]: Skipping Lnet/minecraft/server/ServerFunctionManager$QueuedCommand;
[21:37:47] [main/DEBUG]: Skipping Lnet/minecraft/server/ServerFunctionManager$ExecutionContext;
[21:37:47] [main/DEBUG]: Skipping Lnet/minecraft/server/ServerFunctionLibrary;
[21:37:47] [main/DEBUG]: Skipping Lnet/minecraft/server/RunningOnDifferentThreadException;
[21:37:47] [main/DEBUG]: Skipping Lnet/minecraft/server/LoggedPrintStream;
[21:37:47] [main/DEBUG]: Skipping Lnet/minecraft/server/DebugLoggedPrintStream;
[21:37:47] [main/DEBUG]: Skipping Lnet/minecraft/server/ConsoleInput;
[21:37:47] [main/DEBUG]: Skipping Lnet/minecraft/server/ChainedJsonException;
[21:37:47] [main/DEBUG]: Skipping Lnet/minecraft/server/ChainedJsonException$Entry;
[21:37:47] [main/DEBUG]: Skipping Lnet/minecraft/server/ServerAdvancementManager;
[21:37:47] [main/DEBUG]: Skipping Lnet/minecraft/server/ReloadableServerResources;
[21:37:47] [main/DEBUG]: Skipping Lnet/minecraft/server/PlayerAdvancements;
[21:37:47] [main/DEBUG]: Skipping Lnet/minecraft/server/PlayerAdvancements$1;
[21:37:47] [main/DEBUG]: Transforming class Lnet/minecraft/server/MinecraftServer;
[21:37:47] [main/DEBUG]: Transforming net/minecraft/server/MinecraftServer INNERCLASS ReloadableResources to access PUBLIC and LEAVE
[21:37:47] [main/DEBUG]: Transforming net/minecraft/server/MinecraftServer FIELD f_129726_ to access PROTECTED and LEAVE
[21:37:47] [main/DEBUG]: Skipping Lnet/minecraft/server/MinecraftServer$TimeProfiler;
[21:37:47] [main/DEBUG]: Skipping Lnet/minecraft/server/MinecraftServer$TimeProfiler$1;
[21:37:47] [main/DEBUG]: Skipping Lnet/minecraft/server/MinecraftServer$ServerResourcePackInfo;
[21:37:47] [main/DEBUG]: Transforming class Lnet/minecraft/server/MinecraftServer$ReloadableResources;
[21:37:47] [main/DEBUG]: Transforming net/minecraft/server/MinecraftServer$ReloadableResources CLASS to access PUBLIC and LEAVE
[21:37:47] [main/DEBUG]: Skipping Lnet/minecraft/server/MinecraftServer$1;
[21:37:47] [main/DEBUG]: Skipping Lnet/minecraft/server/Main;
[21:37:47] [main/DEBUG]: Skipping Lnet/minecraft/server/Main$1;
[21:37:47] [main/DEBUG]: Skipping Lnet/minecraft/server/Eula;
[21:37:47] [main/DEBUG]: Skipping Lnet/minecraft/server/Bootstrap;
[21:37:47] [main/DEBUG]: Skipping Lnet/minecraft/server/Bootstrap$1;
[21:37:47] [main/DEBUG]: Skipping Lnet/minecraft/resources/package-info;
[21:37:47] [main/DEBUG]: Transforming class Lnet/minecraft/resources/RegistryOps;
[21:37:47] [main/DEBUG]: Transforming net/minecraft/resources/RegistryOps FIELD f_206806_ to access PUBLIC and LEAVE
[21:37:47] [main/DEBUG]: Skipping Lnet/minecraft/resources/RegistryFixedCodec;
[21:37:47] [main/DEBUG]: Skipping Lnet/minecraft/resources/RegistryFileCodec;
[21:37:47] [main/DEBUG]: Skipping Lnet/minecraft/resources/DelegatingOps;
[21:37:47] [main/DEBUG]: Transforming class Lnet/minecraft/resources/ResourceLocation;
[21:37:47] [main/DEBUG]: Transforming net/minecraft/resources/ResourceLocation METHOD m_135841_(Ljava/lang/String;)Z to access PUBLIC and LEAVE
[21:37:47] [main/DEBUG]: Transforming net/minecraft/resources/ResourceLocation METHOD m_135843_(Ljava/lang/String;)Z to access PUBLIC and LEAVE
[21:37:47] [main/DEBUG]: Transforming net/minecraft/resources/ResourceLocation METHOD m_135835_(C)Z to access PUBLIC and LEAVE
[21:37:47] [main/DEBUG]: Skipping Lnet/minecraft/resources/ResourceLocation$Serializer;
[21:37:47] [main/DEBUG]: Skipping Lnet/minecraft/resources/ResourceKey;
[21:37:47] [main/DEBUG]: Skipping Lnet/minecraft/resources/RegistryResourceAccess;
[21:37:47] [main/DEBUG]: Skipping Lnet/minecraft/resources/RegistryResourceAccess$ParsedEntry;
[21:37:47] [main/DEBUG]: Skipping Lnet/minecraft/resources/RegistryResourceAccess$InMemoryStorage;
[21:37:47] [main/DEBUG]: Skipping Lnet/minecraft/resources/RegistryResourceAccess$InMemoryStorage$Entry;
[21:37:47] [main/DEBUG]: Skipping Lnet/minecraft/resources/RegistryResourceAccess$EntryThunk;
[21:37:47] [main/DEBUG]: Skipping Lnet/minecraft/resources/RegistryResourceAccess$1;
[21:37:47] [main/DEBUG]: Skipping Lnet/minecraft/resources/RegistryLoader;
[21:37:47] [main/DEBUG]: Skipping Lnet/minecraft/resources/RegistryLoader$ReadCache;
[21:37:47] [main/DEBUG]: Skipping Lnet/minecraft/resources/RegistryLoader$Bound;
[21:37:47] [main/DEBUG]: Skipping Lnet/minecraft/resources/HolderSetCodec;
[21:37:47] [main/DEBUG]: Skipping Lnet/minecraft/recipebook/package-info;
[21:37:47] [main/DEBUG]: Skipping Lnet/minecraft/recipebook/ServerPlaceRecipe;
[21:37:47] [main/DEBUG]: Skipping Lnet/minecraft/recipebook/PlaceRecipe;
[21:37:47] [main/DEBUG]: Skipping Lnet/minecraft/realms/package-info;
[21:37:47] [main/DEBUG]: Skipping Lnet/minecraft/realms/RepeatedNarrator;
[21:37:47] [main/DEBUG]: Skipping Lnet/minecraft/realms/RepeatedNarrator$Params;
[21:37:47] [main/DEBUG]: Skipping Lnet/minecraft/realms/RealmsScreen;
[21:37:47] [main/DEBUG]: Skipping Lnet/minecraft/realms/RealmsObjectSelectionList;
[21:37:47] [main/DEBUG]: Skipping Lnet/minecraft/realms/RealmsLabel;
[21:37:47] [main/DEBUG]: Skipping Lnet/minecraft/realms/RealmsConnect;
[21:37:47] [main/DEBUG]: Skipping Lnet/minecraft/realms/RealmsConnect$1;
[21:37:47] [main/DEBUG]: Skipping Lnet/minecraft/realms/DisconnectedRealmsScreen;
[21:37:47] [main/DEBUG]: Skipping Lnet/minecraft/package-info;
[21:37:47] [main/DEBUG]: Skipping Lnet/minecraft/obfuscate/package-info;
[21:37:47] [main/DEBUG]: Skipping Lnet/minecraft/obfuscate/DontObfuscate;
[21:37:47] [main/DEBUG]: Skipping Lnet/minecraft/network/syncher/package-info;
[21:37:47] [main/DEBUG]: Skipping Lnet/minecraft/network/syncher/EntityDataSerializer;
[21:37:47] [main/DEBUG]: Skipping Lnet/minecraft/network/syncher/EntityDataSerializer$ForValueType;
[21:37:47] [main/DEBUG]: Skipping Lnet/minecraft/network/syncher/EntityDataSerializer$1;
[21:37:47] [main/DEBUG]: Skipping Lnet/minecraft/network/syncher/EntityDataAccessor;
[21:37:47] [main/DEBUG]: Skipping Lnet/minecraft/network/syncher/SynchedEntityData;
[21:37:47] [main/DEBUG]: Skipping Lnet/minecraft/network/syncher/SynchedEntityData$DataItem;
[21:37:47] [main/DEBUG]: Skipping Lnet/minecraft/network/syncher/EntityDataSerializers;
[21:37:47] [main/DEBUG]: Skipping Lnet/minecraft/network/syncher/EntityDataSerializers$7;
[21:37:47] [main/DEBUG]: Skipping Lnet/minecraft/network/syncher/EntityDataSerializers$6;
[21:37:47] [main/DEBUG]: Skipping Lnet/minecraft/network/syncher/EntityDataSerializers$5;
[21:37:47] [main/DEBUG]: Skipping Lnet/minecraft/network/syncher/EntityDataSerializers$4;
[21:37:47] [main/DEBUG]: Skipping Lnet/minecraft/network/syncher/EntityDataSerializers$3;
[21:37:47] [main/DEBUG]: Skipping Lnet/minecraft/network/syncher/EntityDataSerializers$2;
[21:37:47] [main/DEBUG]: Skipping Lnet/minecraft/network/syncher/EntityDataSerializers$1;
[21:37:47] [main/DEBUG]: Skipping Lnet/minecraft/network/protocol/status/package-info;
[21:37:47] [main/DEBUG]: Skipping Lnet/minecraft/network/protocol/status/ServerboundStatusRequestPacket;
[21:37:47] [main/DEBUG]: Skipping Lnet/minecraft/network/protocol/status/ServerboundPingRequestPacket;
[21:37:47] [main/DEBUG]: Skipping Lnet/minecraft/network/protocol/status/ServerStatusPacketListener;
[21:37:47] [main/DEBUG]: Skipping Lnet/minecraft/network/protocol/status/ClientboundPongResponsePacket;
[21:37:47] [main/DEBUG]: Skipping Lnet/minecraft/network/protocol/status/ClientStatusPacketListener;
[21:37:47] [main/DEBUG]: Skipping Lnet/minecraft/network/protocol/status/ServerStatus;
[21:37:47] [main/DEBUG]: Skipping Lnet/minecraft/network/protocol/status/ServerStatus$Version;
[21:37:47] [main/DEBUG]: Skipping Lnet/minecraft/network/protocol/status/ServerStatus$Version$Serializer;
[21:37:47] [main/DEBUG]: Skipping Lnet/minecraft/network/protocol/status/ServerStatus$Serializer;
[21:37:47] [main/DEBUG]: Skipping Lnet/minecraft/network/protocol/status/ServerStatus$Players;
[21:37:47] [main/DEBUG]: Skipping Lnet/minecraft/network/protocol/status/ServerStatus$Players$Serializer;
[21:37:47] [main/DEBUG]: Transforming class Lnet/minecraft/network/protocol/status/ClientboundStatusResponsePacket;
[21:37:47] [main/DEBUG]: Transforming net/minecraft/network/protocol/status/ClientboundStatusResponsePacket FIELD f_134885_ to access PUBLIC and LEAVE
[21:37:47] [main/DEBUG]: Skipping Lnet/minecraft/network/protocol/package-info;
[21:37:47] [main/DEBUG]: Skipping Lnet/minecraft/network/protocol/login/package-info;
[21:37:47] [main/DEBUG]: Skipping Lnet/minecraft/network/protocol/login/ServerboundKeyPacket;
[21:37:47] [main/DEBUG]: Skipping Lnet/minecraft/network/protocol/login/ServerboundHelloPacket;
[21:37:47] [main/DEBUG]: Skipping Lnet/minecraft/network/protocol/login/ServerLoginPacketListener;
[21:37:47] [main/DEBUG]: Skipping Lnet/minecraft/network/protocol/login/ClientboundLoginDisconnectPacket;
[21:37:47] [main/DEBUG]: Skipping Lnet/minecraft/network/protocol/login/ClientboundLoginCompressionPacket;
[21:37:47] [main/DEBUG]: Skipping Lnet/minecraft/network/protocol/login/ClientboundHelloPacket;
[21:37:47] [main/DEBUG]: Skipping Lnet/minecraft/network/protocol/login/ClientboundGameProfilePacket;
[21:37:47] [main/DEBUG]: Skipping Lnet/minecraft/network/protocol/login/ClientLoginPacketListener;
[21:37:47] [main/DEBUG]: Skipping Lnet/minecraft/network/protocol/login/ServerboundCustomQueryPacket;
[21:37:47] [main/DEBUG]: Skipping Lnet/minecraft/network/protocol/login/ClientboundCustomQueryPacket;
[21:37:47] [main/DEBUG]: Skipping Lnet/minecraft/network/protocol/handshake/package-info;
[21:37:47] [main/DEBUG]: Skipping Lnet/minecraft/network/protocol/handshake/ServerHandshakePacketListener;
[21:37:47] [main/DEBUG]: Skipping Lnet/minecraft/network/protocol/handshake/ClientIntentionPacket;
[21:37:47] [main/DEBUG]: Skipping Lnet/minecraft/network/protocol/game/package-info;
[21:37:47] [main/DEBUG]: Skipping Lnet/minecraft/network/protocol/game/VecDeltaCodec;
[21:37:47] [main/DEBUG]: Skipping Lnet/minecraft/network/protocol/game/ServerboundUseItemPacket;
[21:37:47] [main/DEBUG]: Skipping Lnet/minecraft/network/protocol/game/ServerboundUseItemOnPacket;
[21:37:47] [main/DEBUG]: Skipping Lnet/minecraft/network/protocol/game/ServerboundTeleportToEntityPacket;
[21:37:47] [main/DEBUG]: Skipping Lnet/minecraft/network/protocol/game/ServerboundSwingPacket;
[21:37:47] [main/DEBUG]: Skipping Lnet/minecraft/network/protocol/game/ServerboundSignUpdatePacket;
[21:37:47] [main/DEBUG]: Skipping Lnet/minecraft/network/protocol/game/ServerboundSetStructureBlockPacket;
[21:37:47] [main/DEBUG]: Skipping Lnet/minecraft/network/protocol/game/ServerboundSetJigsawBlockPacket;
[21:37:47] [main/DEBUG]: Skipping Lnet/minecraft/network/protocol/game/ServerboundSetCommandMinecartPacket;
[21:37:47] [main/DEBUG]: Skipping Lnet/minecraft/network/protocol/game/ServerboundSetCommandBlockPacket;
[21:37:47] [main/DEBUG]: Skipping Lnet/minecraft/network/protocol/game/ServerboundSetCarriedItemPacket;
[21:37:47] [main/DEBUG]: Skipping Lnet/minecraft/network/protocol/game/ServerboundSetBeaconPacket;
[21:37:47] [main/DEBUG]: Skipping Lnet/minecraft/network/protocol/game/ServerboundSelectTradePacket;
[21:37:47] [main/DEBUG]: Skipping Lnet/minecraft/network/protocol/game/ServerboundSeenAdvancementsPacket;
[21:37:47] [main/DEBUG]: Skipping Lnet/minecraft/network/protocol/game/ServerboundSeenAdvancementsPacket$Action;
[21:37:47] [main/DEBUG]: Skipping Lnet/minecraft/network/protocol/game/ServerboundResourcePackPacket;
[21:37:47] [main/DEBUG]: Skipping Lnet/minecraft/network/protocol/game/ServerboundResourcePackPacket$Action;
[21:37:47] [main/DEBUG]: Skipping Lnet/minecraft/network/protocol/game/ServerboundRenameItemPacket;
[21:37:47] [main/DEBUG]: Skipping Lnet/minecraft/network/protocol/game/ServerboundRecipeBookSeenRecipePacket;
[21:37:47] [main/DEBUG]: Skipping Lnet/minecraft/network/protocol/game/ServerboundRecipeBookChangeSettingsPacket;
[21:37:47] [main/DEBUG]: Skipping Lnet/minecraft/network/protocol/game/ServerboundPongPacket;
[21:37:47] [main/DEBUG]: Skipping Lnet/minecraft/network/protocol/game/ServerboundPlayerInputPacket;
[21:37:47] [main/DEBUG]: Skipping Lnet/minecraft/network/protocol/game/ServerboundPlayerCommandPacket;
[21:37:47] [main/DEBUG]: Skipping Lnet/minecraft/network/protocol/game/ServerboundPlayerCommandPacket$Action;
[21:37:47] [main/DEBUG]: Skipping Lnet/minecraft/network/protocol/game/ServerboundPlayerActionPacket;
[21:37:47] [main/DEBUG]: Skipping Lnet/minecraft/network/protocol/game/ServerboundPlayerActionPacket$Action;
[21:37:47] [main/DEBUG]: Skipping Lnet/minecraft/network/protocol/game/ServerboundPlayerAbilitiesPacket;
[21:37:47] [main/DEBUG]: Skipping Lnet/minecraft/network/protocol/game/ServerboundPlaceRecipePacket;
[21:37:47] [main/DEBUG]: Skipping Lnet/minecraft/network/protocol/game/ServerboundPickItemPacket;
[21:37:47] [main/DEBUG]: Skipping Lnet/minecraft/network/protocol/game/ServerboundPaddleBoatPacket;
[21:37:47] [main/DEBUG]: Skipping Lnet/minecraft/network/protocol/game/ServerboundMoveVehiclePacket;
[21:37:47] [main/DEBUG]: Skipping Lnet/minecraft/network/protocol/game/ServerboundMovePlayerPacket;
[21:37:47] [main/DEBUG]: Skipping Lnet/minecraft/network/protocol/game/ServerboundMovePlayerPacket$StatusOnly;
[21:37:47] [main/DEBUG]: Skipping Lnet/minecraft/network/protocol/game/ServerboundMovePlayerPacket$Rot;
[21:37:47] [main/DEBUG]: Skipping Lnet/minecraft/network/protocol/game/ServerboundMovePlayerPacket$PosRot;
[21:37:47] [main/DEBUG]: Skipping Lnet/minecraft/network/protocol/game/ServerboundMovePlayerPacket$Pos;
[21:37:47] [main/DEBUG]: Skipping Lnet/minecraft/network/protocol/game/ServerboundLockDifficultyPacket;
[21:37:47] [main/DEBUG]: Skipping Lnet/minecraft/network/protocol/game/ServerboundKeepAlivePacket;
[21:37:47] [main/DEBUG]: Skipping Lnet/minecraft/network/protocol/game/ServerboundJigsawGeneratePacket;
[21:37:47] [main/DEBUG]: Skipping Lnet/minecraft/network/protocol/game/ServerboundInteractPacket;
[21:37:47] [main/DEBUG]: Skipping Lnet/minecraft/network/protocol/game/ServerboundInteractPacket$InteractionAtLocationAction;
[21:37:47] [main/DEBUG]: Skipping Lnet/minecraft/network/protocol/game/ServerboundInteractPacket$InteractionAction;
[21:37:47] [main/DEBUG]: Skipping Lnet/minecraft/network/protocol/game/ServerboundInteractPacket$Handler;
[21:37:47] [main/DEBUG]: Skipping Lnet/minecraft/network/protocol/game/ServerboundInteractPacket$ActionType;
[21:37:47] [main/DEBUG]: Skipping Lnet/minecraft/network/protocol/game/ServerboundInteractPacket$Action;
[21:37:47] [main/DEBUG]: Skipping Lnet/minecraft/network/protocol/game/ServerboundInteractPacket$1;
[21:37:47] [main/DEBUG]: Skipping Lnet/minecraft/network/protocol/game/ServerboundEntityTagQuery;
[21:37:47] [main/DEBUG]: Skipping Lnet/minecraft/network/protocol/game/ServerboundEditBookPacket;
[21:37:47] [main/DEBUG]: Skipping Lnet/minecraft/network/protocol/game/ServerboundContainerClosePacket;
[21:37:47] [main/DEBUG]: Skipping Lnet/minecraft/network/protocol/game/ServerboundContainerButtonClickPacket;
[21:37:47] [main/DEBUG]: Skipping Lnet/minecraft/network/protocol/game/ServerboundCommandSuggestionPacket;
[21:37:47] [main/DEBUG]: Skipping Lnet/minecraft/network/protocol/game/ServerboundClientInformationPacket;
[21:37:47] [main/DEBUG]: Skipping Lnet/minecraft/network/protocol/game/ServerboundClientCommandPacket;
[21:37:47] [main/DEBUG]: Skipping Lnet/minecraft/network/protocol/game/ServerboundClientCommandPacket$Action;
[21:37:47] [main/DEBUG]: Skipping Lnet/minecraft/network/protocol/game/ServerboundChatPreviewPacket;
[21:37:47] [main/DEBUG]: Skipping Lnet/minecraft/network/protocol/game/ServerboundChatPacket;
[21:37:47] [main/DEBUG]: Skipping Lnet/minecraft/network/protocol/game/ServerboundChatCommandPacket;
[21:37:47] [main/DEBUG]: Skipping Lnet/minecraft/network/protocol/game/ServerboundChatAckPacket;
[21:37:47] [main/DEBUG]: Skipping Lnet/minecraft/network/protocol/game/ServerboundChangeDifficultyPacket;
[21:37:47] [main/DEBUG]: Skipping Lnet/minecraft/network/protocol/game/ServerboundBlockEntityTagQuery;
[21:37:47] [main/DEBUG]: Skipping Lnet/minecraft/network/protocol/game/ServerboundAcceptTeleportationPacket;
[21:37:47] [main/DEBUG]: Skipping Lnet/minecraft/network/protocol/game/ServerPacketListener;
[21:37:47] [main/DEBUG]: Skipping Lnet/minecraft/network/protocol/game/ServerGamePacketListener;
[21:37:47] [main/DEBUG]: Skipping Lnet/minecraft/network/protocol/game/DebugPackets;
[21:37:47] [main/DEBUG]: Skipping Lnet/minecraft/network/protocol/game/DebugEntityNameGenerator;
[21:37:47] [main/DEBUG]: Skipping Lnet/minecraft/network/protocol/game/ClientboundUpdateTagsPacket;
[21:37:47] [main/DEBUG]: Skipping Lnet/minecraft/network/protocol/game/ClientboundUpdateRecipesPacket;
[21:37:47] [main/DEBUG]: Skipping Lnet/minecraft/network/protocol/game/ClientboundUpdateMobEffectPacket;
[21:37:47] [main/DEBUG]: Skipping Lnet/minecraft/network/protocol/game/ClientboundUpdateAttributesPacket;
[21:37:47] [main/DEBUG]: Skipping Lnet/minecraft/network/protocol/game/ClientboundUpdateAttributesPacket$AttributeSnapshot;
[21:37:47] [main/DEBUG]: Skipping Lnet/minecraft/network/protocol/game/ClientboundUpdateAdvancementsPacket;
[21:37:47] [main/DEBUG]: Skipping Lnet/minecraft/network/protocol/game/ClientboundTeleportEntityPacket;
[21:37:47] [main/DEBUG]: Skipping Lnet/minecraft/network/protocol/game/ClientboundTakeItemEntityPacket;
[21:37:47] [main/DEBUG]: Skipping Lnet/minecraft/network/protocol/game/ClientboundTagQueryPacket;
[21:37:47] [main/DEBUG]: Skipping Lnet/minecraft/network/protocol/game/ClientboundTabListPacket;
[21:37:47] [main/DEBUG]: Skipping Lnet/minecraft/network/protocol/game/ClientboundSystemChatPacket;
[21:37:47] [main/DEBUG]: Skipping Lnet/minecraft/network/protocol/game/ClientboundStopSoundPacket;
[21:37:47] [main/DEBUG]: Skipping Lnet/minecraft/network/protocol/game/ClientboundSoundPacket;
[21:37:47] [main/DEBUG]: Skipping Lnet/minecraft/network/protocol/game/ClientboundSoundEntityPacket;
[21:37:47] [main/DEBUG]: Skipping Lnet/minecraft/network/protocol/game/ClientboundSetTitlesAnimationPacket;
[21:37:47] [main/DEBUG]: Skipping Lnet/minecraft/network/protocol/game/ClientboundSetTitleTextPacket;
[21:37:47] [main/DEBUG]: Skipping Lnet/minecraft/network/protocol/game/ClientboundSetTimePacket;
[21:37:47] [main/DEBUG]: Skipping Lnet/minecraft/network/protocol/game/ClientboundSetSubtitleTextPacket;
[21:37:47] [main/DEBUG]: Skipping Lnet/minecraft/network/protocol/game/ClientboundSetSimulationDistancePacket;
[21:37:47] [main/DEBUG]: Skipping Lnet/minecraft/network/protocol/game/ClientboundSetScorePacket;
[21:37:47] [main/DEBUG]: Skipping Lnet/minecraft/network/protocol/game/ClientboundSetPlayerTeamPacket;
[21:37:47] [main/DEBUG]: Skipping Lnet/minecraft/network/protocol/game/ClientboundSetPlayerTeamPacket$Parameters;
[21:37:47] [main/DEBUG]: Skipping Lnet/minecraft/network/protocol/game/ClientboundSetPlayerTeamPacket$Action;
[21:37:47] [main/DEBUG]: Skipping Lnet/minecraft/network/protocol/game/ClientboundSetPassengersPacket;
[21:37:47] [main/DEBUG]: Skipping Lnet/minecraft/network/protocol/game/ClientboundSetObjectivePacket;
[21:37:47] [main/DEBUG]: Skipping Lnet/minecraft/network/protocol/game/ClientboundSetHealthPacket;
[21:37:47] [main/DEBUG]: Skipping Lnet/minecraft/network/protocol/game/ClientboundSetExperiencePacket;
[21:37:47] [main/DEBUG]: Skipping Lnet/minecraft/network/protocol/game/ClientboundSetEquipmentPacket;
[21:37:47] [main/DEBUG]: Skipping Lnet/minecraft/network/protocol/game/ClientboundSetEntityMotionPacket;
[21:37:47] [main/DEBUG]: Skipping Lnet/minecraft/network/protocol/game/ClientboundSetEntityLinkPacket;
[21:37:47] [main/DEBUG]: Skipping Lnet/minecraft/network/protocol/game/ClientboundSetEntityDataPacket;
[21:37:47] [main/DEBUG]: Skipping Lnet/minecraft/network/protocol/game/ClientboundSetDisplayObjectivePacket;
[21:37:47] [main/DEBUG]: Skipping Lnet/minecraft/network/protocol/game/ClientboundSetDisplayChatPreviewPacket;
[21:37:47] [main/DEBUG]: Skipping Lnet/minecraft/network/protocol/game/ClientboundSetDefaultSpawnPositionPacket;
[21:37:47] [main/DEBUG]: Skipping Lnet/minecraft/network/protocol/game/ClientboundSetChunkCacheRadiusPacket;
[21:37:47] [main/DEBUG]: Skipping Lnet/minecraft/network/protocol/game/ClientboundSetChunkCacheCenterPacket;
[21:37:47] [main/DEBUG]: Skipping Lnet/minecraft/network/protocol/game/ClientboundSetCarriedItemPacket;
[21:37:47] [main/DEBUG]: Skipping Lnet/minecraft/network/protocol/game/ClientboundSetCameraPacket;
[21:37:47] [main/DEBUG]: Skipping Lnet/minecraft/network/protocol/game/ClientboundSetBorderWarningDistancePacket;
[21:37:47] [main/DEBUG]: Skipping Lnet/minecraft/network/protocol/game/ClientboundSetBorderWarningDelayPacket;
[21:37:47] [main/DEBUG]: Skipping Lnet/minecraft/network/protocol/game/ClientboundSetBorderSizePacket;
[21:37:47] [main/DEBUG]: Skipping Lnet/minecraft/network/protocol/game/ClientboundSetBorderLerpSizePacket;
[21:37:47] [main/DEBUG]: Skipping Lnet/minecraft/network/protocol/game/ClientboundSetBorderCenterPacket;
[21:37:47] [main/DEBUG]: Skipping Lnet/minecraft/network/protocol/game/ClientboundSetActionBarTextPacket;
[21:37:47] [main/DEBUG]: Skipping Lnet/minecraft/network/protocol/game/ClientboundServerDataPacket;
[21:37:47] [main/DEBUG]: Skipping Lnet/minecraft/network/protocol/game/ClientboundSelectAdvancementsTabPacket;
[21:37:47] [main/DEBUG]: Skipping Lnet/minecraft/network/protocol/game/ClientboundSectionBlocksUpdatePacket;
[21:37:47] [main/DEBUG]: Skipping Lnet/minecraft/network/protocol/game/ClientboundRotateHeadPacket;
[21:37:47] [main/DEBUG]: Skipping Lnet/minecraft/network/protocol/game/ClientboundRespawnPacket;
[21:37:47] [main/DEBUG]: Skipping Lnet/minecraft/network/protocol/game/ClientboundResourcePackPacket;
[21:37:47] [main/DEBUG]: Skipping Lnet/minecraft/network/protocol/game/ClientboundRemoveMobEffectPacket;
[21:37:47] [main/DEBUG]: Skipping Lnet/minecraft/network/protocol/game/ClientboundRemoveEntitiesPacket;
[21:37:47] [main/DEBUG]: Skipping Lnet/minecraft/network/protocol/game/ClientboundRecipePacket;
[21:37:47] [main/DEBUG]: Skipping Lnet/minecraft/network/protocol/game/ClientboundRecipePacket$State;
[21:37:47] [main/DEBUG]: Skipping Lnet/minecraft/network/protocol/game/ClientboundPlayerPositionPacket;
[21:37:47] [main/DEBUG]: Skipping Lnet/minecraft/network/protocol/game/ClientboundPlayerPositionPacket$RelativeArgument;
[21:37:47] [main/DEBUG]: Skipping Lnet/minecraft/network/protocol/game/ClientboundPlayerLookAtPacket;
[21:37:47] [main/DEBUG]: Skipping Lnet/minecraft/network/protocol/game/ClientboundPlayerInfoPacket;
[21:37:47] [main/DEBUG]: Skipping Lnet/minecraft/network/protocol/game/ClientboundPlayerInfoPacket$PlayerUpdate;
[21:37:47] [main/DEBUG]: Skipping Lnet/minecraft/network/protocol/game/ClientboundPlayerInfoPacket$Action;
[21:37:47] [main/DEBUG]: Skipping Lnet/minecraft/network/protocol/game/ClientboundPlayerInfoPacket$Action$5;
[21:37:47] [main/DEBUG]: Skipping Lnet/minecraft/network/protocol/game/ClientboundPlayerInfoPacket$Action$4;
[21:37:47] [main/DEBUG]: Skipping Lnet/minecraft/network/protocol/game/ClientboundPlayerInfoPacket$Action$3;
[21:37:47] [main/DEBUG]: Skipping Lnet/minecraft/network/protocol/game/ClientboundPlayerInfoPacket$Action$2;
[21:37:47] [main/DEBUG]: Skipping Lnet/minecraft/network/protocol/game/ClientboundPlayerInfoPacket$Action$1;
[21:37:47] [main/DEBUG]: Skipping Lnet/minecraft/network/protocol/game/ClientboundPlayerCombatKillPacket;
[21:37:47] [main/DEBUG]: Skipping Lnet/minecraft/network/protocol/game/ClientboundPlayerCombatEnterPacket;
[21:37:47] [main/DEBUG]: Skipping Lnet/minecraft/network/protocol/game/ClientboundPlayerCombatEndPacket;
[21:37:47] [main/DEBUG]: Skipping Lnet/minecraft/network/protocol/game/ClientboundPlayerChatPacket;
[21:37:47] [main/DEBUG]: Skipping Lnet/minecraft/network/protocol/game/ClientboundPlayerChatHeaderPacket;
[21:37:47] [main/DEBUG]: Skipping Lnet/minecraft/network/protocol/game/ClientboundPlayerAbilitiesPacket;
[21:37:47] [main/DEBUG]: Skipping Lnet/minecraft/network/protocol/game/ClientboundPlaceGhostRecipePacket;
[21:37:47] [main/DEBUG]: Skipping Lnet/minecraft/network/protocol/game/ClientboundPingPacket;
[21:37:47] [main/DEBUG]: Skipping Lnet/minecraft/network/protocol/game/ClientboundOpenSignEditorPacket;
[21:37:47] [main/DEBUG]: Skipping Lnet/minecraft/network/protocol/game/ClientboundOpenScreenPacket;
[21:37:47] [main/DEBUG]: Skipping Lnet/minecraft/network/protocol/game/ClientboundOpenBookPacket;
[21:37:47] [main/DEBUG]: Skipping Lnet/minecraft/network/protocol/game/ClientboundMoveVehiclePacket;
[21:37:47] [main/DEBUG]: Skipping Lnet/minecraft/network/protocol/game/ClientboundMoveEntityPacket;
[21:37:47] [main/DEBUG]: Skipping Lnet/minecraft/network/protocol/game/ClientboundMoveEntityPacket$Rot;
[21:37:47] [main/DEBUG]: Skipping Lnet/minecraft/network/protocol/game/ClientboundMoveEntityPacket$PosRot;
[21:37:47] [main/DEBUG]: Skipping Lnet/minecraft/network/protocol/game/ClientboundMoveEntityPacket$Pos;
[21:37:47] [main/DEBUG]: Skipping Lnet/minecraft/network/protocol/game/ClientboundMerchantOffersPacket;
[21:37:47] [main/DEBUG]: Skipping Lnet/minecraft/network/protocol/game/ClientboundMapItemDataPacket;
[21:37:47] [main/DEBUG]: Skipping Lnet/minecraft/network/protocol/game/ClientboundLoginPacket;
[21:37:47] [main/DEBUG]: Skipping Lnet/minecraft/network/protocol/game/ClientboundLightUpdatePacketData;
[21:37:47] [main/DEBUG]: Skipping Lnet/minecraft/network/protocol/game/ClientboundLightUpdatePacket;
[21:37:47] [main/DEBUG]: Skipping Lnet/minecraft/network/protocol/game/ClientboundLevelParticlesPacket;
[21:37:47] [main/DEBUG]: Skipping Lnet/minecraft/network/protocol/game/ClientboundLevelEventPacket;
[21:37:47] [main/DEBUG]: Skipping Lnet/minecraft/network/protocol/game/ClientboundLevelChunkWithLightPacket;
[21:37:47] [main/DEBUG]: Skipping Lnet/minecraft/network/protocol/game/ClientboundLevelChunkPacketData;
[21:37:47] [main/DEBUG]: Skipping Lnet/minecraft/network/protocol/game/ClientboundLevelChunkPacketData$BlockEntityTagOutput;
[21:37:47] [main/DEBUG]: Skipping Lnet/minecraft/network/protocol/game/ClientboundLevelChunkPacketData$BlockEntityInfo;
[21:37:47] [main/DEBUG]: Skipping Lnet/minecraft/network/protocol/game/ClientboundKeepAlivePacket;
[21:37:47] [main/DEBUG]: Skipping Lnet/minecraft/network/protocol/game/ClientboundInitializeBorderPacket;
[21:37:47] [main/DEBUG]: Skipping Lnet/minecraft/network/protocol/game/ClientboundHorseScreenOpenPacket;
[21:37:47] [main/DEBUG]: Skipping Lnet/minecraft/network/protocol/game/ClientboundGameEventPacket;
[21:37:47] [main/DEBUG]: Skipping Lnet/minecraft/network/protocol/game/ClientboundGameEventPacket$Type;
[21:37:47] [main/DEBUG]: Skipping Lnet/minecraft/network/protocol/game/ClientboundForgetLevelChunkPacket;
[21:37:47] [main/DEBUG]: Skipping Lnet/minecraft/network/protocol/game/ClientboundExplodePacket;
[21:37:47] [main/DEBUG]: Skipping Lnet/minecraft/network/protocol/game/ClientboundEntityEventPacket;
[21:37:47] [main/DEBUG]: Skipping Lnet/minecraft/network/protocol/game/ClientboundDisconnectPacket;
[21:37:47] [main/DEBUG]: Skipping Lnet/minecraft/network/protocol/game/ClientboundDeleteChatPacket;
[21:37:47] [main/DEBUG]: Skipping Lnet/minecraft/network/protocol/game/ClientboundCustomSoundPacket;
[21:37:47] [main/DEBUG]: Skipping Lnet/minecraft/network/protocol/game/ClientboundCustomChatCompletionsPacket;
[21:37:47] [main/DEBUG]: Skipping Lnet/minecraft/network/protocol/game/ClientboundCustomChatCompletionsPacket$Action;
[21:37:47] [main/DEBUG]: Skipping Lnet/minecraft/network/protocol/game/ClientboundCooldownPacket;
[21:37:47] [main/DEBUG]: Skipping Lnet/minecraft/network/protocol/game/ClientboundContainerSetSlotPacket;
[21:37:47] [main/DEBUG]: Skipping Lnet/minecraft/network/protocol/game/ClientboundContainerSetDataPacket;
[21:37:47] [main/DEBUG]: Skipping Lnet/minecraft/network/protocol/game/ClientboundContainerSetContentPacket;
[21:37:47] [main/DEBUG]: Skipping Lnet/minecraft/network/protocol/game/ClientboundContainerClosePacket;
[21:37:47] [main/DEBUG]: Skipping Lnet/minecraft/network/protocol/game/ClientboundCommandsPacket;
[21:37:47] [main/DEBUG]: Skipping Lnet/minecraft/network/protocol/game/ClientboundCommandsPacket$NodeStub;
[21:37:47] [main/DEBUG]: Skipping Lnet/minecraft/network/protocol/game/ClientboundCommandsPacket$NodeResolver;
[21:37:47] [main/DEBUG]: Skipping Lnet/minecraft/network/protocol/game/ClientboundCommandsPacket$LiteralNodeStub;
[21:37:47] [main/DEBUG]: Skipping Lnet/minecraft/network/protocol/game/ClientboundCommandsPacket$Entry;
[21:37:47] [main/DEBUG]: Skipping Lnet/minecraft/network/protocol/game/ClientboundCommandsPacket$ArgumentNodeStub;
[21:37:47] [main/DEBUG]: Skipping Lnet/minecraft/network/protocol/game/ClientboundCommandSuggestionsPacket;
[21:37:47] [main/DEBUG]: Skipping Lnet/minecraft/network/protocol/game/ClientboundClearTitlesPacket;
[21:37:47] [main/DEBUG]: Skipping Lnet/minecraft/network/protocol/game/ClientboundChatPreviewPacket;
[21:37:47] [main/DEBUG]: Skipping Lnet/minecraft/network/protocol/game/ClientboundChangeDifficultyPacket;
[21:37:47] [main/DEBUG]: Skipping Lnet/minecraft/network/protocol/game/ClientboundBossEventPacket;
[21:37:47] [main/DEBUG]: Skipping Lnet/minecraft/network/protocol/game/ClientboundBossEventPacket$UpdateStyleOperation;
[21:37:47] [main/DEBUG]: Skipping Lnet/minecraft/network/protocol/game/ClientboundBossEventPacket$UpdatePropertiesOperation;
[21:37:47] [main/DEBUG]: Skipping Lnet/minecraft/network/protocol/game/ClientboundBossEventPacket$UpdateProgressOperation;
[21:37:47] [main/DEBUG]: Skipping Lnet/minecraft/network/protocol/game/ClientboundBossEventPacket$UpdateNameOperation;
[21:37:47] [main/DEBUG]: Skipping Lnet/minecraft/network/protocol/game/ClientboundBossEventPacket$OperationType;
[21:37:47] [main/DEBUG]: Skipping Lnet/minecraft/network/protocol/game/ClientboundBossEventPacket$Operation;
[21:37:47] [main/DEBUG]: Skipping Lnet/minecraft/network/protocol/game/ClientboundBossEventPacket$Handler;
[21:37:47] [main/DEBUG]: Skipping Lnet/minecraft/network/protocol/game/ClientboundBossEventPacket$AddOperation;
[21:37:47] [main/DEBUG]: Skipping Lnet/minecraft/network/protocol/game/ClientboundBossEventPacket$1;
[21:37:47] [main/DEBUG]: Skipping Lnet/minecraft/network/protocol/game/ClientboundBlockUpdatePacket;
[21:37:47] [main/DEBUG]: Skipping Lnet/minecraft/network/protocol/game/ClientboundBlockEventPacket;
[21:37:47] [main/DEBUG]: Skipping Lnet/minecraft/network/protocol/game/ClientboundBlockEntityDataPacket;
[21:37:47] [main/DEBUG]: Skipping Lnet/minecraft/network/protocol/game/ClientboundBlockDestructionPacket;
[21:37:47] [main/DEBUG]: Skipping Lnet/minecraft/network/protocol/game/ClientboundBlockChangedAckPacket;
[21:37:47] [main/DEBUG]: Skipping Lnet/minecraft/network/protocol/game/ClientboundAwardStatsPacket;
[21:37:47] [main/DEBUG]: Skipping Lnet/minecraft/network/protocol/game/ClientboundAnimatePacket;
[21:37:47] [main/DEBUG]: Skipping Lnet/minecraft/network/protocol/game/ClientboundAddPlayerPacket;
[21:37:47] [main/DEBUG]: Skipping Lnet/minecraft/network/protocol/game/ClientboundAddExperienceOrbPacket;
[21:37:47] [main/DEBUG]: Skipping Lnet/minecraft/network/protocol/game/ClientboundAddEntityPacket;
[21:37:47] [main/DEBUG]: Skipping Lnet/minecraft/network/protocol/game/ClientGamePacketListener;
[21:37:47] [main/DEBUG]: Skipping Lnet/minecraft/network/protocol/game/ServerboundSetCreativeModeSlotPacket;
[21:37:47] [main/DEBUG]: Skipping Lnet/minecraft/network/protocol/game/ServerboundCustomPayloadPacket;
[21:37:47] [main/DEBUG]: Skipping Lnet/minecraft/network/protocol/game/ServerboundContainerClickPacket;
[21:37:47] [main/DEBUG]: Skipping Lnet/minecraft/network/protocol/game/ClientboundCustomPayloadPacket;
[21:37:47] [main/DEBUG]: Skipping Lnet/minecraft/network/protocol/PacketUtils;
[21:37:47] [main/DEBUG]: Skipping Lnet/minecraft/network/protocol/PacketFlow;
[21:37:47] [main/DEBUG]: Skipping Lnet/minecraft/network/protocol/Packet;
[21:37:47] [main/DEBUG]: Skipping Lnet/minecraft/network/package-info;
[21:37:47] [main/DEBUG]: Skipping Lnet/minecraft/network/chat/package-info;
[21:37:47] [main/DEBUG]: Skipping Lnet/minecraft/network/chat/contents/package-info;
[21:37:47] [main/DEBUG]: Skipping Lnet/minecraft/network/chat/contents/TranslatableFormatException;
[21:37:47] [main/DEBUG]: Skipping Lnet/minecraft/network/chat/contents/StorageDataSource;
[21:37:47] [main/DEBUG]: Skipping Lnet/minecraft/network/chat/contents/SelectorContents;
[21:37:47] [main/DEBUG]: Skipping Lnet/minecraft/network/chat/contents/ScoreContents;
[21:37:47] [main/DEBUG]: Skipping Lnet/minecraft/network/chat/contents/NbtContents;
[21:37:47] [main/DEBUG]: Skipping Lnet/minecraft/network/chat/contents/LiteralContents;
[21:37:47] [main/DEBUG]: Skipping Lnet/minecraft/network/chat/contents/KeybindResolver;
[21:37:47] [main/DEBUG]: Skipping Lnet/minecraft/network/chat/contents/KeybindContents;
[21:37:47] [main/DEBUG]: Skipping Lnet/minecraft/network/chat/contents/EntityDataSource;
[21:37:47] [main/DEBUG]: Skipping Lnet/minecraft/network/chat/contents/DataSource;
[21:37:47] [main/DEBUG]: Skipping Lnet/minecraft/network/chat/contents/BlockDataSource;
[21:37:47] [main/DEBUG]: Skipping Lnet/minecraft/network/chat/contents/TranslatableContents;
[21:37:47] [main/DEBUG]: Skipping Lnet/minecraft/network/chat/ThrowingComponent;
[21:37:47] [main/DEBUG]: Skipping Lnet/minecraft/network/chat/TextColor;
[21:37:47] [main/DEBUG]: Skipping Lnet/minecraft/network/chat/SubStringSource;
[21:37:47] [main/DEBUG]: Skipping Lnet/minecraft/network/chat/Style;
[21:37:47] [main/DEBUG]: Skipping Lnet/minecraft/network/chat/Style$Serializer;
[21:37:47] [main/DEBUG]: Skipping Lnet/minecraft/network/chat/Style$1Collector;
[21:37:47] [main/DEBUG]: Skipping Lnet/minecraft/network/chat/Style$1;
[21:37:47] [main/DEBUG]: Skipping Lnet/minecraft/network/chat/SignedMessageValidator;
[21:37:47] [main/DEBUG]: Skipping Lnet/minecraft/network/chat/SignedMessageValidator$Unsigned;
[21:37:47] [main/DEBUG]: Skipping Lnet/minecraft/network/chat/SignedMessageValidator$State;
[21:37:47] [main/DEBUG]: Skipping Lnet/minecraft/network/chat/SignedMessageValidator$KeyBased;
[21:37:47] [main/DEBUG]: Skipping Lnet/minecraft/network/chat/SignedMessageHeader;
[21:37:47] [main/DEBUG]: Skipping Lnet/minecraft/network/chat/SignedMessageChain;
[21:37:47] [main/DEBUG]: Skipping Lnet/minecraft/network/chat/SignedMessageChain$Link;
[21:37:47] [main/DEBUG]: Skipping Lnet/minecraft/network/chat/SignedMessageChain$Encoder;
[21:37:47] [main/DEBUG]: Skipping Lnet/minecraft/network/chat/SignedMessageChain$Decoder;
[21:37:47] [main/DEBUG]: Skipping Lnet/minecraft/network/chat/SignedMessageBody;
[21:37:47] [main/DEBUG]: Skipping Lnet/minecraft/network/chat/PreviewableCommand;
[21:37:47] [main/DEBUG]: Skipping Lnet/minecraft/network/chat/PreviewableCommand$Argument;
[21:37:47] [main/DEBUG]: Skipping Lnet/minecraft/network/chat/PlayerChatMessage;
[21:37:47] [main/DEBUG]: Skipping Lnet/minecraft/network/chat/OutgoingPlayerChatMessage;
[21:37:47] [main/DEBUG]: Skipping Lnet/minecraft/network/chat/OutgoingPlayerChatMessage$Tracked;
[21:37:47] [main/DEBUG]: Skipping Lnet/minecraft/network/chat/OutgoingPlayerChatMessage$NotTracked;
[21:37:47] [main/DEBUG]: Skipping Lnet/minecraft/network/chat/MutableComponent;
[21:37:47] [main/DEBUG]: Skipping Lnet/minecraft/network/chat/MessageSigner;
[21:37:47] [main/DEBUG]: Skipping Lnet/minecraft/network/chat/MessageSignature;
[21:37:47] [main/DEBUG]: Skipping Lnet/minecraft/network/chat/LastSeenMessagesValidator;
[21:37:47] [main/DEBUG]: Skipping Lnet/minecraft/network/chat/LastSeenMessagesValidator$ErrorCondition;
[21:37:47] [main/DEBUG]: Skipping Lnet/minecraft/network/chat/LastSeenMessagesTracker;
[21:37:47] [main/DEBUG]: Skipping Lnet/minecraft/network/chat/LastSeenMessages;
[21:37:47] [main/DEBUG]: Skipping Lnet/minecraft/network/chat/LastSeenMessages$Update;
[21:37:47] [main/DEBUG]: Skipping Lnet/minecraft/network/chat/LastSeenMessages$Entry;
[21:37:47] [main/DEBUG]: Skipping Lnet/minecraft/network/chat/HoverEvent;
[21:37:47] [main/DEBUG]: Skipping Lnet/minecraft/network/chat/HoverEvent$ItemStackInfo;
[21:37:47] [main/DEBUG]: Skipping Lnet/minecraft/network/chat/HoverEvent$EntityTooltipInfo;
[21:37:47] [main/DEBUG]: Skipping Lnet/minecraft/network/chat/HoverEvent$Action;
[21:37:47] [main/DEBUG]: Skipping Lnet/minecraft/network/chat/FormattedText;
[21:37:47] [main/DEBUG]: Skipping Lnet/minecraft/network/chat/FormattedText$StyledContentConsumer;
[21:37:47] [main/DEBUG]: Skipping Lnet/minecraft/network/chat/FormattedText$ContentConsumer;
[21:37:47] [main/DEBUG]: Skipping Lnet/minecraft/network/chat/FormattedText$4;
[21:37:47] [main/DEBUG]: Skipping Lnet/minecraft/network/chat/FormattedText$3;
[21:37:47] [main/DEBUG]: Skipping Lnet/minecraft/network/chat/FormattedText$2;
[21:37:47] [main/DEBUG]: Skipping Lnet/minecraft/network/chat/FormattedText$1;
[21:37:47] [main/DEBUG]: Skipping Lnet/minecraft/network/chat/FilterMask;
[21:37:47] [main/DEBUG]: Skipping Lnet/minecraft/network/chat/FilterMask$Type;
[21:37:47] [main/DEBUG]: Skipping Lnet/minecraft/network/chat/FilterMask$1;
[21:37:47] [main/DEBUG]: Skipping Lnet/minecraft/network/chat/ComponentUtils;
[21:37:47] [main/DEBUG]: Skipping Lnet/minecraft/network/chat/ComponentContents;
[21:37:47] [main/DEBUG]: Skipping Lnet/minecraft/network/chat/ComponentContents$1;
[21:37:47] [main/DEBUG]: Skipping Lnet/minecraft/network/chat/Component;
[21:37:47] [main/DEBUG]: Skipping Lnet/minecraft/network/chat/Component$Serializer;
[21:37:47] [main/DEBUG]: Skipping Lnet/minecraft/network/chat/CommonComponents;
[21:37:47] [main/DEBUG]: Skipping Lnet/minecraft/network/chat/ClickEvent;
[21:37:47] [main/DEBUG]: Skipping Lnet/minecraft/network/chat/ClickEvent$Action;
[21:37:47] [main/DEBUG]: Skipping Lnet/minecraft/network/chat/ChatTypeDecoration;
[21:37:47] [main/DEBUG]: Skipping Lnet/minecraft/network/chat/ChatTypeDecoration$Parameter;
[21:37:47] [main/DEBUG]: Skipping Lnet/minecraft/network/chat/ChatTypeDecoration$Parameter$Selector;
[21:37:47] [main/DEBUG]: Skipping Lnet/minecraft/network/chat/ChatType;
[21:37:47] [main/DEBUG]: Skipping Lnet/minecraft/network/chat/ChatType$BoundNetwork;
[21:37:47] [main/DEBUG]: Skipping Lnet/minecraft/network/chat/ChatType$Bound;
[21:37:47] [main/DEBUG]: Skipping Lnet/minecraft/network/chat/ChatSender;
[21:37:47] [main/DEBUG]: Skipping Lnet/minecraft/network/chat/ChatPreviewThrottler;
[21:37:47] [main/DEBUG]: Skipping Lnet/minecraft/network/chat/ChatPreviewThrottler$Request;
[21:37:47] [main/DEBUG]: Skipping Lnet/minecraft/network/chat/ChatPreviewCache;
[21:37:47] [main/DEBUG]: Skipping Lnet/minecraft/network/chat/ChatPreviewCache$Result;
[21:37:47] [main/DEBUG]: Skipping Lnet/minecraft/network/chat/ChatMessageContent;
[21:37:47] [main/DEBUG]: Skipping Lnet/minecraft/network/chat/ChatDecorator;
[21:37:47] [main/DEBUG]: Skipping Lnet/minecraft/network/Varint21LengthFieldPrepender;
[21:37:47] [main/DEBUG]: Skipping Lnet/minecraft/network/Varint21FrameDecoder;
[21:37:47] [main/DEBUG]: Skipping Lnet/minecraft/network/TickablePacketListener;
[21:37:47] [main/DEBUG]: Skipping Lnet/minecraft/network/SkipPacketException;
[21:37:47] [main/DEBUG]: Skipping Lnet/minecraft/network/RateKickingConnection;
[21:37:47] [main/DEBUG]: Skipping Lnet/minecraft/network/PacketSendListener;
[21:37:47] [main/DEBUG]: Skipping Lnet/minecraft/network/PacketSendListener$2;
[21:37:47] [main/DEBUG]: Skipping Lnet/minecraft/network/PacketSendListener$1;
[21:37:47] [main/DEBUG]: Skipping Lnet/minecraft/network/PacketListener;
[21:37:47] [main/DEBUG]: Skipping Lnet/minecraft/network/PacketEncoder;
[21:37:47] [main/DEBUG]: Skipping Lnet/minecraft/network/PacketDecoder;
[21:37:47] [main/DEBUG]: Skipping Lnet/minecraft/network/ConnectionProtocol;
[21:37:47] [main/DEBUG]: Skipping Lnet/minecraft/network/ConnectionProtocol$ProtocolBuilder;
[21:37:47] [main/DEBUG]: Skipping Lnet/minecraft/network/ConnectionProtocol$PacketSet;
[21:37:47] [main/DEBUG]: Skipping Lnet/minecraft/network/CompressionDecoder;
[21:37:47] [main/DEBUG]: Skipping Lnet/minecraft/network/CipherEncoder;
[21:37:47] [main/DEBUG]: Skipping Lnet/minecraft/network/CipherDecoder;
[21:37:47] [main/DEBUG]: Skipping Lnet/minecraft/network/CipherBase;
[21:37:47] [main/DEBUG]: Skipping Lnet/minecraft/network/FriendlyByteBuf;
[21:37:47] [main/DEBUG]: Skipping Lnet/minecraft/network/FriendlyByteBuf$Writer;
[21:37:47] [main/DEBUG]: Skipping Lnet/minecraft/network/FriendlyByteBuf$Reader;
[21:37:47] [main/DEBUG]: Skipping Lnet/minecraft/network/Connection;
[21:37:47] [main/DEBUG]: Skipping Lnet/minecraft/network/Connection$PacketHolder;
[21:37:47] [main/DEBUG]: Skipping Lnet/minecraft/network/Connection$2;
[21:37:47] [main/DEBUG]: Skipping Lnet/minecraft/network/Connection$1;
[21:37:47] [main/DEBUG]: Skipping Lnet/minecraft/network/CompressionEncoder;
[21:37:47] [main/DEBUG]: Skipping Lnet/minecraft/nbt/visitors/package-info;
[21:37:47] [main/DEBUG]: Skipping Lnet/minecraft/nbt/visitors/SkipFields;
[21:37:47] [main/DEBUG]: Skipping Lnet/minecraft/nbt/visitors/SkipAll;
[21:37:47] [main/DEBUG]: Skipping Lnet/minecraft/nbt/visitors/SkipAll$1;
[21:37:47] [main/DEBUG]: Skipping Lnet/minecraft/nbt/visitors/FieldTree;
[21:37:47] [main/DEBUG]: Skipping Lnet/minecraft/nbt/visitors/FieldSelector;
[21:37:47] [main/DEBUG]: Skipping Lnet/minecraft/nbt/visitors/CollectToTag;
[21:37:47] [main/DEBUG]: Skipping Lnet/minecraft/nbt/visitors/CollectFields;
[21:37:47] [main/DEBUG]: Skipping Lnet/minecraft/nbt/package-info;
[21:37:47] [main/DEBUG]: Skipping Lnet/minecraft/nbt/TextComponentTagVisitor;
[21:37:47] [main/DEBUG]: Skipping Lnet/minecraft/nbt/TagVisitor;
[21:37:47] [main/DEBUG]: Skipping Lnet/minecraft/nbt/TagTypes;
[21:37:47] [main/DEBUG]: Skipping Lnet/minecraft/nbt/TagType;
[21:37:47] [main/DEBUG]: Skipping Lnet/minecraft/nbt/TagType$VariableSize;
[21:37:47] [main/DEBUG]: Skipping Lnet/minecraft/nbt/TagType$StaticSize;
[21:37:47] [main/DEBUG]: Skipping Lnet/minecraft/nbt/TagType$2;
[21:37:47] [main/DEBUG]: Skipping Lnet/minecraft/nbt/TagType$1;
[21:37:47] [main/DEBUG]: Skipping Lnet/minecraft/nbt/TagParser;
[21:37:47] [main/DEBUG]: Skipping Lnet/minecraft/nbt/Tag;
[21:37:47] [main/DEBUG]: Skipping Lnet/minecraft/nbt/StringTagVisitor;
[21:37:47] [main/DEBUG]: Skipping Lnet/minecraft/nbt/StreamTagVisitor;
[21:37:47] [main/DEBUG]: Skipping Lnet/minecraft/nbt/StreamTagVisitor$ValueResult;
[21:37:47] [main/DEBUG]: Skipping Lnet/minecraft/nbt/StreamTagVisitor$EntryResult;
[21:37:47] [main/DEBUG]: Skipping Lnet/minecraft/nbt/SnbtPrinterTagVisitor;
[21:37:47] [main/DEBUG]: Skipping Lnet/minecraft/nbt/ShortTag;
[21:37:47] [main/DEBUG]: Skipping Lnet/minecraft/nbt/ShortTag$Cache;
[21:37:47] [main/DEBUG]: Skipping Lnet/minecraft/nbt/ShortTag$1;
[21:37:47] [main/DEBUG]: Skipping Lnet/minecraft/nbt/NumericTag;
[21:37:47] [main/DEBUG]: Skipping Lnet/minecraft/nbt/NbtUtils;
[21:37:47] [main/DEBUG]: Skipping Lnet/minecraft/nbt/NbtOps;
[21:37:47] [main/DEBUG]: Skipping Lnet/minecraft/nbt/NbtOps$NbtRecordBuilder;
[21:37:47] [main/DEBUG]: Skipping Lnet/minecraft/nbt/NbtOps$1;
[21:37:47] [main/DEBUG]: Skipping Lnet/minecraft/nbt/LongTag;
[21:37:47] [main/DEBUG]: Skipping Lnet/minecraft/nbt/LongTag$Cache;
[21:37:47] [main/DEBUG]: Skipping Lnet/minecraft/nbt/LongTag$1;
[21:37:47] [main/DEBUG]: Skipping Lnet/minecraft/nbt/LongArrayTag;
[21:37:47] [main/DEBUG]: Skipping Lnet/minecraft/nbt/LongArrayTag$1;
[21:37:47] [main/DEBUG]: Skipping Lnet/minecraft/nbt/ListTag;
[21:37:47] [main/DEBUG]: Skipping Lnet/minecraft/nbt/ListTag$2;
[21:37:47] [main/DEBUG]: Skipping Lnet/minecraft/nbt/ListTag$1;
[21:37:47] [main/DEBUG]: Skipping Lnet/minecraft/nbt/IntTag;
[21:37:47] [main/DEBUG]: Skipping Lnet/minecraft/nbt/IntTag$Cache;
[21:37:47] [main/DEBUG]: Skipping Lnet/minecraft/nbt/IntTag$1;
[21:37:47] [main/DEBUG]: Skipping Lnet/minecraft/nbt/IntArrayTag;
[21:37:47] [main/DEBUG]: Skipping Lnet/minecraft/nbt/IntArrayTag$1;
[21:37:47] [main/DEBUG]: Skipping Lnet/minecraft/nbt/FloatTag;
[21:37:47] [main/DEBUG]: Skipping Lnet/minecraft/nbt/FloatTag$1;
[21:37:47] [main/DEBUG]: Skipping Lnet/minecraft/nbt/EndTag;
[21:37:47] [main/DEBUG]: Skipping Lnet/minecraft/nbt/EndTag$1;
[21:37:47] [main/DEBUG]: Skipping Lnet/minecraft/nbt/DoubleTag;
[21:37:47] [main/DEBUG]: Skipping Lnet/minecraft/nbt/DoubleTag$1;
[21:37:47] [main/DEBUG]: Skipping Lnet/minecraft/nbt/CollectionTag;
[21:37:47] [main/DEBUG]: Skipping Lnet/minecraft/nbt/ByteTag;
[21:37:47] [main/DEBUG]: Skipping Lnet/minecraft/nbt/ByteTag$Cache;
[21:37:47] [main/DEBUG]: Skipping Lnet/minecraft/nbt/ByteTag$1;
[21:37:47] [main/DEBUG]: Skipping Lnet/minecraft/nbt/ByteArrayTag;
[21:37:47] [main/DEBUG]: Skipping Lnet/minecraft/nbt/ByteArrayTag$1;
[21:37:47] [main/DEBUG]: Skipping Lnet/minecraft/nbt/StringTag;
[21:37:47] [main/DEBUG]: Skipping Lnet/minecraft/nbt/StringTag$1;
[21:37:47] [main/DEBUG]: Skipping Lnet/minecraft/nbt/NbtIo;
[21:37:47] [main/DEBUG]: Skipping Lnet/minecraft/nbt/NbtIo$1;
[21:37:47] [main/DEBUG]: Skipping Lnet/minecraft/nbt/NbtAccounter;
[21:37:47] [main/DEBUG]: Skipping Lnet/minecraft/nbt/NbtAccounter$1;
[21:37:47] [main/DEBUG]: Skipping Lnet/minecraft/nbt/CompoundTag;
[21:37:47] [main/DEBUG]: Skipping Lnet/minecraft/nbt/CompoundTag$2;
[21:37:47] [main/DEBUG]: Skipping Lnet/minecraft/nbt/CompoundTag$1;
[21:37:47] [main/DEBUG]: Skipping Lnet/minecraft/locale/package-info;
[21:37:47] [main/DEBUG]: Skipping Lnet/minecraft/locale/Language;
[21:37:47] [main/DEBUG]: Skipping Lnet/minecraft/locale/Language$1;
[21:37:47] [main/DEBUG]: Skipping Lnet/minecraft/gametest/framework/package-info;
[21:37:47] [main/DEBUG]: Skipping Lnet/minecraft/gametest/framework/TestReporter;
[21:37:47] [main/DEBUG]: Skipping Lnet/minecraft/gametest/framework/TestFunctionArgument;
[21:37:47] [main/DEBUG]: Skipping Lnet/minecraft/gametest/framework/TestFunction;
[21:37:47] [main/DEBUG]: Skipping Lnet/minecraft/gametest/framework/TestCommand;
[21:37:47] [main/DEBUG]: Skipping Lnet/minecraft/gametest/framework/TestCommand$TestSummaryDisplayer;
[21:37:47] [main/DEBUG]: Skipping Lnet/minecraft/gametest/framework/TestClassNameArgument;
[21:37:47] [main/DEBUG]: Skipping Lnet/minecraft/gametest/framework/TeamcityTestReporter;
[21:37:47] [main/DEBUG]: Skipping Lnet/minecraft/gametest/framework/ReportGameListener;
[21:37:47] [main/DEBUG]: Skipping Lnet/minecraft/gametest/framework/MultipleTestTracker;
[21:37:47] [main/DEBUG]: Skipping Lnet/minecraft/gametest/framework/MultipleTestTracker$1;
[21:37:47] [main/DEBUG]: Skipping Lnet/minecraft/gametest/framework/LogTestReporter;
[21:37:47] [main/DEBUG]: Skipping Lnet/minecraft/gametest/framework/JUnitLikeTestReporter;
[21:37:47] [main/DEBUG]: Skipping Lnet/minecraft/gametest/framework/GlobalTestReporter;
[21:37:47] [main/DEBUG]: Skipping Lnet/minecraft/gametest/framework/GameTestTimeoutException;
[21:37:47] [main/DEBUG]: Skipping Lnet/minecraft/gametest/framework/GameTestTicker;
[21:37:47] [main/DEBUG]: Skipping Lnet/minecraft/gametest/framework/GameTestSequence;
[21:37:47] [main/DEBUG]: Skipping Lnet/minecraft/gametest/framework/GameTestSequence$Condition;
[21:37:47] [main/DEBUG]: Skipping Lnet/minecraft/gametest/framework/GameTestRunner;
[21:37:47] [main/DEBUG]: Skipping Lnet/minecraft/gametest/framework/GameTestListener;
[21:37:47] [main/DEBUG]: Skipping Lnet/minecraft/gametest/framework/GameTestInfo;
[21:37:47] [main/DEBUG]: Skipping Lnet/minecraft/gametest/framework/GameTestHelper;
[21:37:47] [main/DEBUG]: Skipping Lnet/minecraft/gametest/framework/GameTestHelper$1;
[21:37:47] [main/DEBUG]: Skipping Lnet/minecraft/gametest/framework/GameTestGenerator;
[21:37:47] [main/DEBUG]: Skipping Lnet/minecraft/gametest/framework/GameTestEvent;
[21:37:47] [main/DEBUG]: Skipping Lnet/minecraft/gametest/framework/GameTestBatchRunner;
[21:37:47] [main/DEBUG]: Skipping Lnet/minecraft/gametest/framework/GameTestBatchRunner$1;
[21:37:47] [main/DEBUG]: Skipping Lnet/minecraft/gametest/framework/GameTestBatch;
[21:37:47] [main/DEBUG]: Skipping Lnet/minecraft/gametest/framework/GameTestAssertPosException;
[21:37:47] [main/DEBUG]: Skipping Lnet/minecraft/gametest/framework/GameTestAssertException;
[21:37:47] [main/DEBUG]: Skipping Lnet/minecraft/gametest/framework/ExhaustedAttemptsException;
[21:37:47] [main/DEBUG]: Skipping Lnet/minecraft/gametest/framework/BeforeBatch;
[21:37:47] [main/DEBUG]: Skipping Lnet/minecraft/gametest/framework/AfterBatch;
[21:37:47] [main/DEBUG]: Skipping Lnet/minecraft/gametest/framework/StructureUtils;
[21:37:47] [main/DEBUG]: Skipping Lnet/minecraft/gametest/framework/StructureUtils$1;
[21:37:47] [main/DEBUG]: Transforming class Lnet/minecraft/gametest/framework/GameTestServer;
[21:37:47] [main/DEBUG]: Transforming net/minecraft/gametest/framework/GameTestServer METHOD <init>(Ljava/lang/Thread;Lnet/minecraft/world/level/storage/LevelStorageSource$LevelStorageAccess;Lnet/minecraft/server/packs/repository/PackRepository;Lnet/minecraft/server/WorldStem;Ljava/util/Collection;Lnet/minecraft/core/BlockPos;)V to access PUBLIC and LEAVE
[21:37:47] [main/DEBUG]: Skipping Lnet/minecraft/gametest/framework/GameTestServer$1;
[21:37:47] [main/DEBUG]: Skipping Lnet/minecraft/gametest/framework/GameTestRegistry;
[21:37:47] [main/DEBUG]: Skipping Lnet/minecraft/gametest/framework/GameTest;
[21:37:47] [main/DEBUG]: Skipping Lnet/minecraft/data/worldgen/placement/package-info;
[21:37:47] [main/DEBUG]: Skipping Lnet/minecraft/data/worldgen/placement/VillagePlacements;
[21:37:47] [main/DEBUG]: Skipping Lnet/minecraft/data/worldgen/placement/VegetationPlacements;
[21:37:47] [main/DEBUG]: Skipping Lnet/minecraft/data/worldgen/placement/TreePlacements;
[21:37:47] [main/DEBUG]: Skipping Lnet/minecraft/data/worldgen/placement/PlacementUtils;
[21:37:47] [main/DEBUG]: Skipping Lnet/minecraft/data/worldgen/placement/OrePlacements;
[21:37:47] [main/DEBUG]: Skipping Lnet/minecraft/data/worldgen/placement/NetherPlacements;
[21:37:47] [main/DEBUG]: Skipping Lnet/minecraft/data/worldgen/placement/MiscOverworldPlacements;
[21:37:47] [main/DEBUG]: Skipping Lnet/minecraft/data/worldgen/placement/EndPlacements;
[21:37:47] [main/DEBUG]: Skipping Lnet/minecraft/data/worldgen/placement/CavePlacements;
[21:37:47] [main/DEBUG]: Skipping Lnet/minecraft/data/worldgen/placement/AquaticPlacements;
[21:37:47] [main/DEBUG]: Skipping Lnet/minecraft/data/worldgen/package-info;
[21:37:47] [main/DEBUG]: Skipping Lnet/minecraft/data/worldgen/features/package-info;
[21:37:47] [main/DEBUG]: Skipping Lnet/minecraft/data/worldgen/features/VegetationFeatures;
[21:37:47] [main/DEBUG]: Skipping Lnet/minecraft/data/worldgen/features/TreeFeatures;
[21:37:47] [main/DEBUG]: Skipping Lnet/minecraft/data/worldgen/features/PileFeatures;
[21:37:47] [main/DEBUG]: Skipping Lnet/minecraft/data/worldgen/features/OreFeatures;
[21:37:47] [main/DEBUG]: Skipping Lnet/minecraft/data/worldgen/features/NetherFeatures;
[21:37:47] [main/DEBUG]: Skipping Lnet/minecraft/data/worldgen/features/MiscOverworldFeatures;
[21:37:47] [main/DEBUG]: Skipping Lnet/minecraft/data/worldgen/features/FeatureUtils;
[21:37:47] [main/DEBUG]: Skipping Lnet/minecraft/data/worldgen/features/EndFeatures;
[21:37:47] [main/DEBUG]: Skipping Lnet/minecraft/data/worldgen/features/CaveFeatures;
[21:37:47] [main/DEBUG]: Skipping Lnet/minecraft/data/worldgen/features/AquaticFeatures;
[21:37:47] [main/DEBUG]: Skipping Lnet/minecraft/data/worldgen/biome/package-info;
[21:37:47] [main/DEBUG]: Skipping Lnet/minecraft/data/worldgen/biome/NetherBiomes;
[21:37:47] [main/DEBUG]: Skipping Lnet/minecraft/data/worldgen/biome/EndBiomes;
[21:37:47] [main/DEBUG]: Skipping Lnet/minecraft/data/worldgen/biome/Biomes;
[21:37:47] [main/DEBUG]: Skipping Lnet/minecraft/data/worldgen/biome/OverworldBiomes;
[21:37:47] [main/DEBUG]: Skipping Lnet/minecraft/data/worldgen/VillagePools;
[21:37:47] [main/DEBUG]: Skipping Lnet/minecraft/data/worldgen/TerrainProvider;
[21:37:47] [main/DEBUG]: Skipping Lnet/minecraft/data/worldgen/TaigaVillagePools;
[21:37:47] [main/DEBUG]: Skipping Lnet/minecraft/data/worldgen/SurfaceRuleData;
[21:37:47] [main/DEBUG]: Skipping Lnet/minecraft/data/worldgen/Structures;
[21:37:47] [main/DEBUG]: Skipping Lnet/minecraft/data/worldgen/StructureSets;
[21:37:47] [main/DEBUG]: Skipping Lnet/minecraft/data/worldgen/SnowyVillagePools;
[21:37:47] [main/DEBUG]: Skipping Lnet/minecraft/data/worldgen/SavannaVillagePools;
[21:37:47] [main/DEBUG]: Skipping Lnet/minecraft/data/worldgen/ProcessorLists;
[21:37:47] [main/DEBUG]: Skipping Lnet/minecraft/data/worldgen/Pools;
[21:37:47] [main/DEBUG]: Skipping Lnet/minecraft/data/worldgen/PlainVillagePools;
[21:37:47] [main/DEBUG]: Skipping Lnet/minecraft/data/worldgen/PillagerOutpostPools;
[21:37:47] [main/DEBUG]: Skipping Lnet/minecraft/data/worldgen/NoiseData;
[21:37:47] [main/DEBUG]: Skipping Lnet/minecraft/data/worldgen/DimensionTypes;
[21:37:47] [main/DEBUG]: Skipping Lnet/minecraft/data/worldgen/DesertVillagePools;
[21:37:47] [main/DEBUG]: Skipping Lnet/minecraft/data/worldgen/Carvers;
[21:37:47] [main/DEBUG]: Skipping Lnet/minecraft/data/worldgen/BiomeDefaultFeatures;
[21:37:47] [main/DEBUG]: Skipping Lnet/minecraft/data/worldgen/BastionTreasureRoomPools;
[21:37:47] [main/DEBUG]: Skipping Lnet/minecraft/data/worldgen/BastionSharedPools;
[21:37:47] [main/DEBUG]: Skipping Lnet/minecraft/data/worldgen/BastionPieces;
[21:37:47] [main/DEBUG]: Skipping Lnet/minecraft/data/worldgen/BastionHousingUnitsPools;
[21:37:47] [main/DEBUG]: Skipping Lnet/minecraft/data/worldgen/BastionHoglinStablePools;
[21:37:47] [main/DEBUG]: Skipping Lnet/minecraft/data/worldgen/BastionBridgePools;
[21:37:47] [main/DEBUG]: Skipping Lnet/minecraft/data/worldgen/AncientCityStructurePools;
[21:37:47] [main/DEBUG]: Skipping Lnet/minecraft/data/worldgen/AncientCityStructurePieces;
[21:37:47] [main/DEBUG]: Skipping Lnet/minecraft/data/tags/package-info;
[21:37:47] [main/DEBUG]: Skipping Lnet/minecraft/data/tags/WorldPresetTagsProvider;
[21:37:47] [main/DEBUG]: Transforming class Lnet/minecraft/data/tags/TagsProvider;
[21:37:47] [main/DEBUG]: Transforming net/minecraft/data/tags/TagsProvider FIELD f_126543_ to access PROTECTED and LEAVE
[21:37:47] [main/DEBUG]: Transforming net/minecraft/data/tags/TagsProvider METHOD m_6055_()Ljava/lang/String; to access PUBLIC and REMOVEFINAL
[21:37:47] [main/DEBUG]: Transforming class Lnet/minecraft/data/tags/TagsProvider$TagAppender;
[21:37:47] [main/DEBUG]: Transforming net/minecraft/data/tags/TagsProvider$TagAppender FIELD f_126569_ to access PUBLIC and LEAVE
[21:37:47] [main/DEBUG]: Skipping Lnet/minecraft/data/tags/StructureTagsProvider;
[21:37:47] [main/DEBUG]: Skipping Lnet/minecraft/data/tags/PoiTypeTagsProvider;
[21:37:47] [main/DEBUG]: Skipping Lnet/minecraft/data/tags/PaintingVariantTagsProvider;
[21:37:47] [main/DEBUG]: Skipping Lnet/minecraft/data/tags/ItemTagsProvider;
[21:37:47] [main/DEBUG]: Skipping Lnet/minecraft/data/tags/InstrumentTagsProvider;
[21:37:47] [main/DEBUG]: Skipping Lnet/minecraft/data/tags/GameEventTagsProvider;
[21:37:47] [main/DEBUG]: Skipping Lnet/minecraft/data/tags/FluidTagsProvider;
[21:37:47] [main/DEBUG]: Skipping Lnet/minecraft/data/tags/FlatLevelGeneratorPresetTagsProvider;
[21:37:47] [main/DEBUG]: Skipping Lnet/minecraft/data/tags/EntityTypeTagsProvider;
[21:37:47] [main/DEBUG]: Skipping Lnet/minecraft/data/tags/CatVariantTagsProvider;
[21:37:47] [main/DEBUG]: Skipping Lnet/minecraft/data/tags/BlockTagsProvider;
[21:37:47] [main/DEBUG]: Skipping Lnet/minecraft/data/tags/BiomeTagsProvider;
[21:37:47] [main/DEBUG]: Skipping Lnet/minecraft/data/tags/BannerPatternTagsProvider;
[21:37:47] [main/DEBUG]: Skipping Lnet/minecraft/data/structures/package-info;
[21:37:47] [main/DEBUG]: Skipping Lnet/minecraft/data/structures/StructureUpdater;
[21:37:47] [main/DEBUG]: Skipping Lnet/minecraft/data/structures/SnbtToNbt;
[21:37:47] [main/DEBUG]: Skipping Lnet/minecraft/data/structures/SnbtToNbt$TaskResult;
[21:37:47] [main/DEBUG]: Skipping Lnet/minecraft/data/structures/SnbtToNbt$StructureConversionException;
[21:37:47] [main/DEBUG]: Skipping Lnet/minecraft/data/structures/SnbtToNbt$Filter;
[21:37:47] [main/DEBUG]: Skipping Lnet/minecraft/data/structures/NbtToSnbt;
[21:37:47] [main/DEBUG]: Skipping Lnet/minecraft/data/recipes/package-info;
[21:37:47] [main/DEBUG]: Skipping Lnet/minecraft/data/recipes/UpgradeRecipeBuilder;
[21:37:47] [main/DEBUG]: Skipping Lnet/minecraft/data/recipes/UpgradeRecipeBuilder$Result;
[21:37:47] [main/DEBUG]: Skipping Lnet/minecraft/data/recipes/SpecialRecipeBuilder;
[21:37:47] [main/DEBUG]: Skipping Lnet/minecraft/data/recipes/SpecialRecipeBuilder$1;
[21:37:47] [main/DEBUG]: Skipping Lnet/minecraft/data/recipes/SingleItemRecipeBuilder;
[21:37:47] [main/DEBUG]: Skipping Lnet/minecraft/data/recipes/SingleItemRecipeBuilder$Result;
[21:37:47] [main/DEBUG]: Skipping Lnet/minecraft/data/recipes/SimpleCookingRecipeBuilder;
[21:37:47] [main/DEBUG]: Skipping Lnet/minecraft/data/recipes/SimpleCookingRecipeBuilder$Result;
[21:37:47] [main/DEBUG]: Skipping Lnet/minecraft/data/recipes/ShapelessRecipeBuilder;
[21:37:47] [main/DEBUG]: Skipping Lnet/minecraft/data/recipes/ShapelessRecipeBuilder$Result;
[21:37:47] [main/DEBUG]: Transforming class Lnet/minecraft/data/recipes/ShapedRecipeBuilder;
[21:37:47] [main/DEBUG]: Transforming net/minecraft/data/recipes/ShapedRecipeBuilder INNERCLASS Result to access PUBLIC and LEAVE
[21:37:47] [main/DEBUG]: Transforming class Lnet/minecraft/data/recipes/ShapedRecipeBuilder$Result;
[21:37:47] [main/DEBUG]: Transforming net/minecraft/data/recipes/ShapedRecipeBuilder$Result CLASS to access PUBLIC and LEAVE
[21:37:47] [main/DEBUG]: Skipping Lnet/minecraft/data/recipes/RecipeBuilder;
[21:37:47] [main/DEBUG]: Skipping Lnet/minecraft/data/recipes/FinishedRecipe;
[21:37:47] [main/DEBUG]: Transforming class Lnet/minecraft/data/recipes/RecipeProvider;
[21:37:47] [main/DEBUG]: Transforming net/minecraft/data/recipes/RecipeProvider FIELD f_176505_ to access PROTECTED and LEAVE
[21:37:47] [main/DEBUG]: Transforming net/minecraft/data/recipes/RecipeProvider FIELD f_176506_ to access PROTECTED and LEAVE
[21:37:47] [main/DEBUG]: Transforming net/minecraft/data/recipes/RecipeProvider FIELD f_176507_ to access PROTECTED and LEAVE
[21:37:47] [main/DEBUG]: Transforming net/minecraft/data/recipes/RecipeProvider FIELD f_176508_ to access PROTECTED and LEAVE
[21:37:47] [main/DEBUG]: Transforming net/minecraft/data/recipes/RecipeProvider FIELD f_176509_ to access PROTECTED and LEAVE
[21:37:47] [main/DEBUG]: Transforming net/minecraft/data/recipes/RecipeProvider FIELD f_176510_ to access PROTECTED and LEAVE
[21:37:47] [main/DEBUG]: Transforming net/minecraft/data/recipes/RecipeProvider FIELD f_176511_ to access PROTECTED and LEAVE
[21:37:47] [main/DEBUG]: Transforming net/minecraft/data/recipes/RecipeProvider FIELD f_176512_ to access PROTECTED and LEAVE
[21:37:47] [main/DEBUG]: Transforming net/minecraft/data/recipes/RecipeProvider FIELD f_236355_ to access PROTECTED and LEAVE
[21:37:47] [main/DEBUG]: Transforming net/minecraft/data/recipes/RecipeProvider FIELD f_236356_ to access PROTECTED and LEAVE
[21:37:47] [main/DEBUG]: Transforming net/minecraft/data/recipes/RecipeProvider FIELD f_176513_ to access PROTECTED and LEAVE
[21:37:47] [main/DEBUG]: Transforming net/minecraft/data/recipes/RecipeProvider METHOD m_236367_(Lnet/minecraft/data/CachedOutput;Lcom/google/gson/JsonObject;Ljava/nio/file/Path;)V to access PROTECTED and LEAVE
[21:37:47] [main/DEBUG]: Transforming net/minecraft/data/recipes/RecipeProvider METHOD m_176531_(Ljava/util/function/Consumer;)V to access PROTECTED and LEAVE
[21:37:47] [main/DEBUG]: Transforming net/minecraft/data/recipes/RecipeProvider METHOD m_176551_(Ljava/util/function/Consumer;Lnet/minecraft/world/level/ItemLike;Lnet/minecraft/world/level/ItemLike;Ljava/lang/String;)V to access PROTECTED and LEAVE
[21:37:47] [main/DEBUG]: Transforming net/minecraft/data/recipes/RecipeProvider METHOD m_176556_(Ljava/util/function/Consumer;Lnet/minecraft/world/level/ItemLike;Lnet/minecraft/world/level/ItemLike;Ljava/lang/String;I)V to access PROTECTED and LEAVE
[21:37:47] [main/DEBUG]: Transforming net/minecraft/data/recipes/RecipeProvider METHOD m_176591_(Ljava/util/function/Consumer;Ljava/util/List;Lnet/minecraft/world/level/ItemLike;FILjava/lang/String;)V to access PROTECTED and LEAVE
[21:37:47] [main/DEBUG]: Transforming net/minecraft/data/recipes/RecipeProvider METHOD m_176625_(Ljava/util/function/Consumer;Ljava/util/List;Lnet/minecraft/world/level/ItemLike;FILjava/lang/String;)V to access PROTECTED and LEAVE
[21:37:47] [main/DEBUG]: Transforming net/minecraft/data/recipes/RecipeProvider METHOD m_176533_(Ljava/util/function/Consumer;Lnet/minecraft/world/item/crafting/SimpleCookingSerializer;Ljava/util/List;Lnet/minecraft/world/level/ItemLike;FILjava/lang/String;Ljava/lang/String;)V to access PROTECTED and LEAVE
[21:37:47] [main/DEBUG]: Transforming net/minecraft/data/recipes/RecipeProvider METHOD m_125994_(Ljava/util/function/Consumer;Lnet/minecraft/world/item/Item;Lnet/minecraft/world/item/Item;)V to access PROTECTED and LEAVE
[21:37:47] [main/DEBUG]: Transforming net/minecraft/data/recipes/RecipeProvider METHOD m_206408_(Ljava/util/function/Consumer;Lnet/minecraft/world/level/ItemLike;Lnet/minecraft/tags/TagKey;)V to access PROTECTED and LEAVE
[21:37:47] [main/DEBUG]: Transforming net/minecraft/data/recipes/RecipeProvider METHOD m_206412_(Ljava/util/function/Consumer;Lnet/minecraft/world/level/ItemLike;Lnet/minecraft/tags/TagKey;)V to access PROTECTED and LEAVE
[21:37:47] [main/DEBUG]: Transforming net/minecraft/data/recipes/RecipeProvider METHOD m_126002_(Ljava/util/function/Consumer;Lnet/minecraft/world/level/ItemLike;Lnet/minecraft/world/level/ItemLike;)V to access PROTECTED and LEAVE
[21:37:47] [main/DEBUG]: Transforming net/minecraft/data/recipes/RecipeProvider METHOD m_126021_(Ljava/util/function/Consumer;Lnet/minecraft/world/level/ItemLike;Lnet/minecraft/world/level/ItemLike;)V to access PROTECTED and LEAVE
[21:37:47] [main/DEBUG]: Transforming net/minecraft/data/recipes/RecipeProvider METHOD m_176658_(Lnet/minecraft/world/level/ItemLike;Lnet/minecraft/world/item/crafting/Ingredient;)Lnet/minecraft/data/recipes/RecipeBuilder; to access PROTECTED and LEAVE
[21:37:47] [main/DEBUG]: Transforming net/minecraft/data/recipes/RecipeProvider METHOD m_176670_(Lnet/minecraft/world/level/ItemLike;Lnet/minecraft/world/item/crafting/Ingredient;)Lnet/minecraft/data/recipes/RecipeBuilder; to access PROTECTED and LEAVE
[21:37:47] [main/DEBUG]: Transforming net/minecraft/data/recipes/RecipeProvider METHOD m_176678_(Lnet/minecraft/world/level/ItemLike;Lnet/minecraft/world/item/crafting/Ingredient;)Lnet/minecraft/data/recipes/RecipeBuilder; to access PROTECTED and LEAVE
[21:37:47] [main/DEBUG]: Transforming net/minecraft/data/recipes/RecipeProvider METHOD m_176684_(Lnet/minecraft/world/level/ItemLike;Lnet/minecraft/world/item/crafting/Ingredient;)Lnet/minecraft/data/recipes/RecipeBuilder; to access PROTECTED and LEAVE
[21:37:47] [main/DEBUG]: Transforming net/minecraft/data/recipes/RecipeProvider METHOD m_176690_(Ljava/util/function/Consumer;Lnet/minecraft/world/level/ItemLike;Lnet/minecraft/world/level/ItemLike;)V to access PROTECTED and LEAVE
[21:37:47] [main/DEBUG]: Transforming net/minecraft/data/recipes/RecipeProvider METHOD m_176694_(Lnet/minecraft/world/level/ItemLike;Lnet/minecraft/world/item/crafting/Ingredient;)Lnet/minecraft/data/recipes/RecipeBuilder; to access PROTECTED and LEAVE
[21:37:47] [main/DEBUG]: Transforming net/minecraft/data/recipes/RecipeProvider METHOD m_176700_(Ljava/util/function/Consumer;Lnet/minecraft/world/level/ItemLike;Lnet/minecraft/world/level/ItemLike;)V to access PROTECTED and LEAVE
[21:37:47] [main/DEBUG]: Transforming net/minecraft/data/recipes/RecipeProvider METHOD m_176704_(Lnet/minecraft/world/level/ItemLike;Lnet/minecraft/world/item/crafting/Ingredient;)Lnet/minecraft/data/recipes/RecipeBuilder; to access PROTECTED and LEAVE
[21:37:47] [main/DEBUG]: Transforming net/minecraft/data/recipes/RecipeProvider METHOD m_176710_(Lnet/minecraft/world/level/ItemLike;Lnet/minecraft/world/item/crafting/Ingredient;)Lnet/minecraft/data/recipes/RecipeBuilder; to access PROTECTED and LEAVE
[21:37:47] [main/DEBUG]: Transforming net/minecraft/data/recipes/RecipeProvider METHOD m_176720_(Lnet/minecraft/world/level/ItemLike;Lnet/minecraft/world/item/crafting/Ingredient;)Lnet/minecraft/data/recipes/RecipeBuilder; to access PROTECTED and LEAVE
[21:37:47] [main/DEBUG]: Transforming net/minecraft/data/recipes/RecipeProvider METHOD m_176726_(Lnet/minecraft/world/level/ItemLike;Lnet/minecraft/world/item/crafting/Ingredient;)Lnet/minecraft/data/recipes/RecipeBuilder; to access PROTECTED and LEAVE
[21:37:47] [main/DEBUG]: Transforming net/minecraft/data/recipes/RecipeProvider METHOD m_126061_(Ljava/util/function/Consumer;Lnet/minecraft/world/level/ItemLike;Lnet/minecraft/world/level/ItemLike;)V to access PROTECTED and LEAVE
[21:37:47] [main/DEBUG]: Transforming net/minecraft/data/recipes/RecipeProvider METHOD m_176716_(Ljava/util/function/Consumer;Lnet/minecraft/world/level/ItemLike;Lnet/minecraft/world/level/ItemLike;)V to access PROTECTED and LEAVE
[21:37:47] [main/DEBUG]: Transforming net/minecraft/data/recipes/RecipeProvider METHOD m_126069_(Ljava/util/function/Consumer;Lnet/minecraft/world/level/ItemLike;Lnet/minecraft/world/level/ItemLike;)V to access PROTECTED and LEAVE
[21:37:47] [main/DEBUG]: Transforming net/minecraft/data/recipes/RecipeProvider METHOD m_126073_(Ljava/util/function/Consumer;Lnet/minecraft/world/level/ItemLike;Lnet/minecraft/world/level/ItemLike;)V to access PROTECTED and LEAVE
[21:37:47] [main/DEBUG]: Transforming net/minecraft/data/recipes/RecipeProvider METHOD m_126077_(Ljava/util/function/Consumer;Lnet/minecraft/world/level/ItemLike;Lnet/minecraft/world/level/ItemLike;)V to access PROTECTED and LEAVE
[21:37:47] [main/DEBUG]: Transforming net/minecraft/data/recipes/RecipeProvider METHOD m_126081_(Ljava/util/function/Consumer;Lnet/minecraft/world/level/ItemLike;Lnet/minecraft/world/level/ItemLike;)V to access PROTECTED and LEAVE
[21:37:47] [main/DEBUG]: Transforming net/minecraft/data/recipes/RecipeProvider METHOD m_126085_(Ljava/util/function/Consumer;Lnet/minecraft/world/level/ItemLike;Lnet/minecraft/world/level/ItemLike;)V to access PROTECTED and LEAVE
[21:37:47] [main/DEBUG]: Transforming net/minecraft/data/recipes/RecipeProvider METHOD m_126089_(Ljava/util/function/Consumer;Lnet/minecraft/world/level/ItemLike;Lnet/minecraft/world/level/ItemLike;)V to access PROTECTED and LEAVE
[21:37:47] [main/DEBUG]: Transforming net/minecraft/data/recipes/RecipeProvider METHOD m_126093_(Ljava/util/function/Consumer;Lnet/minecraft/world/level/ItemLike;Lnet/minecraft/world/level/ItemLike;)V to access PROTECTED and LEAVE
[21:37:47] [main/DEBUG]: Transforming net/minecraft/data/recipes/RecipeProvider METHOD m_126097_(Ljava/util/function/Consumer;Lnet/minecraft/world/level/ItemLike;Lnet/minecraft/world/level/ItemLike;)V to access PROTECTED and LEAVE
[21:37:47] [main/DEBUG]: Transforming net/minecraft/data/recipes/RecipeProvider METHOD m_126101_(Ljava/util/function/Consumer;Lnet/minecraft/world/level/ItemLike;Lnet/minecraft/world/level/ItemLike;)V to access PROTECTED and LEAVE
[21:37:47] [main/DEBUG]: Transforming net/minecraft/data/recipes/RecipeProvider METHOD m_176735_(Ljava/util/function/Consumer;Lnet/minecraft/world/level/ItemLike;Lnet/minecraft/world/level/ItemLike;)V to access PROTECTED and LEAVE
[21:37:47] [main/DEBUG]: Transforming net/minecraft/data/recipes/RecipeProvider METHOD m_176546_(Ljava/util/function/Consumer;Lnet/minecraft/world/level/ItemLike;Lnet/minecraft/world/level/ItemLike;I)V to access PROTECTED and LEAVE
[21:37:47] [main/DEBUG]: Transforming net/minecraft/data/recipes/RecipeProvider METHOD m_176739_(Ljava/util/function/Consumer;Lnet/minecraft/world/level/ItemLike;Lnet/minecraft/world/level/ItemLike;)V to access PROTECTED and LEAVE
[21:37:47] [main/DEBUG]: Transforming net/minecraft/data/recipes/RecipeProvider METHOD m_176743_(Ljava/util/function/Consumer;Lnet/minecraft/world/level/ItemLike;Lnet/minecraft/world/level/ItemLike;)V to access PROTECTED and LEAVE
[21:37:47] [main/DEBUG]: Transforming net/minecraft/data/recipes/RecipeProvider METHOD m_176562_(Ljava/util/function/Consumer;Lnet/minecraft/world/level/ItemLike;Lnet/minecraft/world/level/ItemLike;Ljava/lang/String;Ljava/lang/String;)V to access PROTECTED and LEAVE
[21:37:47] [main/DEBUG]: Transforming net/minecraft/data/recipes/RecipeProvider METHOD m_176616_(Ljava/util/function/Consumer;Lnet/minecraft/world/level/ItemLike;Lnet/minecraft/world/level/ItemLike;Ljava/lang/String;Ljava/lang/String;)V to access PROTECTED and LEAVE
[21:37:47] [main/DEBUG]: Transforming net/minecraft/data/recipes/RecipeProvider METHOD m_176568_(Ljava/util/function/Consumer;Lnet/minecraft/world/level/ItemLike;Lnet/minecraft/world/level/ItemLike;Ljava/lang/String;Ljava/lang/String;Ljava/lang/String;Ljava/lang/String;)V to access PROTECTED and LEAVE
[21:37:47] [main/DEBUG]: Transforming net/minecraft/data/recipes/RecipeProvider METHOD m_126006_(Ljava/util/function/Consumer;Ljava/lang/String;Lnet/minecraft/world/item/crafting/SimpleCookingSerializer;I)V to access PROTECTED and LEAVE
[21:37:47] [main/DEBUG]: Transforming net/minecraft/data/recipes/RecipeProvider METHOD m_176583_(Ljava/util/function/Consumer;Ljava/lang/String;Lnet/minecraft/world/item/crafting/SimpleCookingSerializer;ILnet/minecraft/world/level/ItemLike;Lnet/minecraft/world/level/ItemLike;F)V to access PROTECTED and LEAVE
[21:37:47] [main/DEBUG]: Transforming net/minecraft/data/recipes/RecipeProvider METHOD m_176610_(Ljava/util/function/Consumer;)V to access PROTECTED and LEAVE
[21:37:47] [main/DEBUG]: Transforming net/minecraft/data/recipes/RecipeProvider METHOD m_176580_(Ljava/util/function/Consumer;Lnet/minecraft/data/BlockFamily;)V to access PROTECTED and LEAVE
[21:37:47] [main/DEBUG]: Transforming net/minecraft/data/recipes/RecipeProvider METHOD m_176523_(Lnet/minecraft/data/BlockFamily;Lnet/minecraft/data/BlockFamily$Variant;)Lnet/minecraft/world/level/block/Block; to access PROTECTED and LEAVE
[21:37:47] [main/DEBUG]: Transforming net/minecraft/data/recipes/RecipeProvider METHOD m_125979_(Lnet/minecraft/world/level/block/Block;)Lnet/minecraft/advancements/critereon/EnterBlockTrigger$TriggerInstance; to access PROTECTED and LEAVE
[21:37:47] [main/DEBUG]: Transforming net/minecraft/data/recipes/RecipeProvider METHOD m_176520_(Lnet/minecraft/advancements/critereon/MinMaxBounds$Ints;Lnet/minecraft/world/level/ItemLike;)Lnet/minecraft/advancements/critereon/InventoryChangeTrigger$TriggerInstance; to access PROTECTED and LEAVE
[21:37:47] [main/DEBUG]: Transforming net/minecraft/data/recipes/RecipeProvider METHOD m_125977_(Lnet/minecraft/world/level/ItemLike;)Lnet/minecraft/advancements/critereon/InventoryChangeTrigger$TriggerInstance; to access PROTECTED and LEAVE
[21:37:47] [main/DEBUG]: Transforming net/minecraft/data/recipes/RecipeProvider METHOD m_206406_(Lnet/minecraft/tags/TagKey;)Lnet/minecraft/advancements/critereon/InventoryChangeTrigger$TriggerInstance; to access PROTECTED and LEAVE
[21:37:47] [main/DEBUG]: Transforming net/minecraft/data/recipes/RecipeProvider METHOD m_126011_([Lnet/minecraft/advancements/critereon/ItemPredicate;)Lnet/minecraft/advancements/critereon/InventoryChangeTrigger$TriggerInstance; to access PROTECTED and LEAVE
[21:37:47] [main/DEBUG]: Transforming net/minecraft/data/recipes/RecipeProvider METHOD m_176602_(Lnet/minecraft/world/level/ItemLike;)Ljava/lang/String; to access PROTECTED and LEAVE
[21:37:47] [main/DEBUG]: Transforming net/minecraft/data/recipes/RecipeProvider METHOD m_176632_(Lnet/minecraft/world/level/ItemLike;)Ljava/lang/String; to access PROTECTED and LEAVE
[21:37:47] [main/DEBUG]: Transforming net/minecraft/data/recipes/RecipeProvider METHOD m_176644_(Lnet/minecraft/world/level/ItemLike;)Ljava/lang/String; to access PROTECTED and LEAVE
[21:37:47] [main/DEBUG]: Transforming net/minecraft/data/recipes/RecipeProvider METHOD m_176517_(Lnet/minecraft/world/level/ItemLike;Lnet/minecraft/world/level/ItemLike;)Ljava/lang/String; to access PROTECTED and LEAVE
[21:37:47] [main/DEBUG]: Transforming net/minecraft/data/recipes/RecipeProvider METHOD m_176656_(Lnet/minecraft/world/level/ItemLike;)Ljava/lang/String; to access PROTECTED and LEAVE
[21:37:47] [main/DEBUG]: Transforming net/minecraft/data/recipes/RecipeProvider METHOD m_176668_(Lnet/minecraft/world/level/ItemLike;)Ljava/lang/String; to access PROTECTED and LEAVE
[21:37:47] [main/DEBUG]: Skipping Lnet/minecraft/data/package-info;
[21:37:47] [main/DEBUG]: Skipping Lnet/minecraft/data/models/package-info;
[21:37:47] [main/DEBUG]: Skipping Lnet/minecraft/data/models/model/package-info;
[21:37:47] [main/DEBUG]: Skipping Lnet/minecraft/data/models/model/TexturedModel;
[21:37:47] [main/DEBUG]: Skipping Lnet/minecraft/data/models/model/TexturedModel$Provider;
[21:37:47] [main/DEBUG]: Skipping Lnet/minecraft/data/models/model/TextureSlot;
[21:37:47] [main/DEBUG]: Skipping Lnet/minecraft/data/models/model/TextureMapping;
[21:37:47] [main/DEBUG]: Skipping Lnet/minecraft/data/models/model/ModelTemplates;
[21:37:47] [main/DEBUG]: Skipping Lnet/minecraft/data/models/model/ModelTemplate;
[21:37:47] [main/DEBUG]: Skipping Lnet/minecraft/data/models/model/ModelLocationUtils;
[21:37:47] [main/DEBUG]: Skipping Lnet/minecraft/data/models/model/DelegatedModel;
[21:37:47] [main/DEBUG]: Skipping Lnet/minecraft/data/models/blockstates/package-info;
[21:37:47] [main/DEBUG]: Skipping Lnet/minecraft/data/models/blockstates/VariantProperty;
[21:37:47] [main/DEBUG]: Skipping Lnet/minecraft/data/models/blockstates/VariantProperty$Value;
[21:37:47] [main/DEBUG]: Skipping Lnet/minecraft/data/models/blockstates/VariantProperties;
[21:37:47] [main/DEBUG]: Skipping Lnet/minecraft/data/models/blockstates/VariantProperties$Rotation;
[21:37:47] [main/DEBUG]: Skipping Lnet/minecraft/data/models/blockstates/Variant;
[21:37:47] [main/DEBUG]: Skipping Lnet/minecraft/data/models/blockstates/Selector;
[21:37:47] [main/DEBUG]: Skipping Lnet/minecraft/data/models/blockstates/PropertyDispatch;
[21:37:47] [main/DEBUG]: Skipping Lnet/minecraft/data/models/blockstates/PropertyDispatch$TriFunction;
[21:37:47] [main/DEBUG]: Skipping Lnet/minecraft/data/models/blockstates/PropertyDispatch$QuadFunction;
[21:37:47] [main/DEBUG]: Skipping Lnet/minecraft/data/models/blockstates/PropertyDispatch$PentaFunction;
[21:37:47] [main/DEBUG]: Skipping Lnet/minecraft/data/models/blockstates/PropertyDispatch$C5;
[21:37:47] [main/DEBUG]: Skipping Lnet/minecraft/data/models/blockstates/PropertyDispatch$C4;
[21:37:47] [main/DEBUG]: Skipping Lnet/minecraft/data/models/blockstates/PropertyDispatch$C3;
[21:37:47] [main/DEBUG]: Skipping Lnet/minecraft/data/models/blockstates/PropertyDispatch$C2;
[21:37:47] [main/DEBUG]: Skipping Lnet/minecraft/data/models/blockstates/PropertyDispatch$C1;
[21:37:47] [main/DEBUG]: Skipping Lnet/minecraft/data/models/blockstates/MultiVariantGenerator;
[21:37:47] [main/DEBUG]: Skipping Lnet/minecraft/data/models/blockstates/MultiPartGenerator;
[21:37:47] [main/DEBUG]: Skipping Lnet/minecraft/data/models/blockstates/MultiPartGenerator$Entry;
[21:37:47] [main/DEBUG]: Skipping Lnet/minecraft/data/models/blockstates/MultiPartGenerator$ConditionalEntry;
[21:37:47] [main/DEBUG]: Skipping Lnet/minecraft/data/models/blockstates/Condition;
[21:37:47] [main/DEBUG]: Skipping Lnet/minecraft/data/models/blockstates/Condition$TerminalCondition;
[21:37:47] [main/DEBUG]: Skipping Lnet/minecraft/data/models/blockstates/Condition$Operation;
[21:37:47] [main/DEBUG]: Skipping Lnet/minecraft/data/models/blockstates/Condition$CompositeCondition;
[21:37:47] [main/DEBUG]: Skipping Lnet/minecraft/data/models/blockstates/BlockStateGenerator;
[21:37:47] [main/DEBUG]: Skipping Lnet/minecraft/data/models/ModelProvider;
[21:37:47] [main/DEBUG]: Skipping Lnet/minecraft/data/models/ItemModelGenerators;
[21:37:47] [main/DEBUG]: Skipping Lnet/minecraft/data/models/BlockModelGenerators;
[21:37:47] [main/DEBUG]: Skipping Lnet/minecraft/data/models/BlockModelGenerators$WoodProvider;
[21:37:47] [main/DEBUG]: Skipping Lnet/minecraft/data/models/BlockModelGenerators$TintState;
[21:37:47] [main/DEBUG]: Skipping Lnet/minecraft/data/models/BlockModelGenerators$BlockStateGeneratorSupplier;
[21:37:47] [main/DEBUG]: Skipping Lnet/minecraft/data/models/BlockModelGenerators$BlockFamilyProvider;
[21:37:47] [main/DEBUG]: Skipping Lnet/minecraft/data/models/BlockModelGenerators$BlockEntityModelGenerator;
[21:37:47] [main/DEBUG]: Skipping Lnet/minecraft/data/models/BlockModelGenerators$1;
[21:37:47] [main/DEBUG]: Skipping Lnet/minecraft/data/loot/package-info;
[21:37:47] [main/DEBUG]: Skipping Lnet/minecraft/data/loot/PiglinBarterLoot;
[21:37:47] [main/DEBUG]: Skipping Lnet/minecraft/data/loot/GiftLoot;
[21:37:47] [main/DEBUG]: Skipping Lnet/minecraft/data/loot/FishingLoot;
[21:37:47] [main/DEBUG]: Skipping Lnet/minecraft/data/loot/ChestLoot;
[21:37:47] [main/DEBUG]: Skipping Lnet/minecraft/data/loot/LootTableProvider;
[21:37:47] [main/DEBUG]: Transforming class Lnet/minecraft/data/loot/EntityLoot;
[21:37:47] [main/DEBUG]: Transforming net/minecraft/data/loot/EntityLoot FIELD f_124366_ to access PROTECTED and LEAVE
[21:37:47] [main/DEBUG]: Transforming net/minecraft/data/loot/EntityLoot METHOD m_124371_(Lnet/minecraft/world/entity/EntityType;Lnet/minecraft/world/level/storage/loot/LootTable$Builder;)V to access PROTECTED and LEAVE
[21:37:47] [main/DEBUG]: Transforming net/minecraft/data/loot/EntityLoot METHOD m_124380_(Lnet/minecraft/resources/ResourceLocation;Lnet/minecraft/world/level/storage/loot/LootTable$Builder;)V to access PROTECTED and LEAVE
[21:37:47] [main/DEBUG]: Transforming class Lnet/minecraft/data/loot/BlockLoot;
[21:37:47] [main/DEBUG]: Transforming net/minecraft/data/loot/BlockLoot METHOD m_236221_(Lnet/minecraft/world/level/ItemLike;Lnet/minecraft/world/level/storage/loot/functions/FunctionUserBuilder;)Lnet/minecraft/world/level/storage/loot/functions/FunctionUserBuilder; to access PROTECTED and LEAVE
[21:37:47] [main/DEBUG]: Transforming net/minecraft/data/loot/BlockLoot METHOD m_236224_(Lnet/minecraft/world/level/ItemLike;Lnet/minecraft/world/level/storage/loot/predicates/ConditionUserBuilder;)Lnet/minecraft/world/level/storage/loot/predicates/ConditionUserBuilder; to access PROTECTED and LEAVE
[21:37:47] [main/DEBUG]: Transforming net/minecraft/data/loot/BlockLoot METHOD m_124126_(Lnet/minecraft/world/level/ItemLike;)Lnet/minecraft/world/level/storage/loot/LootTable$Builder; to access PROTECTED and LEAVE
[21:37:47] [main/DEBUG]: Transforming net/minecraft/data/loot/BlockLoot METHOD m_124171_(Lnet/minecraft/world/level/block/Block;Lnet/minecraft/world/level/storage/loot/predicates/LootItemCondition$Builder;Lnet/minecraft/world/level/storage/loot/entries/LootPoolEntryContainer$Builder;)Lnet/minecraft/world/level/storage/loot/LootTable$Builder; to access PROTECTED and LEAVE
[21:37:47] [main/DEBUG]: Transforming net/minecraft/data/loot/BlockLoot METHOD m_124168_(Lnet/minecraft/world/level/block/Block;Lnet/minecraft/world/level/storage/loot/entries/LootPoolEntryContainer$Builder;)Lnet/minecraft/world/level/storage/loot/LootTable$Builder; to access PROTECTED and LEAVE
[21:37:47] [main/DEBUG]: Transforming net/minecraft/data/loot/BlockLoot METHOD m_124267_(Lnet/minecraft/world/level/block/Block;Lnet/minecraft/world/level/storage/loot/entries/LootPoolEntryContainer$Builder;)Lnet/minecraft/world/level/storage/loot/LootTable$Builder; to access PROTECTED and LEAVE
[21:37:47] [main/DEBUG]: Transforming net/minecraft/data/loot/BlockLoot METHOD m_124283_(Lnet/minecraft/world/level/block/Block;Lnet/minecraft/world/level/storage/loot/entries/LootPoolEntryContainer$Builder;)Lnet/minecraft/world/level/storage/loot/LootTable$Builder; to access PROTECTED and LEAVE
[21:37:47] [main/DEBUG]: Transforming net/minecraft/data/loot/BlockLoot METHOD m_124257_(Lnet/minecraft/world/level/block/Block;Lnet/minecraft/world/level/ItemLike;)Lnet/minecraft/world/level/storage/loot/LootTable$Builder; to access PROTECTED and LEAVE
[21:37:47] [main/DEBUG]: Transforming net/minecraft/data/loot/BlockLoot METHOD m_176039_(Lnet/minecraft/world/level/ItemLike;Lnet/minecraft/world/level/storage/loot/providers/number/NumberProvider;)Lnet/minecraft/world/level/storage/loot/LootTable$Builder; to access PROTECTED and LEAVE
[21:37:47] [main/DEBUG]: Transforming net/minecraft/data/loot/BlockLoot METHOD m_176042_(Lnet/minecraft/world/level/block/Block;Lnet/minecraft/world/level/ItemLike;Lnet/minecraft/world/level/storage/loot/providers/number/NumberProvider;)Lnet/minecraft/world/level/storage/loot/LootTable$Builder; to access PROTECTED and LEAVE
[21:37:47] [main/DEBUG]: Transforming net/minecraft/data/loot/BlockLoot METHOD m_124250_(Lnet/minecraft/world/level/ItemLike;)Lnet/minecraft/world/level/storage/loot/LootTable$Builder; to access PROTECTED and LEAVE
[21:37:47] [main/DEBUG]: Transforming net/minecraft/data/loot/BlockLoot METHOD m_124270_(Lnet/minecraft/world/level/ItemLike;)Lnet/minecraft/world/level/storage/loot/LootTable$Builder; to access PROTECTED and LEAVE
[21:37:47] [main/DEBUG]: Transforming net/minecraft/data/loot/BlockLoot METHOD m_124290_(Lnet/minecraft/world/level/block/Block;)Lnet/minecraft/world/level/storage/loot/LootTable$Builder; to access PROTECTED and LEAVE
[21:37:47] [main/DEBUG]: Transforming net/minecraft/data/loot/BlockLoot METHOD m_124161_(Lnet/minecraft/world/level/block/Block;Lnet/minecraft/world/level/block/state/properties/Property;Ljava/lang/Comparable;)Lnet/minecraft/world/level/storage/loot/LootTable$Builder; to access PROTECTED and LEAVE
[21:37:47] [main/DEBUG]: Transforming net/minecraft/data/loot/BlockLoot METHOD m_124292_(Lnet/minecraft/world/level/block/Block;)Lnet/minecraft/world/level/storage/loot/LootTable$Builder; to access PROTECTED and LEAVE
[21:37:47] [main/DEBUG]: Transforming net/minecraft/data/loot/BlockLoot METHOD m_124294_(Lnet/minecraft/world/level/block/Block;)Lnet/minecraft/world/level/storage/loot/LootTable$Builder; to access PROTECTED and LEAVE
[21:37:47] [main/DEBUG]: Transforming net/minecraft/data/loot/BlockLoot METHOD m_176046_(Lnet/minecraft/world/level/block/Block;)Lnet/minecraft/world/level/storage/loot/LootTable$Builder; to access PROTECTED and LEAVE
[21:37:47] [main/DEBUG]: Transforming net/minecraft/data/loot/BlockLoot METHOD m_176048_(Lnet/minecraft/world/level/block/Block;)Lnet/minecraft/world/level/storage/loot/LootTable$Builder; to access PROTECTED and LEAVE
[21:37:47] [main/DEBUG]: Transforming net/minecraft/data/loot/BlockLoot METHOD m_176050_(Lnet/minecraft/world/level/block/Block;)Lnet/minecraft/world/level/storage/loot/LootTable$Builder; to access PROTECTED and LEAVE
[21:37:47] [main/DEBUG]: Transforming net/minecraft/data/loot/BlockLoot METHOD m_124296_(Lnet/minecraft/world/level/block/Block;)Lnet/minecraft/world/level/storage/loot/LootTable$Builder; to access PROTECTED and LEAVE
[21:37:47] [main/DEBUG]: Transforming net/minecraft/data/loot/BlockLoot METHOD m_124298_(Lnet/minecraft/world/level/block/Block;)Lnet/minecraft/world/level/storage/loot/LootTable$Builder; to access PROTECTED and LEAVE
[21:37:47] [main/DEBUG]: Transforming net/minecraft/data/loot/BlockLoot METHOD m_124300_(Lnet/minecraft/world/level/block/Block;)Lnet/minecraft/world/level/storage/loot/LootTable$Builder; to access PROTECTED and LEAVE
[21:37:47] [main/DEBUG]: Transforming net/minecraft/data/loot/BlockLoot METHOD m_176052_(Lnet/minecraft/world/level/block/Block;)Lnet/minecraft/world/level/storage/loot/LootTable$Builder; to access PROTECTED and LEAVE
[21:37:47] [main/DEBUG]: Transforming net/minecraft/data/loot/BlockLoot METHOD m_124139_(Lnet/minecraft/world/level/block/Block;Lnet/minecraft/world/item/Item;)Lnet/minecraft/world/level/storage/loot/LootTable$Builder; to access PROTECTED and LEAVE
[21:37:47] [main/DEBUG]: Transforming net/minecraft/data/loot/BlockLoot METHOD m_124277_(Lnet/minecraft/world/level/block/Block;Lnet/minecraft/world/level/ItemLike;)Lnet/minecraft/world/level/storage/loot/LootTable$Builder; to access PROTECTED and LEAVE
[21:37:47] [main/DEBUG]: Transforming net/minecraft/data/loot/BlockLoot METHOD m_124302_(Lnet/minecraft/world/level/block/Block;)Lnet/minecraft/world/level/storage/loot/LootTable$Builder; to access PROTECTED and LEAVE
[21:37:47] [main/DEBUG]: Transforming net/minecraft/data/loot/BlockLoot METHOD m_124254_(Lnet/minecraft/world/level/block/Block;Lnet/minecraft/world/item/Item;)Lnet/minecraft/world/level/storage/loot/LootTable$Builder; to access PROTECTED and LEAVE
[21:37:47] [main/DEBUG]: Transforming net/minecraft/data/loot/BlockLoot METHOD m_124274_(Lnet/minecraft/world/level/block/Block;Lnet/minecraft/world/item/Item;)Lnet/minecraft/world/level/storage/loot/LootTable$Builder; to access PROTECTED and LEAVE
[21:37:47] [main/DEBUG]: Transforming net/minecraft/data/loot/BlockLoot METHOD m_124286_(Lnet/minecraft/world/level/ItemLike;)Lnet/minecraft/world/level/storage/loot/LootTable$Builder; to access PROTECTED and LEAVE
[21:37:47] [main/DEBUG]: Transforming net/minecraft/data/loot/BlockLoot METHOD m_236227_(Lnet/minecraft/world/level/block/Block;Lnet/minecraft/world/level/storage/loot/predicates/LootItemCondition$Builder;)Lnet/minecraft/world/level/storage/loot/LootTable$Builder; to access PROTECTED and LEAVE
[21:37:47] [main/DEBUG]: Transforming net/minecraft/data/loot/BlockLoot METHOD m_124157_(Lnet/minecraft/world/level/block/Block;Lnet/minecraft/world/level/block/Block;[F)Lnet/minecraft/world/level/storage/loot/LootTable$Builder; to access PROTECTED and LEAVE
[21:37:47] [main/DEBUG]: Transforming net/minecraft/data/loot/BlockLoot METHOD m_124263_(Lnet/minecraft/world/level/block/Block;Lnet/minecraft/world/level/block/Block;[F)Lnet/minecraft/world/level/storage/loot/LootTable$Builder; to access PROTECTED and LEAVE
[21:37:47] [main/DEBUG]: Transforming net/minecraft/data/loot/BlockLoot METHOD m_236248_(Lnet/minecraft/world/level/block/Block;)Lnet/minecraft/world/level/storage/loot/LootTable$Builder; to access PROTECTED and LEAVE
[21:37:47] [main/DEBUG]: Transforming net/minecraft/data/loot/BlockLoot METHOD m_124142_(Lnet/minecraft/world/level/block/Block;Lnet/minecraft/world/item/Item;Lnet/minecraft/world/item/Item;Lnet/minecraft/world/level/storage/loot/predicates/LootItemCondition$Builder;)Lnet/minecraft/world/level/storage/loot/LootTable$Builder; to access PROTECTED and LEAVE
[21:37:47] [main/DEBUG]: Transforming net/minecraft/data/loot/BlockLoot METHOD m_124304_(Lnet/minecraft/world/level/block/Block;)Lnet/minecraft/world/level/storage/loot/LootTable$Builder; to access PROTECTED and LEAVE
[21:37:47] [main/DEBUG]: Transforming net/minecraft/data/loot/BlockLoot METHOD m_124260_(Lnet/minecraft/world/level/block/Block;Lnet/minecraft/world/level/block/Block;)Lnet/minecraft/world/level/storage/loot/LootTable$Builder; to access PROTECTED and LEAVE
[21:37:47] [main/DEBUG]: Transforming net/minecraft/data/loot/BlockLoot METHOD m_176056_(Lnet/minecraft/world/level/block/Block;)Lnet/minecraft/world/level/storage/loot/LootTable$Builder; to access PROTECTED and LEAVE
[21:37:47] [main/DEBUG]: Transforming net/minecraft/data/loot/BlockLoot METHOD m_176058_(Lnet/minecraft/world/level/block/Block;)Lnet/minecraft/world/level/storage/loot/LootTable$Builder; to access PROTECTED and LEAVE
[21:37:47] [main/DEBUG]: Transforming net/minecraft/data/loot/BlockLoot METHOD m_124175_(Lnet/minecraft/world/level/block/Block;Ljava/util/function/Function;)V to access PROTECTED and LEAVE
[21:37:47] [main/DEBUG]: Transforming net/minecraft/data/loot/BlockLoot METHOD m_124165_(Lnet/minecraft/world/level/block/Block;Lnet/minecraft/world/level/storage/loot/LootTable$Builder;)V to access PROTECTED and LEAVE
[21:37:47] [main/DEBUG]: Skipping Lnet/minecraft/data/info/package-info;
[21:37:47] [main/DEBUG]: Skipping Lnet/minecraft/data/info/RegistryDumpReport;
[21:37:47] [main/DEBUG]: Skipping Lnet/minecraft/data/info/CommandsReport;
[21:37:47] [main/DEBUG]: Skipping Lnet/minecraft/data/info/BlockListReport;
[21:37:47] [main/DEBUG]: Skipping Lnet/minecraft/data/info/BiomeParametersDumpReport;
[21:37:47] [main/DEBUG]: Skipping Lnet/minecraft/data/info/WorldgenRegistryDumpReport;
[21:37:47] [main/DEBUG]: Skipping Lnet/minecraft/data/advancements/package-info;
[21:37:47] [main/DEBUG]: Skipping Lnet/minecraft/data/advancements/TheEndAdvancements;
[21:37:47] [main/DEBUG]: Skipping Lnet/minecraft/data/advancements/StoryAdvancements;
[21:37:47] [main/DEBUG]: Skipping Lnet/minecraft/data/advancements/NetherAdvancements;
[21:37:47] [main/DEBUG]: Skipping Lnet/minecraft/data/advancements/HusbandryAdvancements;
[21:37:47] [main/DEBUG]: Skipping Lnet/minecraft/data/advancements/AdventureAdvancements;
[21:37:47] [main/DEBUG]: Skipping Lnet/minecraft/data/advancements/AdvancementProvider;
[21:37:47] [main/DEBUG]: Skipping Lnet/minecraft/data/DataProvider;
[21:37:47] [main/DEBUG]: Skipping Lnet/minecraft/data/CachedOutput;
[21:37:47] [main/DEBUG]: Skipping Lnet/minecraft/data/BlockFamily;
[21:37:47] [main/DEBUG]: Skipping Lnet/minecraft/data/BlockFamily$Variant;
[21:37:47] [main/DEBUG]: Skipping Lnet/minecraft/data/BlockFamily$Builder;
[21:37:47] [main/DEBUG]: Skipping Lnet/minecraft/data/BlockFamilies;
[21:37:47] [main/DEBUG]: Skipping Lnet/minecraft/data/Main;
[21:37:47] [main/DEBUG]: Skipping Lnet/minecraft/data/HashCache;
[21:37:47] [main/DEBUG]: Skipping Lnet/minecraft/data/HashCache$ProviderCache;
[21:37:47] [main/DEBUG]: Skipping Lnet/minecraft/data/HashCache$CacheUpdater;
[21:37:47] [main/DEBUG]: Skipping Lnet/minecraft/data/DataGenerator;
[21:37:47] [main/DEBUG]: Skipping Lnet/minecraft/data/DataGenerator$Target;
[21:37:47] [main/DEBUG]: Skipping Lnet/minecraft/data/DataGenerator$PathProvider;
[21:37:47] [main/DEBUG]: Skipping Lnet/minecraft/data/BuiltinRegistries;
[21:37:47] [main/DEBUG]: Skipping Lnet/minecraft/data/BuiltinRegistries$RegistryBootstrap;
[21:37:47] [main/DEBUG]: Skipping Lnet/minecraft/core/particles/package-info;
[21:37:47] [main/DEBUG]: Skipping Lnet/minecraft/core/particles/VibrationParticleOption;
[21:37:47] [main/DEBUG]: Skipping Lnet/minecraft/core/particles/VibrationParticleOption$1;
[21:37:47] [main/DEBUG]: Transforming class Lnet/minecraft/core/particles/SimpleParticleType;
[21:37:47] [main/DEBUG]: Transforming net/minecraft/core/particles/SimpleParticleType METHOD <init>(Z)V to access PUBLIC and LEAVE
[21:37:47] [main/DEBUG]: Skipping Lnet/minecraft/core/particles/SimpleParticleType$1;
[21:37:47] [main/DEBUG]: Skipping Lnet/minecraft/core/particles/ShriekParticleOption;
[21:37:47] [main/DEBUG]: Skipping Lnet/minecraft/core/particles/ShriekParticleOption$1;
[21:37:47] [main/DEBUG]: Skipping Lnet/minecraft/core/particles/SculkChargeParticleOptions;
[21:37:47] [main/DEBUG]: Skipping Lnet/minecraft/core/particles/SculkChargeParticleOptions$1;
[21:37:47] [main/DEBUG]: Skipping Lnet/minecraft/core/particles/ParticleTypes;
[21:37:47] [main/DEBUG]: Skipping Lnet/minecraft/core/particles/ParticleTypes$1;
[21:37:47] [main/DEBUG]: Transforming class Lnet/minecraft/core/particles/ParticleType;
[21:37:47] [main/DEBUG]: Transforming net/minecraft/core/particles/ParticleType METHOD <init>(ZLnet/minecraft/core/particles/ParticleOptions$Deserializer;)V to access PUBLIC and LEAVE
[21:37:47] [main/DEBUG]: Skipping Lnet/minecraft/core/particles/ParticleOptions;
[21:37:47] [main/DEBUG]: Skipping Lnet/minecraft/core/particles/ParticleOptions$Deserializer;
[21:37:47] [main/DEBUG]: Skipping Lnet/minecraft/core/particles/ParticleGroup;
[21:37:47] [main/DEBUG]: Skipping Lnet/minecraft/core/particles/DustParticleOptionsBase;
[21:37:47] [main/DEBUG]: Skipping Lnet/minecraft/core/particles/DustParticleOptions;
[21:37:47] [main/DEBUG]: Skipping Lnet/minecraft/core/particles/DustParticleOptions$1;
[21:37:47] [main/DEBUG]: Skipping Lnet/minecraft/core/particles/DustColorTransitionOptions;
[21:37:47] [main/DEBUG]: Skipping Lnet/minecraft/core/particles/DustColorTransitionOptions$1;
[21:37:47] [main/DEBUG]: Skipping Lnet/minecraft/core/particles/ItemParticleOption;
[21:37:47] [main/DEBUG]: Skipping Lnet/minecraft/core/particles/ItemParticleOption$1;
[21:37:47] [main/DEBUG]: Skipping Lnet/minecraft/core/particles/BlockParticleOption;
[21:37:47] [main/DEBUG]: Skipping Lnet/minecraft/core/particles/BlockParticleOption$1;
[21:37:47] [main/DEBUG]: Skipping Lnet/minecraft/core/package-info;
[21:37:47] [main/DEBUG]: Skipping Lnet/minecraft/core/dispenser/package-info;
[21:37:47] [main/DEBUG]: Skipping Lnet/minecraft/core/dispenser/ShulkerBoxDispenseBehavior;
[21:37:47] [main/DEBUG]: Skipping Lnet/minecraft/core/dispenser/ShearsDispenseItemBehavior;
[21:37:47] [main/DEBUG]: Skipping Lnet/minecraft/core/dispenser/OptionalDispenseItemBehavior;
[21:37:47] [main/DEBUG]: Skipping Lnet/minecraft/core/dispenser/DefaultDispenseItemBehavior;
[21:37:47] [main/DEBUG]: Skipping Lnet/minecraft/core/dispenser/AbstractProjectileDispenseBehavior;
[21:37:47] [main/DEBUG]: Skipping Lnet/minecraft/core/dispenser/DispenseItemBehavior;
[21:37:47] [main/DEBUG]: Skipping Lnet/minecraft/core/dispenser/DispenseItemBehavior$9;
[21:37:47] [main/DEBUG]: Skipping Lnet/minecraft/core/dispenser/DispenseItemBehavior$8;
[21:37:47] [main/DEBUG]: Skipping Lnet/minecraft/core/dispenser/DispenseItemBehavior$8$1;
[21:37:47] [main/DEBUG]: Skipping Lnet/minecraft/core/dispenser/DispenseItemBehavior$7;
[21:37:47] [main/DEBUG]: Skipping Lnet/minecraft/core/dispenser/DispenseItemBehavior$7$1;
[21:37:47] [main/DEBUG]: Skipping Lnet/minecraft/core/dispenser/DispenseItemBehavior$6;
[21:37:47] [main/DEBUG]: Skipping Lnet/minecraft/core/dispenser/DispenseItemBehavior$5;
[21:37:47] [main/DEBUG]: Skipping Lnet/minecraft/core/dispenser/DispenseItemBehavior$4;
[21:37:47] [main/DEBUG]: Skipping Lnet/minecraft/core/dispenser/DispenseItemBehavior$3;
[21:37:47] [main/DEBUG]: Skipping Lnet/minecraft/core/dispenser/DispenseItemBehavior$27;
[21:37:47] [main/DEBUG]: Skipping Lnet/minecraft/core/dispenser/DispenseItemBehavior$26;
[21:37:47] [main/DEBUG]: Skipping Lnet/minecraft/core/dispenser/DispenseItemBehavior$25;
[21:37:47] [main/DEBUG]: Skipping Lnet/minecraft/core/dispenser/DispenseItemBehavior$24;
[21:37:47] [main/DEBUG]: Skipping Lnet/minecraft/core/dispenser/DispenseItemBehavior$23;
[21:37:47] [main/DEBUG]: Skipping Lnet/minecraft/core/dispenser/DispenseItemBehavior$22;
[21:37:47] [main/DEBUG]: Skipping Lnet/minecraft/core/dispenser/DispenseItemBehavior$21;
[21:37:47] [main/DEBUG]: Skipping Lnet/minecraft/core/dispenser/DispenseItemBehavior$20;
[21:37:47] [main/DEBUG]: Skipping Lnet/minecraft/core/dispenser/DispenseItemBehavior$2;
[21:37:47] [main/DEBUG]: Skipping Lnet/minecraft/core/dispenser/DispenseItemBehavior$19;
[21:37:47] [main/DEBUG]: Skipping Lnet/minecraft/core/dispenser/DispenseItemBehavior$18;
[21:37:47] [main/DEBUG]: Skipping Lnet/minecraft/core/dispenser/DispenseItemBehavior$17;
[21:37:47] [main/DEBUG]: Skipping Lnet/minecraft/core/dispenser/DispenseItemBehavior$16;
[21:37:47] [main/DEBUG]: Skipping Lnet/minecraft/core/dispenser/DispenseItemBehavior$15;
[21:37:47] [main/DEBUG]: Skipping Lnet/minecraft/core/dispenser/DispenseItemBehavior$14;
[21:37:47] [main/DEBUG]: Skipping Lnet/minecraft/core/dispenser/DispenseItemBehavior$13;
[21:37:47] [main/DEBUG]: Skipping Lnet/minecraft/core/dispenser/DispenseItemBehavior$12;
[21:37:47] [main/DEBUG]: Skipping Lnet/minecraft/core/dispenser/DispenseItemBehavior$11;
[21:37:47] [main/DEBUG]: Skipping Lnet/minecraft/core/dispenser/DispenseItemBehavior$10;
[21:37:47] [main/DEBUG]: Skipping Lnet/minecraft/core/dispenser/DispenseItemBehavior$1;
[21:37:47] [main/DEBUG]: Skipping Lnet/minecraft/core/dispenser/BoatDispenseItemBehavior;
[21:37:47] [main/DEBUG]: Skipping Lnet/minecraft/core/cauldron/package-info;
[21:37:47] [main/DEBUG]: Skipping Lnet/minecraft/core/cauldron/CauldronInteraction;
[21:37:47] [main/DEBUG]: Skipping Lnet/minecraft/core/WritableRegistry;
[21:37:47] [main/DEBUG]: Skipping Lnet/minecraft/core/Vec3i;
[21:37:47] [main/DEBUG]: Skipping Lnet/minecraft/core/UUIDUtil;
[21:37:47] [main/DEBUG]: Skipping Lnet/minecraft/core/SectionPos;
[21:37:47] [main/DEBUG]: Skipping Lnet/minecraft/core/SectionPos$1;
[21:37:47] [main/DEBUG]: Skipping Lnet/minecraft/core/Rotations;
[21:37:47] [main/DEBUG]: Skipping Lnet/minecraft/core/QuartPos;
[21:37:47] [main/DEBUG]: Skipping Lnet/minecraft/core/PositionImpl;
[21:37:47] [main/DEBUG]: Skipping Lnet/minecraft/core/Position;
[21:37:47] [main/DEBUG]: Skipping Lnet/minecraft/core/NonNullList;
[21:37:47] [main/DEBUG]: Transforming class Lnet/minecraft/core/IdMapper;
[21:37:47] [main/DEBUG]: Transforming net/minecraft/core/IdMapper FIELD f_122653_ to access PROTECTED and LEAVE
[21:37:47] [main/DEBUG]: Transforming net/minecraft/core/IdMapper FIELD f_122654_ to access PROTECTED and LEAVE
[21:37:47] [main/DEBUG]: Transforming net/minecraft/core/IdMapper FIELD f_122655_ to access PROTECTED and LEAVE
[21:37:47] [main/DEBUG]: Skipping Lnet/minecraft/core/IdMap;
[21:37:47] [main/DEBUG]: Skipping Lnet/minecraft/core/HolderLookup;
[21:37:47] [main/DEBUG]: Skipping Lnet/minecraft/core/HolderLookup$RegistryLookup;
[21:37:47] [main/DEBUG]: Skipping Lnet/minecraft/core/GlobalPos;
[21:37:47] [main/DEBUG]: Skipping Lnet/minecraft/core/FrontAndTop;
[21:37:47] [main/DEBUG]: Skipping Lnet/minecraft/core/Direction8;
[21:37:47] [main/DEBUG]: Skipping Lnet/minecraft/core/Direction;
[21:37:47] [main/DEBUG]: Skipping Lnet/minecraft/core/Direction$Plane;
[21:37:47] [main/DEBUG]: Skipping Lnet/minecraft/core/Direction$AxisDirection;
[21:37:47] [main/DEBUG]: Skipping Lnet/minecraft/core/Direction$Axis;
[21:37:47] [main/DEBUG]: Skipping Lnet/minecraft/core/Direction$Axis$3;
[21:37:47] [main/DEBUG]: Skipping Lnet/minecraft/core/Direction$Axis$2;
[21:37:47] [main/DEBUG]: Skipping Lnet/minecraft/core/Direction$Axis$1;
[21:37:47] [main/DEBUG]: Skipping Lnet/minecraft/core/Direction$1;
[21:37:47] [main/DEBUG]: Skipping Lnet/minecraft/core/DefaultedRegistry;
[21:37:47] [main/DEBUG]: Skipping Lnet/minecraft/core/Cursor3D;
[21:37:47] [main/DEBUG]: Skipping Lnet/minecraft/core/BlockSourceImpl;
[21:37:47] [main/DEBUG]: Skipping Lnet/minecraft/core/BlockSource;
[21:37:47] [main/DEBUG]: Skipping Lnet/minecraft/core/BlockPos;
[21:37:47] [main/DEBUG]: Skipping Lnet/minecraft/core/BlockPos$MutableBlockPos;
[21:37:47] [main/DEBUG]: Skipping Lnet/minecraft/core/BlockPos$5;
[21:37:47] [main/DEBUG]: Skipping Lnet/minecraft/core/BlockPos$4;
[21:37:47] [main/DEBUG]: Skipping Lnet/minecraft/core/BlockPos$3;
[21:37:47] [main/DEBUG]: Skipping Lnet/minecraft/core/BlockPos$2;
[21:37:47] [main/DEBUG]: Skipping Lnet/minecraft/core/BlockPos$1;
[21:37:47] [main/DEBUG]: Skipping Lnet/minecraft/core/BlockMath;
[21:37:47] [main/DEBUG]: Skipping Lnet/minecraft/core/AxisCycle;
[21:37:47] [main/DEBUG]: Skipping Lnet/minecraft/core/AxisCycle$3;
[21:37:47] [main/DEBUG]: Skipping Lnet/minecraft/core/AxisCycle$2;
[21:37:47] [main/DEBUG]: Skipping Lnet/minecraft/core/AxisCycle$1;
[21:37:47] [main/DEBUG]: Skipping Lnet/minecraft/core/RegistryCodecs;
[21:37:47] [main/DEBUG]: Skipping Lnet/minecraft/core/RegistryCodecs$RegistryEntry;
[21:37:47] [main/DEBUG]: Skipping Lnet/minecraft/core/RegistryCodecs$1;
[21:37:47] [main/DEBUG]: Skipping Lnet/minecraft/core/RegistryAccess;
[21:37:47] [main/DEBUG]: Skipping Lnet/minecraft/core/RegistryAccess$WritableRegistryAccess;
[21:37:47] [main/DEBUG]: Skipping Lnet/minecraft/core/RegistryAccess$Writable;
[21:37:47] [main/DEBUG]: Skipping Lnet/minecraft/core/RegistryAccess$RegistryEntry;
[21:37:47] [main/DEBUG]: Skipping Lnet/minecraft/core/RegistryAccess$RegistryData;
[21:37:47] [main/DEBUG]: Skipping Lnet/minecraft/core/RegistryAccess$ImmutableRegistryAccess;
[21:37:47] [main/DEBUG]: Skipping Lnet/minecraft/core/RegistryAccess$Frozen;
[21:37:47] [main/DEBUG]: Skipping Lnet/minecraft/core/RegistryAccess$1;
[21:37:47] [main/DEBUG]: Skipping Lnet/minecraft/core/Registry;
[21:37:47] [main/DEBUG]: Skipping Lnet/minecraft/core/Registry$RegistryBootstrap;
[21:37:47] [main/DEBUG]: Skipping Lnet/minecraft/core/Registry$1;
[21:37:47] [main/DEBUG]: Skipping Lnet/minecraft/core/MappedRegistry;
[21:37:47] [main/DEBUG]: Skipping Lnet/minecraft/core/HolderSet;
[21:37:47] [main/DEBUG]: Transforming class Lnet/minecraft/core/HolderSet$Named;
[21:37:47] [main/DEBUG]: Transforming net/minecraft/core/HolderSet$Named METHOD <init>(Lnet/minecraft/core/Registry;Lnet/minecraft/tags/TagKey;)V to access PUBLIC and LEAVE
[21:37:47] [main/DEBUG]: Transforming net/minecraft/core/HolderSet$Named METHOD m_205835_(Ljava/util/List;)V to access PUBLIC and LEAVE
[21:37:47] [main/DEBUG]: Skipping Lnet/minecraft/core/HolderSet$ListBacked;
[21:37:47] [main/DEBUG]: Skipping Lnet/minecraft/core/HolderSet$Direct;
[21:37:47] [main/DEBUG]: Skipping Lnet/minecraft/core/Holder;
[21:37:47] [main/DEBUG]: Transforming class Lnet/minecraft/core/Holder$Reference;
[21:37:47] [main/DEBUG]: Transforming net/minecraft/core/Holder$Reference INNERCLASS Type to access PUBLIC and LEAVE
[21:37:47] [main/DEBUG]: Transforming net/minecraft/core/Holder$Reference METHOD m_205775_(Lnet/minecraft/resources/ResourceKey;Ljava/lang/Object;)V to access PUBLIC and LEAVE
[21:37:47] [main/DEBUG]: Transforming net/minecraft/core/Holder$Reference METHOD m_205769_(Ljava/util/Collection;)V to access PUBLIC and LEAVE
[21:37:47] [main/DEBUG]: Transforming class Lnet/minecraft/core/Holder$Reference$Type;
[21:37:47] [main/DEBUG]: Transforming net/minecraft/core/Holder$Reference$Type CLASS to access PUBLIC and LEAVE
[21:37:47] [main/DEBUG]: Skipping Lnet/minecraft/core/Holder$Kind;
[21:37:47] [main/DEBUG]: Skipping Lnet/minecraft/core/Holder$Direct;
[21:37:47] [main/DEBUG]: Skipping Lnet/minecraft/commands/synchronization/package-info;
[21:37:47] [main/DEBUG]: Skipping Lnet/minecraft/commands/synchronization/brigadier/package-info;
[21:37:47] [main/DEBUG]: Skipping Lnet/minecraft/commands/synchronization/brigadier/StringArgumentSerializer;
[21:37:47] [main/DEBUG]: Skipping Lnet/minecraft/commands/synchronization/brigadier/StringArgumentSerializer$Template;
[21:37:47] [main/DEBUG]: Skipping Lnet/minecraft/commands/synchronization/brigadier/StringArgumentSerializer$1;
[21:37:47] [main/DEBUG]: Skipping Lnet/minecraft/commands/synchronization/brigadier/LongArgumentInfo;
[21:37:47] [main/DEBUG]: Skipping Lnet/minecraft/commands/synchronization/brigadier/LongArgumentInfo$Template;
[21:37:47] [main/DEBUG]: Skipping Lnet/minecraft/commands/synchronization/brigadier/IntegerArgumentInfo;
[21:37:47] [main/DEBUG]: Skipping Lnet/minecraft/commands/synchronization/brigadier/IntegerArgumentInfo$Template;
[21:37:47] [main/DEBUG]: Skipping Lnet/minecraft/commands/synchronization/brigadier/FloatArgumentInfo;
[21:37:47] [main/DEBUG]: Skipping Lnet/minecraft/commands/synchronization/brigadier/FloatArgumentInfo$Template;
[21:37:47] [main/DEBUG]: Skipping Lnet/minecraft/commands/synchronization/brigadier/DoubleArgumentInfo;
[21:37:47] [main/DEBUG]: Skipping Lnet/minecraft/commands/synchronization/brigadier/DoubleArgumentInfo$Template;
[21:37:47] [main/DEBUG]: Skipping Lnet/minecraft/commands/synchronization/SuggestionProviders;
[21:37:47] [main/DEBUG]: Skipping Lnet/minecraft/commands/synchronization/SuggestionProviders$Wrapper;
[21:37:47] [main/DEBUG]: Skipping Lnet/minecraft/commands/synchronization/SingletonArgumentInfo;
[21:37:47] [main/DEBUG]: Skipping Lnet/minecraft/commands/synchronization/SingletonArgumentInfo$Template;
[21:37:47] [main/DEBUG]: Skipping Lnet/minecraft/commands/synchronization/ArgumentUtils;
[21:37:47] [main/DEBUG]: Skipping Lnet/minecraft/commands/synchronization/ArgumentTypeInfo;
[21:37:47] [main/DEBUG]: Skipping Lnet/minecraft/commands/synchronization/ArgumentTypeInfo$Template;
[21:37:47] [main/DEBUG]: Skipping Lnet/minecraft/commands/synchronization/ArgumentTypeInfos;
[21:37:47] [main/DEBUG]: Skipping Lnet/minecraft/commands/package-info;
[21:37:47] [main/DEBUG]: Skipping Lnet/minecraft/commands/arguments/selector/package-info;
[21:37:47] [main/DEBUG]: Skipping Lnet/minecraft/commands/arguments/selector/options/package-info;
[21:37:47] [main/DEBUG]: Transforming class Lnet/minecraft/commands/arguments/selector/options/EntitySelectorOptions;
[21:37:47] [main/DEBUG]: Transforming net/minecraft/commands/arguments/selector/options/EntitySelectorOptions METHOD m_121453_(Ljava/lang/String;Lnet/minecraft/commands/arguments/selector/options/EntitySelectorOptions$Modifier;Ljava/util/function/Predicate;Lnet/minecraft/network/chat/Component;)V to access PUBLIC and LEAVE
[21:37:47] [main/DEBUG]: Skipping Lnet/minecraft/commands/arguments/selector/options/EntitySelectorOptions$Option;
[21:37:47] [main/DEBUG]: Skipping Lnet/minecraft/commands/arguments/selector/options/EntitySelectorOptions$Modifier;
[21:37:47] [main/DEBUG]: Transforming class Lnet/minecraft/commands/arguments/selector/EntitySelectorParser;
[21:37:47] [main/DEBUG]: Transforming net/minecraft/commands/arguments/selector/EntitySelectorParser METHOD m_121229_()V to access PUBLIC and LEAVE
[21:37:47] [main/DEBUG]: Transforming net/minecraft/commands/arguments/selector/EntitySelectorParser METHOD m_121317_()V to access PUBLIC and LEAVE
[21:37:47] [main/DEBUG]: Skipping Lnet/minecraft/commands/arguments/selector/EntitySelector;
[21:37:47] [main/DEBUG]: Skipping Lnet/minecraft/commands/arguments/selector/EntitySelector$1;
[21:37:47] [main/DEBUG]: Skipping Lnet/minecraft/commands/arguments/package-info;
[21:37:47] [main/DEBUG]: Skipping Lnet/minecraft/commands/arguments/item/package-info;
[21:37:47] [main/DEBUG]: Skipping Lnet/minecraft/commands/arguments/item/ItemPredicateArgument;
[21:37:47] [main/DEBUG]: Skipping Lnet/minecraft/commands/arguments/item/ItemPredicateArgument$Result;
[21:37:47] [main/DEBUG]: Skipping Lnet/minecraft/commands/arguments/item/ItemParser;
[21:37:47] [main/DEBUG]: Skipping Lnet/minecraft/commands/arguments/item/ItemParser$TagResult;
[21:37:47] [main/DEBUG]: Skipping Lnet/minecraft/commands/arguments/item/ItemParser$ItemResult;
[21:37:47] [main/DEBUG]: Skipping Lnet/minecraft/commands/arguments/item/ItemInput;
[21:37:47] [main/DEBUG]: Skipping Lnet/minecraft/commands/arguments/item/ItemArgument;
[21:37:47] [main/DEBUG]: Skipping Lnet/minecraft/commands/arguments/item/FunctionArgument;
[21:37:47] [main/DEBUG]: Skipping Lnet/minecraft/commands/arguments/item/FunctionArgument$Result;
[21:37:47] [main/DEBUG]: Skipping Lnet/minecraft/commands/arguments/item/FunctionArgument$2;
[21:37:47] [main/DEBUG]: Skipping Lnet/minecraft/commands/arguments/item/FunctionArgument$1;
[21:37:47] [main/DEBUG]: Skipping Lnet/minecraft/commands/arguments/coordinates/package-info;
[21:37:47] [main/DEBUG]: Skipping Lnet/minecraft/commands/arguments/coordinates/WorldCoordinates;
[21:37:47] [main/DEBUG]: Skipping Lnet/minecraft/commands/arguments/coordinates/WorldCoordinate;
[21:37:47] [main/DEBUG]: Skipping Lnet/minecraft/commands/arguments/coordinates/Vec3Argument;
[21:37:47] [main/DEBUG]: Skipping Lnet/minecraft/commands/arguments/coordinates/Vec2Argument;
[21:37:47] [main/DEBUG]: Skipping Lnet/minecraft/commands/arguments/coordinates/SwizzleArgument;
[21:37:47] [main/DEBUG]: Skipping Lnet/minecraft/commands/arguments/coordinates/RotationArgument;
[21:37:47] [main/DEBUG]: Skipping Lnet/minecraft/commands/arguments/coordinates/LocalCoordinates;
[21:37:47] [main/DEBUG]: Skipping Lnet/minecraft/commands/arguments/coordinates/Coordinates;
[21:37:47] [main/DEBUG]: Skipping Lnet/minecraft/commands/arguments/coordinates/ColumnPosArgument;
[21:37:47] [main/DEBUG]: Skipping Lnet/minecraft/commands/arguments/coordinates/BlockPosArgument;
[21:37:47] [main/DEBUG]: Skipping Lnet/minecraft/commands/arguments/blocks/package-info;
[21:37:47] [main/DEBUG]: Skipping Lnet/minecraft/commands/arguments/blocks/BlockStateParser;
[21:37:47] [main/DEBUG]: Skipping Lnet/minecraft/commands/arguments/blocks/BlockStateParser$TagResult;
[21:37:47] [main/DEBUG]: Skipping Lnet/minecraft/commands/arguments/blocks/BlockStateParser$BlockResult;
[21:37:47] [main/DEBUG]: Skipping Lnet/minecraft/commands/arguments/blocks/BlockStateArgument;
[21:37:47] [main/DEBUG]: Skipping Lnet/minecraft/commands/arguments/blocks/BlockPredicateArgument;
[21:37:47] [main/DEBUG]: Skipping Lnet/minecraft/commands/arguments/blocks/BlockPredicateArgument$TagPredicate;
[21:37:47] [main/DEBUG]: Skipping Lnet/minecraft/commands/arguments/blocks/BlockPredicateArgument$Result;
[21:37:47] [main/DEBUG]: Skipping Lnet/minecraft/commands/arguments/blocks/BlockPredicateArgument$BlockPredicate;
[21:37:47] [main/DEBUG]: Skipping Lnet/minecraft/commands/arguments/blocks/BlockInput;
[21:37:47] [main/DEBUG]: Skipping Lnet/minecraft/commands/arguments/UuidArgument;
[21:37:47] [main/DEBUG]: Skipping Lnet/minecraft/commands/arguments/TimeArgument;
[21:37:47] [main/DEBUG]: Skipping Lnet/minecraft/commands/arguments/TemplateRotationArgument;
[21:37:47] [main/DEBUG]: Skipping Lnet/minecraft/commands/arguments/TemplateMirrorArgument;
[21:37:47] [main/DEBUG]: Skipping Lnet/minecraft/commands/arguments/StringRepresentableArgument;
[21:37:47] [main/DEBUG]: Skipping Lnet/minecraft/commands/arguments/SlotArgument;
[21:37:47] [main/DEBUG]: Skipping Lnet/minecraft/commands/arguments/SignedArgument;
[21:37:47] [main/DEBUG]: Skipping Lnet/minecraft/commands/arguments/ScoreboardSlotArgument;
[21:37:47] [main/DEBUG]: Skipping Lnet/minecraft/commands/arguments/ScoreHolderArgument;
[21:37:47] [main/DEBUG]: Skipping Lnet/minecraft/commands/arguments/ScoreHolderArgument$SelectorResult;
[21:37:47] [main/DEBUG]: Skipping Lnet/minecraft/commands/arguments/ScoreHolderArgument$Result;
[21:37:47] [main/DEBUG]: Skipping Lnet/minecraft/commands/arguments/ScoreHolderArgument$Info;
[21:37:47] [main/DEBUG]: Skipping Lnet/minecraft/commands/arguments/ScoreHolderArgument$Info$Template;
[21:37:47] [main/DEBUG]: Skipping Lnet/minecraft/commands/arguments/ResourceOrTagLocationArgument;
[21:37:47] [main/DEBUG]: Skipping Lnet/minecraft/commands/arguments/ResourceOrTagLocationArgument$TagResult;
[21:37:47] [main/DEBUG]: Skipping Lnet/minecraft/commands/arguments/ResourceOrTagLocationArgument$Result;
[21:37:47] [main/DEBUG]: Skipping Lnet/minecraft/commands/arguments/ResourceOrTagLocationArgument$ResourceResult;
[21:37:47] [main/DEBUG]: Skipping Lnet/minecraft/commands/arguments/ResourceOrTagLocationArgument$Info;
[21:37:47] [main/DEBUG]: Skipping Lnet/minecraft/commands/arguments/ResourceOrTagLocationArgument$Info$Template;
[21:37:47] [main/DEBUG]: Skipping Lnet/minecraft/commands/arguments/ResourceKeyArgument;
[21:37:47] [main/DEBUG]: Skipping Lnet/minecraft/commands/arguments/ResourceKeyArgument$Info;
[21:37:47] [main/DEBUG]: Skipping Lnet/minecraft/commands/arguments/ResourceKeyArgument$Info$Template;
[21:37:47] [main/DEBUG]: Skipping Lnet/minecraft/commands/arguments/RangeArgument;
[21:37:47] [main/DEBUG]: Skipping Lnet/minecraft/commands/arguments/RangeArgument$Ints;
[21:37:47] [main/DEBUG]: Skipping Lnet/minecraft/commands/arguments/RangeArgument$Floats;
[21:37:47] [main/DEBUG]: Skipping Lnet/minecraft/commands/arguments/PreviewedArgument;
[21:37:47] [main/DEBUG]: Skipping Lnet/minecraft/commands/arguments/ParticleArgument;
[21:37:47] [main/DEBUG]: Skipping Lnet/minecraft/commands/arguments/OperationArgument;
[21:37:47] [main/DEBUG]: Skipping Lnet/minecraft/commands/arguments/OperationArgument$SimpleOperation;
[21:37:47] [main/DEBUG]: Skipping Lnet/minecraft/commands/arguments/OperationArgument$Operation;
[21:37:47] [main/DEBUG]: Skipping Lnet/minecraft/commands/arguments/ObjectiveCriteriaArgument;
[21:37:47] [main/DEBUG]: Skipping Lnet/minecraft/commands/arguments/NbtTagArgument;
[21:37:47] [main/DEBUG]: Skipping Lnet/minecraft/commands/arguments/NbtPathArgument;
[21:37:47] [main/DEBUG]: Skipping Lnet/minecraft/commands/arguments/NbtPathArgument$Node;
[21:37:47] [main/DEBUG]: Skipping Lnet/minecraft/commands/arguments/NbtPathArgument$NbtPath;
[21:37:47] [main/DEBUG]: Skipping Lnet/minecraft/commands/arguments/NbtPathArgument$MatchRootObjectNode;
[21:37:47] [main/DEBUG]: Skipping Lnet/minecraft/commands/arguments/NbtPathArgument$MatchObjectNode;
[21:37:47] [main/DEBUG]: Skipping Lnet/minecraft/commands/arguments/NbtPathArgument$MatchElementNode;
[21:37:47] [main/DEBUG]: Skipping Lnet/minecraft/commands/arguments/NbtPathArgument$IndexedElementNode;
[21:37:47] [main/DEBUG]: Skipping Lnet/minecraft/commands/arguments/NbtPathArgument$CompoundChildNode;
[21:37:47] [main/DEBUG]: Skipping Lnet/minecraft/commands/arguments/NbtPathArgument$AllElementsNode;
[21:37:47] [main/DEBUG]: Skipping Lnet/minecraft/commands/arguments/MobEffectArgument;
[21:37:47] [main/DEBUG]: Skipping Lnet/minecraft/commands/arguments/ItemEnchantmentArgument;
[21:37:47] [main/DEBUG]: Skipping Lnet/minecraft/commands/arguments/GameProfileArgument;
[21:37:47] [main/DEBUG]: Skipping Lnet/minecraft/commands/arguments/GameProfileArgument$SelectorResult;
[21:37:47] [main/DEBUG]: Skipping Lnet/minecraft/commands/arguments/GameProfileArgument$Result;
[21:37:47] [main/DEBUG]: Skipping Lnet/minecraft/commands/arguments/EntitySummonArgument;
[21:37:47] [main/DEBUG]: Skipping Lnet/minecraft/commands/arguments/EntityAnchorArgument;
[21:37:47] [main/DEBUG]: Skipping Lnet/minecraft/commands/arguments/EntityAnchorArgument$Anchor;
[21:37:47] [main/DEBUG]: Skipping Lnet/minecraft/commands/arguments/DimensionArgument;
[21:37:47] [main/DEBUG]: Skipping Lnet/minecraft/commands/arguments/CompoundTagArgument;
[21:37:47] [main/DEBUG]: Skipping Lnet/minecraft/commands/arguments/ComponentArgument;
[21:37:47] [main/DEBUG]: Skipping Lnet/minecraft/commands/arguments/ColorArgument;
[21:37:47] [main/DEBUG]: Skipping Lnet/minecraft/commands/arguments/ArgumentSignatures;
[21:37:47] [main/DEBUG]: Skipping Lnet/minecraft/commands/arguments/ArgumentSignatures$Signer;
[21:37:47] [main/DEBUG]: Skipping Lnet/minecraft/commands/arguments/ArgumentSignatures$Entry;
[21:37:47] [main/DEBUG]: Skipping Lnet/minecraft/commands/arguments/AngleArgument;
[21:37:47] [main/DEBUG]: Skipping Lnet/minecraft/commands/arguments/AngleArgument$SingleAngle;
[21:37:47] [main/DEBUG]: Skipping Lnet/minecraft/commands/arguments/TeamArgument;
[21:37:47] [main/DEBUG]: Skipping Lnet/minecraft/commands/arguments/ResourceLocationArgument;
[21:37:47] [main/DEBUG]: Skipping Lnet/minecraft/commands/arguments/ObjectiveArgument;
[21:37:47] [main/DEBUG]: Skipping Lnet/minecraft/commands/arguments/MessageArgument;
[21:37:47] [main/DEBUG]: Skipping Lnet/minecraft/commands/arguments/MessageArgument$Part;
[21:37:47] [main/DEBUG]: Skipping Lnet/minecraft/commands/arguments/MessageArgument$Message;
[21:37:47] [main/DEBUG]: Skipping Lnet/minecraft/commands/arguments/MessageArgument$ChatMessage;
[21:37:47] [main/DEBUG]: Skipping Lnet/minecraft/commands/arguments/EntityArgument;
[21:37:47] [main/DEBUG]: Skipping Lnet/minecraft/commands/arguments/EntityArgument$Info;
[21:37:47] [main/DEBUG]: Skipping Lnet/minecraft/commands/arguments/EntityArgument$Info$Template;
[21:37:47] [main/DEBUG]: Skipping Lnet/minecraft/commands/SharedSuggestionProvider;
[21:37:47] [main/DEBUG]: Skipping Lnet/minecraft/commands/SharedSuggestionProvider$TextCoordinates;
[21:37:47] [main/DEBUG]: Skipping Lnet/minecraft/commands/SharedSuggestionProvider$ElementSuggestionType;
[21:37:47] [main/DEBUG]: Skipping Lnet/minecraft/commands/CommandSource;
[21:37:47] [main/DEBUG]: Skipping Lnet/minecraft/commands/CommandSource$1;
[21:37:47] [main/DEBUG]: Skipping Lnet/minecraft/commands/CommandSigningContext;
[21:37:47] [main/DEBUG]: Skipping Lnet/minecraft/commands/CommandSigningContext$SignedArguments;
[21:37:47] [main/DEBUG]: Skipping Lnet/minecraft/commands/CommandSigningContext$1;
[21:37:47] [main/DEBUG]: Skipping Lnet/minecraft/commands/CommandRuntimeException;
[21:37:47] [main/DEBUG]: Skipping Lnet/minecraft/commands/CommandFunction;
[21:37:47] [main/DEBUG]: Skipping Lnet/minecraft/commands/CommandFunction$FunctionEntry;
[21:37:47] [main/DEBUG]: Skipping Lnet/minecraft/commands/CommandFunction$Entry;
[21:37:47] [main/DEBUG]: Skipping Lnet/minecraft/commands/CommandFunction$CommandEntry;
[21:37:47] [main/DEBUG]: Skipping Lnet/minecraft/commands/CommandFunction$CacheableFunction;
[21:37:47] [main/DEBUG]: Skipping Lnet/minecraft/commands/CommandBuildContext;
[21:37:47] [main/DEBUG]: Skipping Lnet/minecraft/commands/CommandBuildContext$MissingTagAccessPolicy;
[21:37:47] [main/DEBUG]: Skipping Lnet/minecraft/commands/CommandBuildContext$2;
[21:37:47] [main/DEBUG]: Skipping Lnet/minecraft/commands/CommandBuildContext$1;
[21:37:47] [main/DEBUG]: Skipping Lnet/minecraft/commands/BrigadierExceptions;
[21:37:47] [main/DEBUG]: Skipping Lnet/minecraft/commands/Commands;
[21:37:47] [main/DEBUG]: Skipping Lnet/minecraft/commands/Commands$ParseFunction;
[21:37:47] [main/DEBUG]: Skipping Lnet/minecraft/commands/Commands$CommandSelection;
[21:37:47] [main/DEBUG]: Transforming class Lnet/minecraft/commands/CommandSourceStack;
[21:37:47] [main/DEBUG]: Transforming net/minecraft/commands/CommandSourceStack FIELD f_81288_ to access PUBLIC and LEAVE
[21:37:47] [main/DEBUG]: Skipping Lnet/minecraft/client/tutorial/package-info;
[21:37:47] [main/DEBUG]: Skipping Lnet/minecraft/client/tutorial/TutorialSteps;
[21:37:47] [main/DEBUG]: Skipping Lnet/minecraft/client/tutorial/TutorialStepInstance;
[21:37:47] [main/DEBUG]: Skipping Lnet/minecraft/client/tutorial/Tutorial;
[21:37:47] [main/DEBUG]: Skipping Lnet/minecraft/client/tutorial/Tutorial$TimedToast;
[21:37:47] [main/DEBUG]: Skipping Lnet/minecraft/client/tutorial/PunchTreeTutorialStepInstance;
[21:37:47] [main/DEBUG]: Skipping Lnet/minecraft/client/tutorial/OpenInventoryTutorialStep;
[21:37:47] [main/DEBUG]: Skipping Lnet/minecraft/client/tutorial/MovementTutorialStepInstance;
[21:37:47] [main/DEBUG]: Skipping Lnet/minecraft/client/tutorial/FindTreeTutorialStepInstance;
[21:37:47] [main/DEBUG]: Skipping Lnet/minecraft/client/tutorial/CraftPlanksTutorialStep;
[21:37:47] [main/DEBUG]: Skipping Lnet/minecraft/client/tutorial/CompletedTutorialStepInstance;
[21:37:47] [main/DEBUG]: Skipping Lnet/minecraft/client/tutorial/BundleTutorial;
[21:37:47] [main/DEBUG]: Skipping Lnet/minecraft/client/sounds/package-info;
[21:37:47] [main/DEBUG]: Skipping Lnet/minecraft/client/sounds/Weighted;
[21:37:47] [main/DEBUG]: Skipping Lnet/minecraft/client/sounds/WeighedSoundEvents;
[21:37:47] [main/DEBUG]: Skipping Lnet/minecraft/client/sounds/SoundManager;
[21:37:47] [main/DEBUG]: Skipping Lnet/minecraft/client/sounds/SoundManager$Preparations;
[21:37:47] [main/DEBUG]: Skipping Lnet/minecraft/client/sounds/SoundManager$Preparations$1;
[21:37:47] [main/DEBUG]: Skipping Lnet/minecraft/client/sounds/SoundManager$2;
[21:37:47] [main/DEBUG]: Skipping Lnet/minecraft/client/sounds/SoundManager$1;
[21:37:47] [main/DEBUG]: Skipping Lnet/minecraft/client/sounds/SoundEventListener;
[21:37:47] [main/DEBUG]: Skipping Lnet/minecraft/client/sounds/SoundEngineExecutor;
[21:37:47] [main/DEBUG]: Skipping Lnet/minecraft/client/sounds/SoundBufferLibrary;
[21:37:47] [main/DEBUG]: Skipping Lnet/minecraft/client/sounds/MusicManager;
[21:37:47] [main/DEBUG]: Skipping Lnet/minecraft/client/sounds/LoopingAudioStream;
[21:37:47] [main/DEBUG]: Skipping Lnet/minecraft/client/sounds/LoopingAudioStream$NoCloseBuffer;
[21:37:47] [main/DEBUG]: Skipping Lnet/minecraft/client/sounds/LoopingAudioStream$AudioStreamProvider;
[21:37:47] [main/DEBUG]: Skipping Lnet/minecraft/client/sounds/ChannelAccess;
[21:37:47] [main/DEBUG]: Skipping Lnet/minecraft/client/sounds/ChannelAccess$ChannelHandle;
[21:37:47] [main/DEBUG]: Skipping Lnet/minecraft/client/sounds/AudioStream;
[21:37:47] [main/DEBUG]: Transforming class Lnet/minecraft/client/sounds/SoundEngine;
[21:37:47] [main/DEBUG]: Transforming net/minecraft/client/sounds/SoundEngine FIELD f_120217_ to access PUBLIC and LEAVE
[21:37:47] [main/DEBUG]: Skipping Lnet/minecraft/client/sounds/SoundEngine$DeviceCheckState;
[21:37:47] [main/DEBUG]: Skipping Lnet/minecraft/client/server/package-info;
[21:37:47] [main/DEBUG]: Skipping Lnet/minecraft/client/server/LanServer;
[21:37:47] [main/DEBUG]: Skipping Lnet/minecraft/client/server/IntegratedPlayerList;
[21:37:47] [main/DEBUG]: Skipping Lnet/minecraft/client/server/LanServerPinger;
[21:37:47] [main/DEBUG]: Skipping Lnet/minecraft/client/server/LanServerDetection;
[21:37:47] [main/DEBUG]: Skipping Lnet/minecraft/client/server/LanServerDetection$LanServerList;
[21:37:47] [main/DEBUG]: Skipping Lnet/minecraft/client/server/LanServerDetection$LanServerDetector;
[21:37:47] [main/DEBUG]: Skipping Lnet/minecraft/client/server/IntegratedServer;
[21:37:47] [main/DEBUG]: Skipping Lnet/minecraft/client/searchtree/package-info;
[21:37:47] [main/DEBUG]: Skipping Lnet/minecraft/client/searchtree/SuffixArray;
[21:37:47] [main/DEBUG]: Skipping Lnet/minecraft/client/searchtree/SearchTree;
[21:37:47] [main/DEBUG]: Skipping Lnet/minecraft/client/searchtree/SearchRegistry;
[21:37:47] [main/DEBUG]: Skipping Lnet/minecraft/client/searchtree/SearchRegistry$TreeEntry;
[21:37:47] [main/DEBUG]: Skipping Lnet/minecraft/client/searchtree/SearchRegistry$TreeBuilderSupplier;
[21:37:47] [main/DEBUG]: Skipping Lnet/minecraft/client/searchtree/SearchRegistry$Key;
[21:37:47] [main/DEBUG]: Skipping Lnet/minecraft/client/searchtree/ResourceLocationSearchTree;
[21:37:47] [main/DEBUG]: Skipping Lnet/minecraft/client/searchtree/ResourceLocationSearchTree$2;
[21:37:47] [main/DEBUG]: Skipping Lnet/minecraft/client/searchtree/ResourceLocationSearchTree$1;
[21:37:47] [main/DEBUG]: Skipping Lnet/minecraft/client/searchtree/RefreshableSearchTree;
[21:37:47] [main/DEBUG]: Skipping Lnet/minecraft/client/searchtree/PlainTextSearchTree;
[21:37:47] [main/DEBUG]: Skipping Lnet/minecraft/client/searchtree/MergingUniqueIterator;
[21:37:47] [main/DEBUG]: Skipping Lnet/minecraft/client/searchtree/IntersectionIterator;
[21:37:47] [main/DEBUG]: Skipping Lnet/minecraft/client/searchtree/IdSearchTree;
[21:37:47] [main/DEBUG]: Skipping Lnet/minecraft/client/searchtree/FullTextSearchTree;
[21:37:47] [main/DEBUG]: Skipping Lnet/minecraft/client/resources/sounds/package-info;
[21:37:47] [main/DEBUG]: Skipping Lnet/minecraft/client/resources/sounds/UnderwaterAmbientSoundInstances;
[21:37:47] [main/DEBUG]: Skipping Lnet/minecraft/client/resources/sounds/UnderwaterAmbientSoundInstances$UnderwaterAmbientSoundInstance;
[21:37:47] [main/DEBUG]: Skipping Lnet/minecraft/client/resources/sounds/UnderwaterAmbientSoundInstances$SubSound;
[21:37:47] [main/DEBUG]: Skipping Lnet/minecraft/client/resources/sounds/UnderwaterAmbientSoundHandler;
[21:37:47] [main/DEBUG]: Skipping Lnet/minecraft/client/resources/sounds/TickableSoundInstance;
[21:37:47] [main/DEBUG]: Skipping Lnet/minecraft/client/resources/sounds/SoundEventRegistrationSerializer;
[21:37:47] [main/DEBUG]: Skipping Lnet/minecraft/client/resources/sounds/SoundEventRegistration;
[21:37:47] [main/DEBUG]: Skipping Lnet/minecraft/client/resources/sounds/Sound;
[21:37:47] [main/DEBUG]: Skipping Lnet/minecraft/client/resources/sounds/Sound$Type;
[21:37:47] [main/DEBUG]: Skipping Lnet/minecraft/client/resources/sounds/SimpleSoundInstance;
[21:37:47] [main/DEBUG]: Skipping Lnet/minecraft/client/resources/sounds/RidingMinecartSoundInstance;
[21:37:47] [main/DEBUG]: Skipping Lnet/minecraft/client/resources/sounds/MinecartSoundInstance;
[21:37:47] [main/DEBUG]: Skipping Lnet/minecraft/client/resources/sounds/GuardianAttackSoundInstance;
[21:37:47] [main/DEBUG]: Skipping Lnet/minecraft/client/resources/sounds/EntityBoundSoundInstance;
[21:37:47] [main/DEBUG]: Skipping Lnet/minecraft/client/resources/sounds/ElytraOnPlayerSoundInstance;
[21:37:47] [main/DEBUG]: Skipping Lnet/minecraft/client/resources/sounds/BubbleColumnAmbientSoundHandler;
[21:37:47] [main/DEBUG]: Skipping Lnet/minecraft/client/resources/sounds/BiomeAmbientSoundsHandler;
[21:37:47] [main/DEBUG]: Skipping Lnet/minecraft/client/resources/sounds/BiomeAmbientSoundsHandler$LoopSoundInstance;
[21:37:47] [main/DEBUG]: Skipping Lnet/minecraft/client/resources/sounds/BeeSoundInstance;
[21:37:47] [main/DEBUG]: Skipping Lnet/minecraft/client/resources/sounds/BeeFlyingSoundInstance;
[21:37:47] [main/DEBUG]: Skipping Lnet/minecraft/client/resources/sounds/BeeAggressiveSoundInstance;
[21:37:47] [main/DEBUG]: Skipping Lnet/minecraft/client/resources/sounds/AmbientSoundHandler;
[21:37:47] [main/DEBUG]: Skipping Lnet/minecraft/client/resources/sounds/AbstractTickableSoundInstance;
[21:37:47] [main/DEBUG]: Skipping Lnet/minecraft/client/resources/sounds/AbstractSoundInstance;
[21:37:47] [main/DEBUG]: Skipping Lnet/minecraft/client/resources/sounds/SoundInstance;
[21:37:47] [main/DEBUG]: Skipping Lnet/minecraft/client/resources/sounds/SoundInstance$Attenuation;
[21:37:47] [main/DEBUG]: Skipping Lnet/minecraft/client/resources/package-info;
[21:37:47] [main/DEBUG]: Skipping Lnet/minecraft/client/resources/model/package-info;
[21:37:47] [main/DEBUG]: Skipping Lnet/minecraft/client/resources/model/UnbakedModel;
[21:37:47] [main/DEBUG]: Skipping Lnet/minecraft/client/resources/model/ModelState;
[21:37:47] [main/DEBUG]: Skipping Lnet/minecraft/client/resources/model/ModelResourceLocation;
[21:37:47] [main/DEBUG]: Skipping Lnet/minecraft/client/resources/model/Material;
[21:37:47] [main/DEBUG]: Skipping Lnet/minecraft/client/resources/model/BuiltInModel;
[21:37:47] [main/DEBUG]: Skipping Lnet/minecraft/client/resources/model/BlockModelRotation;
[21:37:47] [main/DEBUG]: Skipping Lnet/minecraft/client/resources/model/WeightedBakedModel;
[21:37:47] [main/DEBUG]: Skipping Lnet/minecraft/client/resources/model/WeightedBakedModel$Builder;
[21:37:47] [main/DEBUG]: Skipping Lnet/minecraft/client/resources/model/SimpleBakedModel;
[21:37:47] [main/DEBUG]: Transforming class Lnet/minecraft/client/resources/model/SimpleBakedModel$Builder;
[21:37:47] [main/DEBUG]: Transforming net/minecraft/client/resources/model/SimpleBakedModel$Builder METHOD <init>(ZZZLnet/minecraft/client/renderer/block/model/ItemTransforms;Lnet/minecraft/client/renderer/block/model/ItemOverrides;)V to access PUBLIC and LEAVE
[21:37:47] [main/DEBUG]: Skipping Lnet/minecraft/client/resources/model/MultiPartBakedModel;
[21:37:47] [main/DEBUG]: Skipping Lnet/minecraft/client/resources/model/MultiPartBakedModel$Builder;
[21:37:47] [main/DEBUG]: Skipping Lnet/minecraft/client/resources/model/ModelManager;
[21:37:47] [main/DEBUG]: Transforming class Lnet/minecraft/client/resources/model/ModelBakery;
[21:37:47] [main/DEBUG]: Transforming net/minecraft/client/resources/model/ModelBakery FIELD f_119234_ to access PROTECTED and LEAVE
[21:37:47] [main/DEBUG]: Transforming net/minecraft/client/resources/model/ModelBakery FIELD f_119243_ to access PROTECTED and LEAVE
[21:37:47] [main/DEBUG]: Transforming net/minecraft/client/resources/model/ModelBakery FIELD f_119216_ to access PRIVATE and REMOVEFINAL
[21:37:47] [main/DEBUG]: Transforming net/minecraft/client/resources/model/ModelBakery METHOD m_119364_(Lnet/minecraft/resources/ResourceLocation;)Lnet/minecraft/client/renderer/block/model/BlockModel; to access PROTECTED and LEAVE
[21:37:47] [main/DEBUG]: Skipping Lnet/minecraft/client/resources/model/ModelBakery$ModelGroupKey;
[21:37:47] [main/DEBUG]: Skipping Lnet/minecraft/client/resources/model/ModelBakery$BlockStateDefinitionException;
[21:37:47] [main/DEBUG]: Skipping Lnet/minecraft/client/resources/model/BakedModel;
[21:37:47] [main/DEBUG]: Skipping Lnet/minecraft/client/resources/metadata/texture/package-info;
[21:37:47] [main/DEBUG]: Skipping Lnet/minecraft/client/resources/metadata/texture/TextureMetadataSectionSerializer;
[21:37:47] [main/DEBUG]: Skipping Lnet/minecraft/client/resources/metadata/texture/TextureMetadataSection;
[21:37:47] [main/DEBUG]: Skipping Lnet/minecraft/client/resources/metadata/package-info;
[21:37:47] [main/DEBUG]: Skipping Lnet/minecraft/client/resources/metadata/language/package-info;
[21:37:47] [main/DEBUG]: Skipping Lnet/minecraft/client/resources/metadata/language/LanguageMetadataSectionSerializer;
[21:37:47] [main/DEBUG]: Skipping Lnet/minecraft/client/resources/metadata/language/LanguageMetadataSection;
[21:37:47] [main/DEBUG]: Skipping Lnet/minecraft/client/resources/metadata/animation/package-info;
[21:37:47] [main/DEBUG]: Skipping Lnet/minecraft/client/resources/metadata/animation/VillagerMetadataSectionSerializer;
[21:37:47] [main/DEBUG]: Skipping Lnet/minecraft/client/resources/metadata/animation/VillagerMetaDataSection;
[21:37:47] [main/DEBUG]: Skipping Lnet/minecraft/client/resources/metadata/animation/VillagerMetaDataSection$Hat;
[21:37:47] [main/DEBUG]: Skipping Lnet/minecraft/client/resources/metadata/animation/AnimationMetadataSectionSerializer;
[21:37:47] [main/DEBUG]: Skipping Lnet/minecraft/client/resources/metadata/animation/AnimationMetadataSection;
[21:37:47] [main/DEBUG]: Skipping Lnet/minecraft/client/resources/metadata/animation/AnimationMetadataSection$FrameOutput;
[21:37:47] [main/DEBUG]: Skipping Lnet/minecraft/client/resources/metadata/animation/AnimationMetadataSection$1;
[21:37:47] [main/DEBUG]: Skipping Lnet/minecraft/client/resources/metadata/animation/AnimationFrame;
[21:37:47] [main/DEBUG]: Skipping Lnet/minecraft/client/resources/language/package-info;
[21:37:47] [main/DEBUG]: Skipping Lnet/minecraft/client/resources/language/LanguageManager;
[21:37:47] [main/DEBUG]: Skipping Lnet/minecraft/client/resources/language/FormattedBidiReorder;
[21:37:47] [main/DEBUG]: Skipping Lnet/minecraft/client/resources/language/LanguageInfo;
[21:37:47] [main/DEBUG]: Skipping Lnet/minecraft/client/resources/language/I18n;
[21:37:47] [main/DEBUG]: Skipping Lnet/minecraft/client/resources/language/ClientLanguage;
[21:37:47] [main/DEBUG]: Skipping Lnet/minecraft/client/resources/TextureAtlasHolder;
[21:37:47] [main/DEBUG]: Skipping Lnet/minecraft/client/resources/SplashManager;
[21:37:47] [main/DEBUG]: Skipping Lnet/minecraft/client/resources/SkinManager;
[21:37:47] [main/DEBUG]: Skipping Lnet/minecraft/client/resources/SkinManager$SkinTextureCallback;
[21:37:47] [main/DEBUG]: Skipping Lnet/minecraft/client/resources/SkinManager$2;
[21:37:47] [main/DEBUG]: Skipping Lnet/minecraft/client/resources/SkinManager$1;
[21:37:47] [main/DEBUG]: Skipping Lnet/minecraft/client/resources/PaintingTextureManager;
[21:37:47] [main/DEBUG]: Skipping Lnet/minecraft/client/resources/PackResourcesAdapterV4;
[21:37:47] [main/DEBUG]: Skipping Lnet/minecraft/client/resources/MobEffectTextureManager;
[21:37:47] [main/DEBUG]: Skipping Lnet/minecraft/client/resources/LegacyStuffWrapper;
[21:37:47] [main/DEBUG]: Skipping Lnet/minecraft/client/resources/LegacyPackResourcesAdapter;
[21:37:47] [main/DEBUG]: Skipping Lnet/minecraft/client/resources/GrassColorReloadListener;
[21:37:47] [main/DEBUG]: Skipping Lnet/minecraft/client/resources/FoliageColorReloadListener;
[21:37:47] [main/DEBUG]: Skipping Lnet/minecraft/client/resources/DirectAssetIndex;
[21:37:47] [main/DEBUG]: Skipping Lnet/minecraft/client/resources/DefaultPlayerSkin;
[21:37:47] [main/DEBUG]: Skipping Lnet/minecraft/client/resources/DefaultClientPackResources;
[21:37:47] [main/DEBUG]: Transforming class Lnet/minecraft/client/resources/ClientPackSource;
[21:37:47] [main/DEBUG]: Transforming net/minecraft/client/resources/ClientPackSource FIELD f_174791_ to access PUBLIC and LEAVE
[21:37:47] [main/DEBUG]: Skipping Lnet/minecraft/client/resources/ClientPackSource$2;
[21:37:47] [main/DEBUG]: Skipping Lnet/minecraft/client/resources/ClientPackSource$1;
[21:37:47] [main/DEBUG]: Skipping Lnet/minecraft/client/resources/AssetIndex;
[21:37:47] [main/DEBUG]: Skipping Lnet/minecraft/client/renderer/texture/package-info;
[21:37:47] [main/DEBUG]: Skipping Lnet/minecraft/client/renderer/texture/Tickable;
[21:37:47] [main/DEBUG]: Skipping Lnet/minecraft/client/renderer/texture/StitcherException;
[21:37:47] [main/DEBUG]: Skipping Lnet/minecraft/client/renderer/texture/SimpleTexture;
[21:37:47] [main/DEBUG]: Skipping Lnet/minecraft/client/renderer/texture/SimpleTexture$TextureImage;
[21:37:47] [main/DEBUG]: Skipping Lnet/minecraft/client/renderer/texture/PreloadedTexture;
[21:37:47] [main/DEBUG]: Skipping Lnet/minecraft/client/renderer/texture/OverlayTexture;
[21:37:47] [main/DEBUG]: Skipping Lnet/minecraft/client/renderer/texture/MissingTextureAtlasSprite;
[21:37:47] [main/DEBUG]: Skipping Lnet/minecraft/client/renderer/texture/HttpTexture;
[21:37:47] [main/DEBUG]: Skipping Lnet/minecraft/client/renderer/texture/DynamicTexture;
[21:37:47] [main/DEBUG]: Skipping Lnet/minecraft/client/renderer/texture/AtlasSet;
[21:37:47] [main/DEBUG]: Skipping Lnet/minecraft/client/renderer/texture/TextureManager;
[21:37:47] [main/DEBUG]: Transforming class Lnet/minecraft/client/renderer/texture/TextureAtlasSprite;
[21:37:47] [main/DEBUG]: Transforming net/minecraft/client/renderer/texture/TextureAtlasSprite METHOD m_118415_()I to access PUBLIC and LEAVE
[21:37:47] [main/DEBUG]: Skipping Lnet/minecraft/client/renderer/texture/TextureAtlasSprite$InterpolationData;
[21:37:47] [main/DEBUG]: Skipping Lnet/minecraft/client/renderer/texture/TextureAtlasSprite$Info;
[21:37:47] [main/DEBUG]: Skipping Lnet/minecraft/client/renderer/texture/TextureAtlasSprite$FrameInfo;
[21:37:47] [main/DEBUG]: Skipping Lnet/minecraft/client/renderer/texture/TextureAtlasSprite$AnimatedTexture;
[21:37:47] [main/DEBUG]: Skipping Lnet/minecraft/client/renderer/texture/TextureAtlas;
[21:37:47] [main/DEBUG]: Skipping Lnet/minecraft/client/renderer/texture/TextureAtlas$Preparations;
[21:37:47] [main/DEBUG]: Skipping Lnet/minecraft/client/renderer/texture/Stitcher;
[21:37:47] [main/DEBUG]: Skipping Lnet/minecraft/client/renderer/texture/Stitcher$SpriteLoader;
[21:37:47] [main/DEBUG]: Skipping Lnet/minecraft/client/renderer/texture/Stitcher$Region;
[21:37:47] [main/DEBUG]: Skipping Lnet/minecraft/client/renderer/texture/Stitcher$Holder;
[21:37:47] [main/DEBUG]: Skipping Lnet/minecraft/client/renderer/texture/MipmapGenerator;
[21:37:47] [main/DEBUG]: Skipping Lnet/minecraft/client/renderer/texture/AbstractTexture;
[21:37:47] [main/DEBUG]: Skipping Lnet/minecraft/client/renderer/package-info;
[21:37:47] [main/DEBUG]: Skipping Lnet/minecraft/client/renderer/item/package-info;
[21:37:47] [main/DEBUG]: Skipping Lnet/minecraft/client/renderer/item/ItemPropertyFunction;
[21:37:47] [main/DEBUG]: Skipping Lnet/minecraft/client/renderer/item/CompassItemPropertyFunction;
[21:37:47] [main/DEBUG]: Skipping Lnet/minecraft/client/renderer/item/CompassItemPropertyFunction$CompassWobble;
[21:37:47] [main/DEBUG]: Skipping Lnet/minecraft/client/renderer/item/CompassItemPropertyFunction$CompassTarget;
[21:37:47] [main/DEBUG]: Skipping Lnet/minecraft/client/renderer/item/ClampedItemPropertyFunction;
[21:37:47] [main/DEBUG]: Skipping Lnet/minecraft/client/renderer/item/ItemProperties;
[21:37:47] [main/DEBUG]: Skipping Lnet/minecraft/client/renderer/item/ItemProperties$1;
[21:37:47] [main/DEBUG]: Skipping Lnet/minecraft/client/renderer/entity/player/package-info;
[21:37:47] [main/DEBUG]: Skipping Lnet/minecraft/client/renderer/entity/player/PlayerRenderer;
[21:37:47] [main/DEBUG]: Skipping Lnet/minecraft/client/renderer/entity/package-info;
[21:37:47] [main/DEBUG]: Skipping Lnet/minecraft/client/renderer/entity/layers/package-info;
[21:37:47] [main/DEBUG]: Skipping Lnet/minecraft/client/renderer/entity/layers/WolfCollarLayer;
[21:37:47] [main/DEBUG]: Skipping Lnet/minecraft/client/renderer/entity/layers/WitherArmorLayer;
[21:37:47] [main/DEBUG]: Skipping Lnet/minecraft/client/renderer/entity/layers/WitchItemLayer;
[21:37:47] [main/DEBUG]: Skipping Lnet/minecraft/client/renderer/entity/layers/WardenEmissiveLayer;
[21:37:47] [main/DEBUG]: Skipping Lnet/minecraft/client/renderer/entity/layers/WardenEmissiveLayer$DrawSelector;
[21:37:47] [main/DEBUG]: Skipping Lnet/minecraft/client/renderer/entity/layers/WardenEmissiveLayer$AlphaFunction;
[21:37:47] [main/DEBUG]: Skipping Lnet/minecraft/client/renderer/entity/layers/VillagerProfessionLayer;
[21:37:47] [main/DEBUG]: Skipping Lnet/minecraft/client/renderer/entity/layers/TropicalFishPatternLayer;
[21:37:47] [main/DEBUG]: Skipping Lnet/minecraft/client/renderer/entity/layers/StuckInBodyLayer;
[21:37:47] [main/DEBUG]: Skipping Lnet/minecraft/client/renderer/entity/layers/StrayClothingLayer;
[21:37:47] [main/DEBUG]: Skipping Lnet/minecraft/client/renderer/entity/layers/SpinAttackEffectLayer;
[21:37:47] [main/DEBUG]: Skipping Lnet/minecraft/client/renderer/entity/layers/SpiderEyesLayer;
[21:37:47] [main/DEBUG]: Skipping Lnet/minecraft/client/renderer/entity/layers/SnowGolemHeadLayer;
[21:37:47] [main/DEBUG]: Skipping Lnet/minecraft/client/renderer/entity/layers/SlimeOuterLayer;
[21:37:47] [main/DEBUG]: Skipping Lnet/minecraft/client/renderer/entity/layers/ShulkerHeadLayer;
[21:37:47] [main/DEBUG]: Skipping Lnet/minecraft/client/renderer/entity/layers/SheepFurLayer;
[21:37:47] [main/DEBUG]: Skipping Lnet/minecraft/client/renderer/entity/layers/SaddleLayer;
[21:37:47] [main/DEBUG]: Skipping Lnet/minecraft/client/renderer/entity/layers/RenderLayer;
[21:37:47] [main/DEBUG]: Skipping Lnet/minecraft/client/renderer/entity/layers/PlayerItemInHandLayer;
[21:37:47] [main/DEBUG]: Skipping Lnet/minecraft/client/renderer/entity/layers/PhantomEyesLayer;
[21:37:47] [main/DEBUG]: Skipping Lnet/minecraft/client/renderer/entity/layers/ParrotOnShoulderLayer;
[21:37:47] [main/DEBUG]: Skipping Lnet/minecraft/client/renderer/entity/layers/PandaHoldsItemLayer;
[21:37:47] [main/DEBUG]: Skipping Lnet/minecraft/client/renderer/entity/layers/MushroomCowMushroomLayer;
[21:37:47] [main/DEBUG]: Skipping Lnet/minecraft/client/renderer/entity/layers/LlamaDecorLayer;
[21:37:47] [main/DEBUG]: Skipping Lnet/minecraft/client/renderer/entity/layers/ItemInHandLayer;
[21:37:47] [main/DEBUG]: Skipping Lnet/minecraft/client/renderer/entity/layers/IronGolemFlowerLayer;
[21:37:47] [main/DEBUG]: Skipping Lnet/minecraft/client/renderer/entity/layers/IronGolemCrackinessLayer;
[21:37:47] [main/DEBUG]: Skipping Lnet/minecraft/client/renderer/entity/layers/HorseMarkingLayer;
[21:37:47] [main/DEBUG]: Skipping Lnet/minecraft/client/renderer/entity/layers/HorseArmorLayer;
[21:37:47] [main/DEBUG]: Skipping Lnet/minecraft/client/renderer/entity/layers/FoxHeldItemLayer;
[21:37:47] [main/DEBUG]: Skipping Lnet/minecraft/client/renderer/entity/layers/EyesLayer;
[21:37:47] [main/DEBUG]: Skipping Lnet/minecraft/client/renderer/entity/layers/EnergySwirlLayer;
[21:37:47] [main/DEBUG]: Skipping Lnet/minecraft/client/renderer/entity/layers/EnderEyesLayer;
[21:37:47] [main/DEBUG]: Skipping Lnet/minecraft/client/renderer/entity/layers/DrownedOuterLayer;
[21:37:47] [main/DEBUG]: Skipping Lnet/minecraft/client/renderer/entity/layers/DolphinCarryingItemLayer;
[21:37:47] [main/DEBUG]: Skipping Lnet/minecraft/client/renderer/entity/layers/Deadmau5EarsLayer;
[21:37:47] [main/DEBUG]: Skipping Lnet/minecraft/client/renderer/entity/layers/CustomHeadLayer;
[21:37:47] [main/DEBUG]: Skipping Lnet/minecraft/client/renderer/entity/layers/CrossedArmsItemLayer;
[21:37:47] [main/DEBUG]: Skipping Lnet/minecraft/client/renderer/entity/layers/CreeperPowerLayer;
[21:37:47] [main/DEBUG]: Skipping Lnet/minecraft/client/renderer/entity/layers/CatCollarLayer;
[21:37:47] [main/DEBUG]: Skipping Lnet/minecraft/client/renderer/entity/layers/CarriedBlockLayer;
[21:37:47] [main/DEBUG]: Skipping Lnet/minecraft/client/renderer/entity/layers/CapeLayer;
[21:37:47] [main/DEBUG]: Skipping Lnet/minecraft/client/renderer/entity/layers/BeeStingerLayer;
[21:37:47] [main/DEBUG]: Skipping Lnet/minecraft/client/renderer/entity/layers/ArrowLayer;
[21:37:47] [main/DEBUG]: Skipping Lnet/minecraft/client/renderer/entity/layers/HumanoidArmorLayer;
[21:37:47] [main/DEBUG]: Skipping Lnet/minecraft/client/renderer/entity/layers/HumanoidArmorLayer$1;
[21:37:47] [main/DEBUG]: Skipping Lnet/minecraft/client/renderer/entity/layers/ElytraLayer;
[21:37:47] [main/DEBUG]: Skipping Lnet/minecraft/client/renderer/entity/ZombieVillagerRenderer;
[21:37:47] [main/DEBUG]: Skipping Lnet/minecraft/client/renderer/entity/ZombieRenderer;
[21:37:47] [main/DEBUG]: Skipping Lnet/minecraft/client/renderer/entity/ZoglinRenderer;
[21:37:47] [main/DEBUG]: Skipping Lnet/minecraft/client/renderer/entity/WolfRenderer;
[21:37:47] [main/DEBUG]: Skipping Lnet/minecraft/client/renderer/entity/WitherSkullRenderer;
[21:37:47] [main/DEBUG]: Skipping Lnet/minecraft/client/renderer/entity/WitherSkeletonRenderer;
[21:37:47] [main/DEBUG]: Skipping Lnet/minecraft/client/renderer/entity/WitherBossRenderer;
[21:37:47] [main/DEBUG]: Skipping Lnet/minecraft/client/renderer/entity/WitchRenderer;
[21:37:47] [main/DEBUG]: Skipping Lnet/minecraft/client/renderer/entity/WardenRenderer;
[21:37:47] [main/DEBUG]: Skipping Lnet/minecraft/client/renderer/entity/WanderingTraderRenderer;
[21:37:47] [main/DEBUG]: Skipping Lnet/minecraft/client/renderer/entity/VindicatorRenderer;
[21:37:47] [main/DEBUG]: Skipping Lnet/minecraft/client/renderer/entity/VindicatorRenderer$1;
[21:37:47] [main/DEBUG]: Skipping Lnet/minecraft/client/renderer/entity/VillagerRenderer;
[21:37:47] [main/DEBUG]: Skipping Lnet/minecraft/client/renderer/entity/VexRenderer;
[21:37:47] [main/DEBUG]: Skipping Lnet/minecraft/client/renderer/entity/UndeadHorseRenderer;
[21:37:47] [main/DEBUG]: Skipping Lnet/minecraft/client/renderer/entity/TurtleRenderer;
[21:37:47] [main/DEBUG]: Skipping Lnet/minecraft/client/renderer/entity/TropicalFishRenderer;
[21:37:47] [main/DEBUG]: Skipping Lnet/minecraft/client/renderer/entity/TntRenderer;
[21:37:47] [main/DEBUG]: Skipping Lnet/minecraft/client/renderer/entity/TntMinecartRenderer;
[21:37:47] [main/DEBUG]: Skipping Lnet/minecraft/client/renderer/entity/TippableArrowRenderer;
[21:37:47] [main/DEBUG]: Skipping Lnet/minecraft/client/renderer/entity/ThrownTridentRenderer;
[21:37:47] [main/DEBUG]: Skipping Lnet/minecraft/client/renderer/entity/ThrownItemRenderer;
[21:37:47] [main/DEBUG]: Skipping Lnet/minecraft/client/renderer/entity/TadpoleRenderer;
[21:37:47] [main/DEBUG]: Skipping Lnet/minecraft/client/renderer/entity/StriderRenderer;
[21:37:47] [main/DEBUG]: Skipping Lnet/minecraft/client/renderer/entity/StrayRenderer;
[21:37:47] [main/DEBUG]: Skipping Lnet/minecraft/client/renderer/entity/SquidRenderer;
[21:37:47] [main/DEBUG]: Skipping Lnet/minecraft/client/renderer/entity/SpiderRenderer;
[21:37:47] [main/DEBUG]: Skipping Lnet/minecraft/client/renderer/entity/SpectralArrowRenderer;
[21:37:47] [main/DEBUG]: Skipping Lnet/minecraft/client/renderer/entity/SnowGolemRenderer;
[21:37:47] [main/DEBUG]: Skipping Lnet/minecraft/client/renderer/entity/SlimeRenderer;
[21:37:47] [main/DEBUG]: Skipping Lnet/minecraft/client/renderer/entity/SkeletonRenderer;
[21:37:47] [main/DEBUG]: Skipping Lnet/minecraft/client/renderer/entity/SilverfishRenderer;
[21:37:47] [main/DEBUG]: Skipping Lnet/minecraft/client/renderer/entity/ShulkerRenderer;
[21:37:47] [main/DEBUG]: Skipping Lnet/minecraft/client/renderer/entity/ShulkerBulletRenderer;
[21:37:47] [main/DEBUG]: Skipping Lnet/minecraft/client/renderer/entity/SheepRenderer;
[21:37:47] [main/DEBUG]: Skipping Lnet/minecraft/client/renderer/entity/SalmonRenderer;
[21:37:47] [main/DEBUG]: Skipping Lnet/minecraft/client/renderer/entity/RenderLayerParent;
[21:37:47] [main/DEBUG]: Skipping Lnet/minecraft/client/renderer/entity/RavagerRenderer;
[21:37:47] [main/DEBUG]: Skipping Lnet/minecraft/client/renderer/entity/RabbitRenderer;
[21:37:47] [main/DEBUG]: Skipping Lnet/minecraft/client/renderer/entity/PufferfishRenderer;
[21:37:47] [main/DEBUG]: Skipping Lnet/minecraft/client/renderer/entity/PolarBearRenderer;
[21:37:47] [main/DEBUG]: Skipping Lnet/minecraft/client/renderer/entity/PillagerRenderer;
[21:37:47] [main/DEBUG]: Skipping Lnet/minecraft/client/renderer/entity/PiglinRenderer;
[21:37:47] [main/DEBUG]: Skipping Lnet/minecraft/client/renderer/entity/PigRenderer;
[21:37:47] [main/DEBUG]: Skipping Lnet/minecraft/client/renderer/entity/PhantomRenderer;
[21:37:47] [main/DEBUG]: Skipping Lnet/minecraft/client/renderer/entity/ParrotRenderer;
[21:37:47] [main/DEBUG]: Skipping Lnet/minecraft/client/renderer/entity/PandaRenderer;
[21:37:47] [main/DEBUG]: Skipping Lnet/minecraft/client/renderer/entity/PaintingRenderer;
[21:37:47] [main/DEBUG]: Skipping Lnet/minecraft/client/renderer/entity/OcelotRenderer;
[21:37:47] [main/DEBUG]: Skipping Lnet/minecraft/client/renderer/entity/NoopRenderer;
[21:37:47] [main/DEBUG]: Skipping Lnet/minecraft/client/renderer/entity/MushroomCowRenderer;
[21:37:47] [main/DEBUG]: Skipping Lnet/minecraft/client/renderer/entity/MobRenderer;
[21:37:47] [main/DEBUG]: Skipping Lnet/minecraft/client/renderer/entity/MinecartRenderer;
[21:37:47] [main/DEBUG]: Skipping Lnet/minecraft/client/renderer/entity/MagmaCubeRenderer;
[21:37:47] [main/DEBUG]: Skipping Lnet/minecraft/client/renderer/entity/LlamaSpitRenderer;
[21:37:47] [main/DEBUG]: Skipping Lnet/minecraft/client/renderer/entity/LlamaRenderer;
[21:37:47] [main/DEBUG]: Skipping Lnet/minecraft/client/renderer/entity/LightningBoltRenderer;
[21:37:47] [main/DEBUG]: Skipping Lnet/minecraft/client/renderer/entity/LeashKnotRenderer;
[21:37:47] [main/DEBUG]: Skipping Lnet/minecraft/client/renderer/entity/IronGolemRenderer;
[21:37:47] [main/DEBUG]: Skipping Lnet/minecraft/client/renderer/entity/IllusionerRenderer;
[21:37:47] [main/DEBUG]: Skipping Lnet/minecraft/client/renderer/entity/IllusionerRenderer$1;
[21:37:47] [main/DEBUG]: Skipping Lnet/minecraft/client/renderer/entity/IllagerRenderer;
[21:37:47] [main/DEBUG]: Skipping Lnet/minecraft/client/renderer/entity/HuskRenderer;
[21:37:47] [main/DEBUG]: Skipping Lnet/minecraft/client/renderer/entity/HumanoidMobRenderer;
[21:37:47] [main/DEBUG]: Skipping Lnet/minecraft/client/renderer/entity/HorseRenderer;
[21:37:47] [main/DEBUG]: Skipping Lnet/minecraft/client/renderer/entity/HoglinRenderer;
[21:37:47] [main/DEBUG]: Skipping Lnet/minecraft/client/renderer/entity/GuardianRenderer;
[21:37:47] [main/DEBUG]: Skipping Lnet/minecraft/client/renderer/entity/GoatRenderer;
[21:37:47] [main/DEBUG]: Skipping Lnet/minecraft/client/renderer/entity/GlowSquidRenderer;
[21:37:47] [main/DEBUG]: Skipping Lnet/minecraft/client/renderer/entity/GiantMobRenderer;
[21:37:47] [main/DEBUG]: Skipping Lnet/minecraft/client/renderer/entity/GhastRenderer;
[21:37:47] [main/DEBUG]: Skipping Lnet/minecraft/client/renderer/entity/FrogRenderer;
[21:37:47] [main/DEBUG]: Skipping Lnet/minecraft/client/renderer/entity/FoxRenderer;
[21:37:47] [main/DEBUG]: Skipping Lnet/minecraft/client/renderer/entity/FireworkEntityRenderer;
[21:37:47] [main/DEBUG]: Skipping Lnet/minecraft/client/renderer/entity/ExperienceOrbRenderer;
[21:37:47] [main/DEBUG]: Skipping Lnet/minecraft/client/renderer/entity/EvokerRenderer;
[21:37:47] [main/DEBUG]: Skipping Lnet/minecraft/client/renderer/entity/EvokerRenderer$1;
[21:37:47] [main/DEBUG]: Skipping Lnet/minecraft/client/renderer/entity/EvokerFangsRenderer;
[21:37:47] [main/DEBUG]: Transforming class Lnet/minecraft/client/renderer/entity/EntityRenderers;
[21:37:47] [main/DEBUG]: Transforming net/minecraft/client/renderer/entity/EntityRenderers METHOD m_174036_(Lnet/minecraft/world/entity/EntityType;Lnet/minecraft/client/renderer/entity/EntityRendererProvider;)V to access PUBLIC and LEAVE
[21:37:47] [main/DEBUG]: Skipping Lnet/minecraft/client/renderer/entity/EntityRendererProvider;
[21:37:47] [main/DEBUG]: Skipping Lnet/minecraft/client/renderer/entity/EntityRendererProvider$Context;
[21:37:47] [main/DEBUG]: Skipping Lnet/minecraft/client/renderer/entity/EndermiteRenderer;
[21:37:47] [main/DEBUG]: Skipping Lnet/minecraft/client/renderer/entity/EndermanRenderer;
[21:37:47] [main/DEBUG]: Skipping Lnet/minecraft/client/renderer/entity/EnderDragonRenderer;
[21:37:47] [main/DEBUG]: Skipping Lnet/minecraft/client/renderer/entity/EnderDragonRenderer$DragonModel;
[21:37:47] [main/DEBUG]: Skipping Lnet/minecraft/client/renderer/entity/EndCrystalRenderer;
[21:37:47] [main/DEBUG]: Skipping Lnet/minecraft/client/renderer/entity/ElderGuardianRenderer;
[21:37:47] [main/DEBUG]: Skipping Lnet/minecraft/client/renderer/entity/DrownedRenderer;
[21:37:47] [main/DEBUG]: Skipping Lnet/minecraft/client/renderer/entity/DragonFireballRenderer;
[21:37:47] [main/DEBUG]: Skipping Lnet/minecraft/client/renderer/entity/DolphinRenderer;
[21:37:47] [main/DEBUG]: Skipping Lnet/minecraft/client/renderer/entity/CreeperRenderer;
[21:37:47] [main/DEBUG]: Skipping Lnet/minecraft/client/renderer/entity/CowRenderer;
[21:37:47] [main/DEBUG]: Skipping Lnet/minecraft/client/renderer/entity/CodRenderer;
[21:37:47] [main/DEBUG]: Skipping Lnet/minecraft/client/renderer/entity/ChickenRenderer;
[21:37:47] [main/DEBUG]: Skipping Lnet/minecraft/client/renderer/entity/ChestedHorseRenderer;
[21:37:47] [main/DEBUG]: Skipping Lnet/minecraft/client/renderer/entity/CaveSpiderRenderer;
[21:37:47] [main/DEBUG]: Skipping Lnet/minecraft/client/renderer/entity/CatRenderer;
[21:37:47] [main/DEBUG]: Skipping Lnet/minecraft/client/renderer/entity/BlazeRenderer;
[21:37:47] [main/DEBUG]: Skipping Lnet/minecraft/client/renderer/entity/BeeRenderer;
[21:37:47] [main/DEBUG]: Skipping Lnet/minecraft/client/renderer/entity/BatRenderer;
[21:37:47] [main/DEBUG]: Skipping Lnet/minecraft/client/renderer/entity/AxolotlRenderer;
[21:37:47] [main/DEBUG]: Skipping Lnet/minecraft/client/renderer/entity/ArrowRenderer;
[21:37:47] [main/DEBUG]: Skipping Lnet/minecraft/client/renderer/entity/ArmorStandRenderer;
[21:37:47] [main/DEBUG]: Skipping Lnet/minecraft/client/renderer/entity/AllayRenderer;
[21:37:47] [main/DEBUG]: Skipping Lnet/minecraft/client/renderer/entity/AbstractZombieRenderer;
[21:37:47] [main/DEBUG]: Skipping Lnet/minecraft/client/renderer/entity/AbstractHorseRenderer;
[21:37:47] [main/DEBUG]: Transforming class Lnet/minecraft/client/renderer/entity/LivingEntityRenderer;
[21:37:47] [main/DEBUG]: Transforming net/minecraft/client/renderer/entity/LivingEntityRenderer METHOD m_115326_(Lnet/minecraft/client/renderer/entity/layers/RenderLayer;)Z to access PUBLIC and LEAVE
[21:37:47] [main/DEBUG]: Skipping Lnet/minecraft/client/renderer/entity/LivingEntityRenderer$1;
[21:37:47] [main/DEBUG]: Transforming class Lnet/minecraft/client/renderer/entity/ItemRenderer;
[21:37:47] [main/DEBUG]: Transforming net/minecraft/client/renderer/entity/ItemRenderer METHOD m_115189_(Lnet/minecraft/client/resources/model/BakedModel;Lnet/minecraft/world/item/ItemStack;IILcom/mojang/blaze3d/vertex/PoseStack;Lcom/mojang/blaze3d/vertex/VertexConsumer;)V to access PUBLIC and LEAVE
[21:37:47] [main/DEBUG]: Transforming net/minecraft/client/renderer/entity/ItemRenderer METHOD m_115162_(Lcom/mojang/blaze3d/vertex/PoseStack;Lcom/mojang/blaze3d/vertex/VertexConsumer;Ljava/util/List;Lnet/minecraft/world/item/ItemStack;II)V to access PUBLIC and LEAVE
[21:37:47] [main/DEBUG]: Skipping Lnet/minecraft/client/renderer/entity/ItemFrameRenderer;
[21:37:47] [main/DEBUG]: Transforming class Lnet/minecraft/client/renderer/entity/ItemEntityRenderer;
[21:37:47] [main/DEBUG]: Transforming net/minecraft/client/renderer/entity/ItemEntityRenderer METHOD m_115042_(Lnet/minecraft/world/item/ItemStack;)I to access PROTECTED and LEAVE
[21:37:47] [main/DEBUG]: Skipping Lnet/minecraft/client/renderer/entity/FishingHookRenderer;
[21:37:47] [main/DEBUG]: Skipping Lnet/minecraft/client/renderer/entity/FallingBlockRenderer;
[21:37:47] [main/DEBUG]: Skipping Lnet/minecraft/client/renderer/entity/EntityRenderer;
[21:37:47] [main/DEBUG]: Transforming class Lnet/minecraft/client/renderer/entity/EntityRenderDispatcher;
[21:37:47] [main/DEBUG]: Transforming net/minecraft/client/renderer/entity/EntityRenderDispatcher FIELD f_114362_ to access PUBLIC and LEAVE
[21:37:47] [main/DEBUG]: Skipping Lnet/minecraft/client/renderer/entity/BoatRenderer;
[21:37:47] [main/DEBUG]: Skipping Lnet/minecraft/client/renderer/debug/package-info;
[21:37:47] [main/DEBUG]: Skipping Lnet/minecraft/client/renderer/debug/WorldGenAttemptRenderer;
[21:37:47] [main/DEBUG]: Skipping Lnet/minecraft/client/renderer/debug/WaterDebugRenderer;
[21:37:47] [main/DEBUG]: Skipping Lnet/minecraft/client/renderer/debug/VillageSectionsDebugRenderer;
[21:37:47] [main/DEBUG]: Skipping Lnet/minecraft/client/renderer/debug/StructureRenderer;
[21:37:47] [main/DEBUG]: Skipping Lnet/minecraft/client/renderer/debug/SolidFaceRenderer;
[21:37:47] [main/DEBUG]: Skipping Lnet/minecraft/client/renderer/debug/RaidDebugRenderer;
[21:37:47] [main/DEBUG]: Skipping Lnet/minecraft/client/renderer/debug/PathfindingRenderer;
[21:37:47] [main/DEBUG]: Skipping Lnet/minecraft/client/renderer/debug/NeighborsUpdateRenderer;
[21:37:47] [main/DEBUG]: Skipping Lnet/minecraft/client/renderer/debug/LightDebugRenderer;
[21:37:47] [main/DEBUG]: Skipping Lnet/minecraft/client/renderer/debug/HeightMapRenderer;
[21:37:47] [main/DEBUG]: Skipping Lnet/minecraft/client/renderer/debug/HeightMapRenderer$1;
[21:37:47] [main/DEBUG]: Skipping Lnet/minecraft/client/renderer/debug/GoalSelectorDebugRenderer;
[21:37:47] [main/DEBUG]: Skipping Lnet/minecraft/client/renderer/debug/GoalSelectorDebugRenderer$DebugGoal;
[21:37:47] [main/DEBUG]: Skipping Lnet/minecraft/client/renderer/debug/GameTestDebugRenderer;
[21:37:47] [main/DEBUG]: Skipping Lnet/minecraft/client/renderer/debug/GameTestDebugRenderer$Marker;
[21:37:47] [main/DEBUG]: Skipping Lnet/minecraft/client/renderer/debug/GameEventListenerRenderer;
[21:37:47] [main/DEBUG]: Skipping Lnet/minecraft/client/renderer/debug/GameEventListenerRenderer$TrackedListener;
[21:37:47] [main/DEBUG]: Skipping Lnet/minecraft/client/renderer/debug/GameEventListenerRenderer$TrackedGameEvent;
[21:37:47] [main/DEBUG]: Skipping Lnet/minecraft/client/renderer/debug/DebugRenderer;
[21:37:47] [main/DEBUG]: Skipping Lnet/minecraft/client/renderer/debug/DebugRenderer$SimpleDebugRenderer;
[21:37:47] [main/DEBUG]: Skipping Lnet/minecraft/client/renderer/debug/CollisionBoxRenderer;
[21:37:47] [main/DEBUG]: Skipping Lnet/minecraft/client/renderer/debug/ChunkDebugRenderer;
[21:37:47] [main/DEBUG]: Skipping Lnet/minecraft/client/renderer/debug/ChunkDebugRenderer$ChunkData;
[21:37:47] [main/DEBUG]: Skipping Lnet/minecraft/client/renderer/debug/ChunkBorderRenderer;
[21:37:47] [main/DEBUG]: Skipping Lnet/minecraft/client/renderer/debug/BrainDebugRenderer;
[21:37:47] [main/DEBUG]: Skipping Lnet/minecraft/client/renderer/debug/BrainDebugRenderer$PoiInfo;
[21:37:47] [main/DEBUG]: Skipping Lnet/minecraft/client/renderer/debug/BrainDebugRenderer$BrainDump;
[21:37:47] [main/DEBUG]: Skipping Lnet/minecraft/client/renderer/debug/BeeDebugRenderer;
[21:37:47] [main/DEBUG]: Skipping Lnet/minecraft/client/renderer/debug/BeeDebugRenderer$HiveInfo;
[21:37:47] [main/DEBUG]: Skipping Lnet/minecraft/client/renderer/debug/BeeDebugRenderer$BeeInfo;
[21:37:47] [main/DEBUG]: Skipping Lnet/minecraft/client/renderer/culling/package-info;
[21:37:47] [main/DEBUG]: Skipping Lnet/minecraft/client/renderer/culling/Frustum;
[21:37:47] [main/DEBUG]: Skipping Lnet/minecraft/client/renderer/chunk/package-info;
[21:37:47] [main/DEBUG]: Skipping Lnet/minecraft/client/renderer/chunk/VisibilitySet;
[21:37:47] [main/DEBUG]: Skipping Lnet/minecraft/client/renderer/chunk/VisGraph;
[21:37:47] [main/DEBUG]: Skipping Lnet/minecraft/client/renderer/chunk/VisGraph$1;
[21:37:47] [main/DEBUG]: Skipping Lnet/minecraft/client/renderer/chunk/RenderRegionCache;
[21:37:47] [main/DEBUG]: Skipping Lnet/minecraft/client/renderer/chunk/RenderRegionCache$ChunkInfo;
[21:37:47] [main/DEBUG]: Skipping Lnet/minecraft/client/renderer/chunk/RenderChunk;
[21:37:47] [main/DEBUG]: Skipping Lnet/minecraft/client/renderer/chunk/RenderChunkRegion;
[21:37:47] [main/DEBUG]: Skipping Lnet/minecraft/client/renderer/chunk/ChunkRenderDispatcher;
[21:37:47] [main/DEBUG]: Skipping Lnet/minecraft/client/renderer/chunk/ChunkRenderDispatcher$RenderChunk;
[21:37:47] [main/DEBUG]: Skipping Lnet/minecraft/client/renderer/chunk/ChunkRenderDispatcher$RenderChunk$ResortTransparencyTask;
[21:37:47] [main/DEBUG]: Skipping Lnet/minecraft/client/renderer/chunk/ChunkRenderDispatcher$RenderChunk$RebuildTask;
[21:37:47] [main/DEBUG]: Skipping Lnet/minecraft/client/renderer/chunk/ChunkRenderDispatcher$RenderChunk$RebuildTask$CompileResults;
[21:37:47] [main/DEBUG]: Skipping Lnet/minecraft/client/renderer/chunk/ChunkRenderDispatcher$RenderChunk$ChunkCompileTask;
[21:37:47] [main/DEBUG]: Skipping Lnet/minecraft/client/renderer/chunk/ChunkRenderDispatcher$CompiledChunk;
[21:37:47] [main/DEBUG]: Skipping Lnet/minecraft/client/renderer/chunk/ChunkRenderDispatcher$CompiledChunk$1;
[21:37:47] [main/DEBUG]: Skipping Lnet/minecraft/client/renderer/chunk/ChunkRenderDispatcher$ChunkTaskResult;
[21:37:47] [main/DEBUG]: Skipping Lnet/minecraft/client/renderer/blockentity/package-info;
[21:37:47] [main/DEBUG]: Skipping Lnet/minecraft/client/renderer/blockentity/TheEndPortalRenderer;
[21:37:47] [main/DEBUG]: Skipping Lnet/minecraft/client/renderer/blockentity/TheEndGatewayRenderer;
[21:37:47] [main/DEBUG]: Skipping Lnet/minecraft/client/renderer/blockentity/StructureBlockRenderer;
[21:37:47] [main/DEBUG]: Skipping Lnet/minecraft/client/renderer/blockentity/StructureBlockRenderer$1;
[21:37:47] [main/DEBUG]: Skipping Lnet/minecraft/client/renderer/blockentity/SpawnerRenderer;
[21:37:47] [main/DEBUG]: Skipping Lnet/minecraft/client/renderer/blockentity/SignRenderer;
[21:37:47] [main/DEBUG]: Skipping Lnet/minecraft/client/renderer/blockentity/SignRenderer$SignModel;
[21:37:47] [main/DEBUG]: Skipping Lnet/minecraft/client/renderer/blockentity/ShulkerBoxRenderer;
[21:37:47] [main/DEBUG]: Skipping Lnet/minecraft/client/renderer/blockentity/LecternRenderer;
[21:37:47] [main/DEBUG]: Skipping Lnet/minecraft/client/renderer/blockentity/EnchantTableRenderer;
[21:37:47] [main/DEBUG]: Skipping Lnet/minecraft/client/renderer/blockentity/ConduitRenderer;
[21:37:47] [main/DEBUG]: Skipping Lnet/minecraft/client/renderer/blockentity/CampfireRenderer;
[21:37:47] [main/DEBUG]: Skipping Lnet/minecraft/client/renderer/blockentity/BrightnessCombiner;
[21:37:47] [main/DEBUG]: Skipping Lnet/minecraft/client/renderer/blockentity/BlockEntityRendererProvider;
[21:37:47] [main/DEBUG]: Skipping Lnet/minecraft/client/renderer/blockentity/BlockEntityRendererProvider$Context;
[21:37:47] [main/DEBUG]: Skipping Lnet/minecraft/client/renderer/blockentity/BlockEntityRenderer;
[21:37:47] [main/DEBUG]: Transforming class Lnet/minecraft/client/renderer/blockentity/BlockEntityRenderDispatcher;
[21:37:47] [main/DEBUG]: Transforming net/minecraft/client/renderer/blockentity/BlockEntityRenderDispatcher FIELD f_112253_ to access PUBLIC and LEAVE
[21:37:47] [main/DEBUG]: Skipping Lnet/minecraft/client/renderer/blockentity/BellRenderer;
[21:37:47] [main/DEBUG]: Skipping Lnet/minecraft/client/renderer/blockentity/BedRenderer;
[21:37:47] [main/DEBUG]: Skipping Lnet/minecraft/client/renderer/blockentity/BeaconRenderer;
[21:37:47] [main/DEBUG]: Skipping Lnet/minecraft/client/renderer/blockentity/BannerRenderer;
[21:37:47] [main/DEBUG]: Transforming class Lnet/minecraft/client/renderer/blockentity/SkullBlockRenderer;
[21:37:47] [main/DEBUG]: Transforming net/minecraft/client/renderer/blockentity/SkullBlockRenderer FIELD f_112519_ to access PUBLIC and LEAVE
[21:37:47] [main/DEBUG]: Transforming class Lnet/minecraft/client/renderer/blockentity/PistonHeadRenderer;
[21:37:47] [main/DEBUG]: Transforming net/minecraft/client/renderer/blockentity/PistonHeadRenderer FIELD f_112441_ to access PRIVATE and REMOVEFINAL
[21:37:47] [main/DEBUG]: Skipping Lnet/minecraft/client/renderer/blockentity/ChestRenderer;
[21:37:47] [main/DEBUG]: Transforming class Lnet/minecraft/client/renderer/blockentity/BlockEntityRenderers;
[21:37:47] [main/DEBUG]: Transforming net/minecraft/client/renderer/blockentity/BlockEntityRenderers METHOD m_173590_(Lnet/minecraft/world/level/block/entity/BlockEntityType;Lnet/minecraft/client/renderer/blockentity/BlockEntityRendererProvider;)V to access PUBLIC and LEAVE
[21:37:47] [main/DEBUG]: Skipping Lnet/minecraft/client/renderer/block/package-info;
[21:37:47] [main/DEBUG]: Skipping Lnet/minecraft/client/renderer/block/model/package-info;
[21:37:47] [main/DEBUG]: Skipping Lnet/minecraft/client/renderer/block/model/multipart/package-info;
[21:37:47] [main/DEBUG]: Skipping Lnet/minecraft/client/renderer/block/model/multipart/Selector;
[21:37:47] [main/DEBUG]: Skipping Lnet/minecraft/client/renderer/block/model/multipart/Selector$Deserializer;
[21:37:47] [main/DEBUG]: Skipping Lnet/minecraft/client/renderer/block/model/multipart/OrCondition;
[21:37:47] [main/DEBUG]: Skipping Lnet/minecraft/client/renderer/block/model/multipart/MultiPart;
[21:37:47] [main/DEBUG]: Skipping Lnet/minecraft/client/renderer/block/model/multipart/MultiPart$Deserializer;
[21:37:47] [main/DEBUG]: Skipping Lnet/minecraft/client/renderer/block/model/multipart/KeyValueCondition;
[21:37:47] [main/DEBUG]: Skipping Lnet/minecraft/client/renderer/block/model/multipart/Condition;
[21:37:47] [main/DEBUG]: Skipping Lnet/minecraft/client/renderer/block/model/multipart/AndCondition;
[21:37:47] [main/DEBUG]: Skipping Lnet/minecraft/client/renderer/block/model/Variant;
[21:37:47] [main/DEBUG]: Skipping Lnet/minecraft/client/renderer/block/model/Variant$Deserializer;
[21:37:47] [main/DEBUG]: Transforming class Lnet/minecraft/client/renderer/block/model/ItemOverride;
[21:37:47] [main/DEBUG]: Transforming net/minecraft/client/renderer/block/model/ItemOverride INNERCLASS Deserializer to access PUBLIC and LEAVE
[21:37:47] [main/DEBUG]: Skipping Lnet/minecraft/client/renderer/block/model/ItemOverride$Predicate;
[21:37:47] [main/DEBUG]: Transforming class Lnet/minecraft/client/renderer/block/model/ItemOverride$Deserializer;
[21:37:47] [main/DEBUG]: Transforming net/minecraft/client/renderer/block/model/ItemOverride$Deserializer CLASS to access PUBLIC and LEAVE
[21:37:47] [main/DEBUG]: Transforming net/minecraft/client/renderer/block/model/ItemOverride$Deserializer METHOD <init>()V to access PUBLIC and LEAVE
[21:37:47] [main/DEBUG]: Skipping Lnet/minecraft/client/renderer/block/model/BlockModelDefinition;
[21:37:48] [main/DEBUG]: Skipping Lnet/minecraft/client/renderer/block/model/BlockModelDefinition$MissingVariantException;
[21:37:48] [main/DEBUG]: Skipping Lnet/minecraft/client/renderer/block/model/BlockModelDefinition$Deserializer;
[21:37:48] [main/DEBUG]: Skipping Lnet/minecraft/client/renderer/block/model/BlockModelDefinition$Context;
[21:37:48] [main/DEBUG]: Transforming class Lnet/minecraft/client/renderer/block/model/BlockFaceUV;
[21:37:48] [main/DEBUG]: Transforming net/minecraft/client/renderer/block/model/BlockFaceUV INNERCLASS Deserializer to access PUBLIC and LEAVE
[21:37:48] [main/DEBUG]: Transforming class Lnet/minecraft/client/renderer/block/model/BlockFaceUV$Deserializer;
[21:37:48] [main/DEBUG]: Transforming net/minecraft/client/renderer/block/model/BlockFaceUV$Deserializer CLASS to access PUBLIC and LEAVE
[21:37:48] [main/DEBUG]: Transforming net/minecraft/client/renderer/block/model/BlockFaceUV$Deserializer METHOD <init>()V to access PUBLIC and LEAVE
[21:37:48] [main/DEBUG]: Skipping Lnet/minecraft/client/renderer/block/model/BlockElementRotation;
[21:37:48] [main/DEBUG]: Transforming class Lnet/minecraft/client/renderer/block/model/BlockElement;
[21:37:48] [main/DEBUG]: Transforming net/minecraft/client/renderer/block/model/BlockElement INNERCLASS Deserializer to access PUBLIC and LEAVE
[21:37:48] [main/DEBUG]: Transforming net/minecraft/client/renderer/block/model/BlockElement METHOD m_111320_(Lnet/minecraft/core/Direction;)[F to access PUBLIC and LEAVE
[21:37:48] [main/DEBUG]: Transforming class Lnet/minecraft/client/renderer/block/model/BlockElement$Deserializer;
[21:37:48] [main/DEBUG]: Transforming net/minecraft/client/renderer/block/model/BlockElement$Deserializer CLASS to access PUBLIC and LEAVE
[21:37:48] [main/DEBUG]: Transforming net/minecraft/client/renderer/block/model/BlockElement$Deserializer METHOD <init>()V to access PUBLIC and LEAVE
[21:37:48] [main/DEBUG]: Skipping Lnet/minecraft/client/renderer/block/model/BlockElement$1;
[21:37:48] [main/DEBUG]: Skipping Lnet/minecraft/client/renderer/block/model/MultiVariant;
[21:37:48] [main/DEBUG]: Skipping Lnet/minecraft/client/renderer/block/model/MultiVariant$Deserializer;
[21:37:48] [main/DEBUG]: Transforming class Lnet/minecraft/client/renderer/block/model/ItemTransforms;
[21:37:48] [main/DEBUG]: Transforming net/minecraft/client/renderer/block/model/ItemTransforms INNERCLASS Deserializer to access PUBLIC and LEAVE
[21:37:48] [main/DEBUG]: Skipping Lnet/minecraft/client/renderer/block/model/ItemTransforms$TransformType;
[21:37:48] [main/DEBUG]: Transforming class Lnet/minecraft/client/renderer/block/model/ItemTransforms$Deserializer;
[21:37:48] [main/DEBUG]: Transforming net/minecraft/client/renderer/block/model/ItemTransforms$Deserializer CLASS to access PUBLIC and LEAVE
[21:37:48] [main/DEBUG]: Transforming net/minecraft/client/renderer/block/model/ItemTransforms$Deserializer METHOD <init>()V to access PUBLIC and LEAVE
[21:37:48] [main/DEBUG]: Skipping Lnet/minecraft/client/renderer/block/model/ItemTransforms$1;
[21:37:48] [main/DEBUG]: Transforming class Lnet/minecraft/client/renderer/block/model/ItemTransform;
[21:37:48] [main/DEBUG]: Transforming net/minecraft/client/renderer/block/model/ItemTransform INNERCLASS Deserializer to access PUBLIC and LEAVE
[21:37:48] [main/DEBUG]: Transforming class Lnet/minecraft/client/renderer/block/model/ItemTransform$Deserializer;
[21:37:48] [main/DEBUG]: Transforming net/minecraft/client/renderer/block/model/ItemTransform$Deserializer CLASS to access PUBLIC and LEAVE
[21:37:48] [main/DEBUG]: Transforming net/minecraft/client/renderer/block/model/ItemTransform$Deserializer FIELD f_111769_ to access PUBLIC and LEAVE
[21:37:48] [main/DEBUG]: Transforming net/minecraft/client/renderer/block/model/ItemTransform$Deserializer FIELD f_111770_ to access PUBLIC and LEAVE
[21:37:48] [main/DEBUG]: Transforming net/minecraft/client/renderer/block/model/ItemTransform$Deserializer FIELD f_111771_ to access PUBLIC and LEAVE
[21:37:48] [main/DEBUG]: Transforming net/minecraft/client/renderer/block/model/ItemTransform$Deserializer METHOD <init>()V to access PUBLIC and LEAVE
[21:37:48] [main/DEBUG]: Transforming class Lnet/minecraft/client/renderer/block/model/ItemOverrides;
[21:37:48] [main/DEBUG]: Transforming net/minecraft/client/renderer/block/model/ItemOverrides INNERCLASS BakedOverride to access PUBLIC and LEAVE
[21:37:48] [main/DEBUG]: Transforming net/minecraft/client/renderer/block/model/ItemOverrides METHOD <init>()V to access PROTECTED and LEAVE
[21:37:48] [main/DEBUG]: Skipping Lnet/minecraft/client/renderer/block/model/ItemOverrides$PropertyMatcher;
[21:37:48] [main/DEBUG]: Transforming class Lnet/minecraft/client/renderer/block/model/ItemOverrides$BakedOverride;
[21:37:48] [main/DEBUG]: Transforming net/minecraft/client/renderer/block/model/ItemOverrides$BakedOverride CLASS to access PUBLIC and LEAVE
[21:37:48] [main/DEBUG]: Transforming class Lnet/minecraft/client/renderer/block/model/ItemModelGenerator;
[21:37:48] [main/DEBUG]: Transforming net/minecraft/client/renderer/block/model/ItemModelGenerator METHOD m_111638_(ILjava/lang/String;Lnet/minecraft/client/renderer/texture/TextureAtlasSprite;)Ljava/util/List; to access PUBLIC and LEAVE
[21:37:48] [main/DEBUG]: Skipping Lnet/minecraft/client/renderer/block/model/ItemModelGenerator$SpanFacing;
[21:37:48] [main/DEBUG]: Skipping Lnet/minecraft/client/renderer/block/model/ItemModelGenerator$Span;
[21:37:48] [main/DEBUG]: Skipping Lnet/minecraft/client/renderer/block/model/ItemModelGenerator$1;
[21:37:48] [main/DEBUG]: Skipping Lnet/minecraft/client/renderer/block/model/FaceBakery;
[21:37:48] [main/DEBUG]: Skipping Lnet/minecraft/client/renderer/block/model/FaceBakery$1;
[21:37:48] [main/DEBUG]: Transforming class Lnet/minecraft/client/renderer/block/model/BlockModel;
[21:37:48] [main/DEBUG]: Transforming net/minecraft/client/renderer/block/model/BlockModel FIELD f_111424_ to access PUBLIC and LEAVE
[21:37:48] [main/DEBUG]: Transforming net/minecraft/client/renderer/block/model/BlockModel FIELD f_111417_ to access PUBLIC and LEAVE
[21:37:48] [main/DEBUG]: Transforming net/minecraft/client/renderer/block/model/BlockModel FIELD f_111418_ to access PUBLIC and LEAVE
[21:37:48] [main/DEBUG]: Transforming net/minecraft/client/renderer/block/model/BlockModel METHOD m_111437_(Lnet/minecraft/client/renderer/block/model/BlockElement;Lnet/minecraft/client/renderer/block/model/BlockElementFace;Lnet/minecraft/client/renderer/texture/TextureAtlasSprite;Lnet/minecraft/core/Direction;Lnet/minecraft/client/resources/model/ModelState;Lnet/minecraft/resources/ResourceLocation;)Lnet/minecraft/client/renderer/block/model/BakedQuad; to access PUBLIC and LEAVE
[21:37:48] [main/DEBUG]: Skipping Lnet/minecraft/client/renderer/block/model/BlockModel$LoopException;
[21:37:48] [main/DEBUG]: Skipping Lnet/minecraft/client/renderer/block/model/BlockModel$GuiLight;
[21:37:48] [main/DEBUG]: Skipping Lnet/minecraft/client/renderer/block/model/BlockModel$Deserializer;
[21:37:48] [main/DEBUG]: Transforming class Lnet/minecraft/client/renderer/block/model/BlockElementFace;
[21:37:48] [main/DEBUG]: Transforming net/minecraft/client/renderer/block/model/BlockElementFace INNERCLASS Deserializer to access PUBLIC and LEAVE
[21:37:48] [main/DEBUG]: Transforming class Lnet/minecraft/client/renderer/block/model/BlockElementFace$Deserializer;
[21:37:48] [main/DEBUG]: Transforming net/minecraft/client/renderer/block/model/BlockElementFace$Deserializer CLASS to access PUBLIC and LEAVE
[21:37:48] [main/DEBUG]: Transforming net/minecraft/client/renderer/block/model/BlockElementFace$Deserializer METHOD <init>()V to access PUBLIC and LEAVE
[21:37:48] [main/DEBUG]: Skipping Lnet/minecraft/client/renderer/block/model/BakedQuad;
[21:37:48] [main/DEBUG]: Skipping Lnet/minecraft/client/renderer/block/ModelBlockRenderer;
[21:37:48] [main/DEBUG]: Skipping Lnet/minecraft/client/renderer/block/ModelBlockRenderer$SizeInfo;
[21:37:48] [main/DEBUG]: Skipping Lnet/minecraft/client/renderer/block/ModelBlockRenderer$Cache;
[21:37:48] [main/DEBUG]: Skipping Lnet/minecraft/client/renderer/block/ModelBlockRenderer$Cache$2;
[21:37:48] [main/DEBUG]: Skipping Lnet/minecraft/client/renderer/block/ModelBlockRenderer$Cache$1;
[21:37:48] [main/DEBUG]: Skipping Lnet/minecraft/client/renderer/block/ModelBlockRenderer$AmbientVertexRemap;
[21:37:48] [main/DEBUG]: Skipping Lnet/minecraft/client/renderer/block/ModelBlockRenderer$AmbientOcclusionFace;
[21:37:48] [main/DEBUG]: Skipping Lnet/minecraft/client/renderer/block/ModelBlockRenderer$AdjacencyInfo;
[21:37:48] [main/DEBUG]: Skipping Lnet/minecraft/client/renderer/block/ModelBlockRenderer$1;
[21:37:48] [main/DEBUG]: Skipping Lnet/minecraft/client/renderer/block/LiquidBlockRenderer;
[21:37:48] [main/DEBUG]: Skipping Lnet/minecraft/client/renderer/block/LiquidBlockRenderer$1;
[21:37:48] [main/DEBUG]: Skipping Lnet/minecraft/client/renderer/block/BlockRenderDispatcher;
[21:37:48] [main/DEBUG]: Skipping Lnet/minecraft/client/renderer/block/BlockRenderDispatcher$1;
[21:37:48] [main/DEBUG]: Skipping Lnet/minecraft/client/renderer/block/BlockModelShaper;
[21:37:48] [main/DEBUG]: Skipping Lnet/minecraft/client/renderer/VirtualScreen;
[21:37:48] [main/DEBUG]: Skipping Lnet/minecraft/client/renderer/ViewArea;
[21:37:48] [main/DEBUG]: Skipping Lnet/minecraft/client/renderer/SpriteCoordinateExpander;
[21:37:48] [main/DEBUG]: Skipping Lnet/minecraft/client/renderer/RunningTrimmedMean;
[21:37:48] [main/DEBUG]: Transforming class Lnet/minecraft/client/renderer/RenderStateShard;
[21:37:48] [main/DEBUG]: Transforming net/minecraft/client/renderer/RenderStateShard INNERCLASS TextureStateShard to access PUBLIC and LEAVE
[21:37:48] [main/DEBUG]: Transforming net/minecraft/client/renderer/RenderStateShard INNERCLASS LayeringStateShard to access PUBLIC and LEAVE
[21:37:48] [main/DEBUG]: Transforming net/minecraft/client/renderer/RenderStateShard INNERCLASS WriteMaskStateShard to access PUBLIC and LEAVE
[21:37:48] [main/DEBUG]: Transforming net/minecraft/client/renderer/RenderStateShard INNERCLASS EmptyTextureStateShard to access PUBLIC and LEAVE
[21:37:48] [main/DEBUG]: Transforming net/minecraft/client/renderer/RenderStateShard INNERCLASS TransparencyStateShard to access PUBLIC and LEAVE
[21:37:48] [main/DEBUG]: Transforming net/minecraft/client/renderer/RenderStateShard INNERCLASS OverlayStateShard to access PUBLIC and LEAVE
[21:37:48] [main/DEBUG]: Transforming net/minecraft/client/renderer/RenderStateShard INNERCLASS OutputStateShard to access PUBLIC and LEAVE
[21:37:48] [main/DEBUG]: Transforming net/minecraft/client/renderer/RenderStateShard INNERCLASS MultiTextureStateShard to access PUBLIC and LEAVE
[21:37:48] [main/DEBUG]: Transforming net/minecraft/client/renderer/RenderStateShard INNERCLASS CullStateShard to access PUBLIC and LEAVE
[21:37:48] [main/DEBUG]: Transforming net/minecraft/client/renderer/RenderStateShard INNERCLASS ShaderStateShard to access PUBLIC and LEAVE
[21:37:48] [main/DEBUG]: Transforming net/minecraft/client/renderer/RenderStateShard INNERCLASS LightmapStateShard to access PUBLIC and LEAVE
[21:37:48] [main/DEBUG]: Transforming net/minecraft/client/renderer/RenderStateShard INNERCLASS DepthTestStateShard to access PUBLIC and LEAVE
[21:37:48] [main/DEBUG]: Transforming net/minecraft/client/renderer/RenderStateShard INNERCLASS TexturingStateShard to access PUBLIC and LEAVE
[21:37:48] [main/DEBUG]: Transforming net/minecraft/client/renderer/RenderStateShard INNERCLASS OffsetTexturingStateShard to access PUBLIC and LEAVE
[21:37:48] [main/DEBUG]: Transforming net/minecraft/client/renderer/RenderStateShard INNERCLASS BooleanStateShard to access PUBLIC and LEAVE
[21:37:48] [main/DEBUG]: Transforming net/minecraft/client/renderer/RenderStateShard FIELD f_110131_ to access PROTECTED and REMOVEFINAL
[21:37:48] [main/DEBUG]: Transforming class Lnet/minecraft/client/renderer/RenderStateShard$WriteMaskStateShard;
[21:37:48] [main/DEBUG]: Transforming net/minecraft/client/renderer/RenderStateShard$WriteMaskStateShard CLASS to access PUBLIC and LEAVE
[21:37:48] [main/DEBUG]: Transforming class Lnet/minecraft/client/renderer/RenderStateShard$TransparencyStateShard;
[21:37:48] [main/DEBUG]: Transforming net/minecraft/client/renderer/RenderStateShard$TransparencyStateShard CLASS to access PUBLIC and LEAVE
[21:37:48] [main/DEBUG]: Transforming class Lnet/minecraft/client/renderer/RenderStateShard$TexturingStateShard;
[21:37:48] [main/DEBUG]: Transforming net/minecraft/client/renderer/RenderStateShard$TexturingStateShard CLASS to access PUBLIC and LEAVE
[21:37:48] [main/DEBUG]: Transforming class Lnet/minecraft/client/renderer/RenderStateShard$TextureStateShard;
[21:37:48] [main/DEBUG]: Transforming net/minecraft/client/renderer/RenderStateShard$TextureStateShard CLASS to access PUBLIC and LEAVE
[21:37:48] [main/DEBUG]: Transforming net/minecraft/client/renderer/RenderStateShard$TextureStateShard FIELD f_110329_ to access PROTECTED and REMOVEFINAL
[21:37:48] [main/DEBUG]: Transforming net/minecraft/client/renderer/RenderStateShard$TextureStateShard FIELD f_110330_ to access PROTECTED and REMOVEFINAL
[21:37:48] [main/DEBUG]: Transforming class Lnet/minecraft/client/renderer/RenderStateShard$ShaderStateShard;
[21:37:48] [main/DEBUG]: Transforming net/minecraft/client/renderer/RenderStateShard$ShaderStateShard CLASS to access PUBLIC and LEAVE
[21:37:48] [main/DEBUG]: Transforming class Lnet/minecraft/client/renderer/RenderStateShard$OverlayStateShard;
[21:37:48] [main/DEBUG]: Transforming net/minecraft/client/renderer/RenderStateShard$OverlayStateShard CLASS to access PUBLIC and LEAVE
[21:37:48] [main/DEBUG]: Transforming class Lnet/minecraft/client/renderer/RenderStateShard$OutputStateShard;
[21:37:48] [main/DEBUG]: Transforming net/minecraft/client/renderer/RenderStateShard$OutputStateShard CLASS to access PUBLIC and LEAVE
[21:37:48] [main/DEBUG]: Transforming class Lnet/minecraft/client/renderer/RenderStateShard$OffsetTexturingStateShard;
[21:37:48] [main/DEBUG]: Transforming net/minecraft/client/renderer/RenderStateShard$OffsetTexturingStateShard CLASS to access PUBLIC and LEAVE
[21:37:48] [main/DEBUG]: Transforming class Lnet/minecraft/client/renderer/RenderStateShard$MultiTextureStateShard;
[21:37:48] [main/DEBUG]: Transforming net/minecraft/client/renderer/RenderStateShard$MultiTextureStateShard CLASS to access PUBLIC and LEAVE
[21:37:48] [main/DEBUG]: Skipping Lnet/minecraft/client/renderer/RenderStateShard$MultiTextureStateShard$Builder;
[21:37:48] [main/DEBUG]: Skipping Lnet/minecraft/client/renderer/RenderStateShard$LineStateShard;
[21:37:48] [main/DEBUG]: Transforming class Lnet/minecraft/client/renderer/RenderStateShard$LightmapStateShard;
[21:37:48] [main/DEBUG]: Transforming net/minecraft/client/renderer/RenderStateShard$LightmapStateShard CLASS to access PUBLIC and LEAVE
[21:37:48] [main/DEBUG]: Transforming class Lnet/minecraft/client/renderer/RenderStateShard$LayeringStateShard;
[21:37:48] [main/DEBUG]: Transforming net/minecraft/client/renderer/RenderStateShard$LayeringStateShard CLASS to access PUBLIC and LEAVE
[21:37:48] [main/DEBUG]: Transforming class Lnet/minecraft/client/renderer/RenderStateShard$EmptyTextureStateShard;
[21:37:48] [main/DEBUG]: Transforming net/minecraft/client/renderer/RenderStateShard$EmptyTextureStateShard CLASS to access PUBLIC and LEAVE
[21:37:48] [main/DEBUG]: Transforming class Lnet/minecraft/client/renderer/RenderStateShard$DepthTestStateShard;
[21:37:48] [main/DEBUG]: Transforming net/minecraft/client/renderer/RenderStateShard$DepthTestStateShard CLASS to access PUBLIC and LEAVE
[21:37:48] [main/DEBUG]: Transforming class Lnet/minecraft/client/renderer/RenderStateShard$CullStateShard;
[21:37:48] [main/DEBUG]: Transforming net/minecraft/client/renderer/RenderStateShard$CullStateShard CLASS to access PUBLIC and LEAVE
[21:37:48] [main/DEBUG]: Transforming class Lnet/minecraft/client/renderer/RenderStateShard$BooleanStateShard;
[21:37:48] [main/DEBUG]: Transforming net/minecraft/client/renderer/RenderStateShard$BooleanStateShard CLASS to access PUBLIC and LEAVE
[21:37:48] [main/DEBUG]: Skipping Lnet/minecraft/client/renderer/RenderBuffers;
[21:37:48] [main/DEBUG]: Skipping Lnet/minecraft/client/renderer/Rect2i;
[21:37:48] [main/DEBUG]: Skipping Lnet/minecraft/client/renderer/PostPass;
[21:37:48] [main/DEBUG]: Skipping Lnet/minecraft/client/renderer/PanoramaRenderer;
[21:37:48] [main/DEBUG]: Skipping Lnet/minecraft/client/renderer/OutlineBufferSource;
[21:37:48] [main/DEBUG]: Skipping Lnet/minecraft/client/renderer/OutlineBufferSource$EntityOutlineGenerator;
[21:37:48] [main/DEBUG]: Skipping Lnet/minecraft/client/renderer/MultiBufferSource;
[21:37:48] [main/DEBUG]: Skipping Lnet/minecraft/client/renderer/MultiBufferSource$BufferSource;
[21:37:48] [main/DEBUG]: Skipping Lnet/minecraft/client/renderer/GpuWarnlistManager;
[21:37:48] [main/DEBUG]: Skipping Lnet/minecraft/client/renderer/GpuWarnlistManager$Preparations;
[21:37:48] [main/DEBUG]: Skipping Lnet/minecraft/client/renderer/FaceInfo;
[21:37:48] [main/DEBUG]: Skipping Lnet/minecraft/client/renderer/FaceInfo$VertexInfo;
[21:37:48] [main/DEBUG]: Skipping Lnet/minecraft/client/renderer/FaceInfo$Constants;
[21:37:48] [main/DEBUG]: Skipping Lnet/minecraft/client/renderer/CubeMap;
[21:37:48] [main/DEBUG]: Skipping Lnet/minecraft/client/renderer/ChunkBufferBuilderPack;
[21:37:48] [main/DEBUG]: Skipping Lnet/minecraft/client/renderer/BlockEntityWithoutLevelRenderer;
[21:37:48] [main/DEBUG]: Skipping Lnet/minecraft/client/renderer/BiomeColors;
[21:37:48] [main/DEBUG]: Skipping Lnet/minecraft/client/renderer/Sheets;
[21:37:48] [main/DEBUG]: Skipping Lnet/minecraft/client/renderer/Sheets$1;
[21:37:48] [main/DEBUG]: Skipping Lnet/minecraft/client/renderer/ShaderInstance;
[21:37:48] [main/DEBUG]: Skipping Lnet/minecraft/client/renderer/ShaderInstance$1;
[21:37:48] [main/DEBUG]: Skipping Lnet/minecraft/client/renderer/ScreenEffectRenderer;
[21:37:48] [main/DEBUG]: Transforming class Lnet/minecraft/client/renderer/RenderType;
[21:37:48] [main/DEBUG]: Transforming net/minecraft/client/renderer/RenderType INNERCLASS CompositeState to access PUBLIC and LEAVE
[21:37:48] [main/DEBUG]: Transforming net/minecraft/client/renderer/RenderType METHOD m_173215_(Ljava/lang/String;Lcom/mojang/blaze3d/vertex/VertexFormat;Lcom/mojang/blaze3d/vertex/VertexFormat$Mode;IZZLnet/minecraft/client/renderer/RenderType$CompositeState;)Lnet/minecraft/client/renderer/RenderType$CompositeRenderType; to access PUBLIC and LEAVE
[21:37:48] [main/DEBUG]: Skipping Lnet/minecraft/client/renderer/RenderType$OutlineProperty;
[21:37:48] [main/DEBUG]: Transforming class Lnet/minecraft/client/renderer/RenderType$CompositeState;
[21:37:48] [main/DEBUG]: Transforming net/minecraft/client/renderer/RenderType$CompositeState CLASS to access PUBLIC and LEAVE
[21:37:48] [main/DEBUG]: Skipping Lnet/minecraft/client/renderer/RenderType$CompositeState$CompositeStateBuilder;
[21:37:48] [main/DEBUG]: Skipping Lnet/minecraft/client/renderer/RenderType$CompositeRenderType;
[21:37:48] [main/DEBUG]: Skipping Lnet/minecraft/client/renderer/PostChain;
[21:37:48] [main/DEBUG]: Skipping Lnet/minecraft/client/renderer/LightTexture;
[21:37:48] [main/DEBUG]: Transforming class Lnet/minecraft/client/renderer/LevelRenderer;
[21:37:48] [main/DEBUG]: Transforming net/minecraft/client/renderer/LevelRenderer METHOD m_109817_()Z to access PUBLIC and LEAVE
[21:37:48] [main/DEBUG]: Skipping Lnet/minecraft/client/renderer/LevelRenderer$TransparencyShaderException;
[21:37:48] [main/DEBUG]: Skipping Lnet/minecraft/client/renderer/LevelRenderer$RenderInfoMap;
[21:37:48] [main/DEBUG]: Skipping Lnet/minecraft/client/renderer/LevelRenderer$RenderChunkStorage;
[21:37:48] [main/DEBUG]: Skipping Lnet/minecraft/client/renderer/LevelRenderer$RenderChunkInfo;
[21:37:48] [main/DEBUG]: Skipping Lnet/minecraft/client/renderer/ItemModelShaper;
[21:37:48] [main/DEBUG]: Skipping Lnet/minecraft/client/renderer/ItemInHandRenderer;
[21:37:48] [main/DEBUG]: Skipping Lnet/minecraft/client/renderer/ItemInHandRenderer$HandRenderSelection;
[21:37:48] [main/DEBUG]: Skipping Lnet/minecraft/client/renderer/ItemInHandRenderer$1;
[21:37:48] [main/DEBUG]: Skipping Lnet/minecraft/client/renderer/ItemBlockRenderTypes;
[21:37:48] [main/DEBUG]: Transforming class Lnet/minecraft/client/renderer/GameRenderer;
[21:37:48] [main/DEBUG]: Transforming net/minecraft/client/renderer/GameRenderer METHOD m_109128_(Lnet/minecraft/resources/ResourceLocation;)V to access PUBLIC and LEAVE
[21:37:48] [main/DEBUG]: Skipping Lnet/minecraft/client/renderer/FogRenderer;
[21:37:48] [main/DEBUG]: Skipping Lnet/minecraft/client/renderer/FogRenderer$MobEffectFogFunction;
[21:37:48] [main/DEBUG]: Skipping Lnet/minecraft/client/renderer/FogRenderer$FogMode;
[21:37:48] [main/DEBUG]: Skipping Lnet/minecraft/client/renderer/FogRenderer$FogData;
[21:37:48] [main/DEBUG]: Skipping Lnet/minecraft/client/renderer/FogRenderer$DarknessFogFunction;
[21:37:48] [main/DEBUG]: Skipping Lnet/minecraft/client/renderer/FogRenderer$BlindnessFogFunction;
[21:37:48] [main/DEBUG]: Skipping Lnet/minecraft/client/renderer/EffectInstance;
[21:37:48] [main/DEBUG]: Skipping Lnet/minecraft/client/renderer/DimensionSpecialEffects;
[21:37:48] [main/DEBUG]: Skipping Lnet/minecraft/client/renderer/DimensionSpecialEffects$SkyType;
[21:37:48] [main/DEBUG]: Skipping Lnet/minecraft/client/renderer/DimensionSpecialEffects$OverworldEffects;
[21:37:48] [main/DEBUG]: Skipping Lnet/minecraft/client/renderer/DimensionSpecialEffects$NetherEffects;
[21:37:48] [main/DEBUG]: Skipping Lnet/minecraft/client/renderer/DimensionSpecialEffects$EndEffects;
[21:37:48] [main/DEBUG]: Skipping Lnet/minecraft/client/profiling/package-info;
[21:37:48] [main/DEBUG]: Skipping Lnet/minecraft/client/profiling/ClientMetricsSamplersProvider;
[21:37:48] [main/DEBUG]: Skipping Lnet/minecraft/client/player/package-info;
[21:37:48] [main/DEBUG]: Skipping Lnet/minecraft/client/player/inventory/package-info;
[21:37:48] [main/DEBUG]: Skipping Lnet/minecraft/client/player/inventory/Hotbar;
[21:37:48] [main/DEBUG]: Skipping Lnet/minecraft/client/player/KeyboardInput;
[21:37:48] [main/DEBUG]: Skipping Lnet/minecraft/client/player/Input;
[21:37:48] [main/DEBUG]: Skipping Lnet/minecraft/client/player/RemotePlayer;
[21:37:48] [main/DEBUG]: Transforming class Lnet/minecraft/client/player/LocalPlayer;
[21:37:48] [main/DEBUG]: Transforming net/minecraft/client/player/LocalPlayer METHOD m_8088_()I to access PUBLIC and LEAVE
[21:37:48] [main/DEBUG]: Skipping Lnet/minecraft/client/player/AbstractClientPlayer;
[21:37:48] [main/DEBUG]: Skipping Lnet/minecraft/client/particle/package-info;
[21:37:48] [main/DEBUG]: Skipping Lnet/minecraft/client/particle/WhiteAshParticle;
[21:37:48] [main/DEBUG]: Skipping Lnet/minecraft/client/particle/WhiteAshParticle$Provider;
[21:37:48] [main/DEBUG]: Skipping Lnet/minecraft/client/particle/WaterDropParticle;
[21:37:48] [main/DEBUG]: Skipping Lnet/minecraft/client/particle/WaterDropParticle$Provider;
[21:37:48] [main/DEBUG]: Skipping Lnet/minecraft/client/particle/WaterCurrentDownParticle;
[21:37:48] [main/DEBUG]: Skipping Lnet/minecraft/client/particle/WaterCurrentDownParticle$Provider;
[21:37:48] [main/DEBUG]: Skipping Lnet/minecraft/client/particle/WakeParticle;
[21:37:48] [main/DEBUG]: Skipping Lnet/minecraft/client/particle/WakeParticle$Provider;
[21:37:48] [main/DEBUG]: Skipping Lnet/minecraft/client/particle/TrackingEmitter;
[21:37:48] [main/DEBUG]: Skipping Lnet/minecraft/client/particle/TotemParticle;
[21:37:48] [main/DEBUG]: Skipping Lnet/minecraft/client/particle/TotemParticle$Provider;
[21:37:48] [main/DEBUG]: Skipping Lnet/minecraft/client/particle/TextureSheetParticle;
[21:37:48] [main/DEBUG]: Skipping Lnet/minecraft/client/particle/SuspendedTownParticle;
[21:37:48] [main/DEBUG]: Skipping Lnet/minecraft/client/particle/SuspendedTownParticle$Provider;
[21:37:48] [main/DEBUG]: Skipping Lnet/minecraft/client/particle/SuspendedTownParticle$HappyVillagerProvider;
[21:37:48] [main/DEBUG]: Skipping Lnet/minecraft/client/particle/SuspendedTownParticle$DolphinSpeedProvider;
[21:37:48] [main/DEBUG]: Skipping Lnet/minecraft/client/particle/SuspendedTownParticle$ComposterFillProvider;
[21:37:48] [main/DEBUG]: Skipping Lnet/minecraft/client/particle/SuspendedParticle;
[21:37:48] [main/DEBUG]: Skipping Lnet/minecraft/client/particle/SuspendedParticle$WarpedSporeProvider;
[21:37:48] [main/DEBUG]: Skipping Lnet/minecraft/client/particle/SuspendedParticle$UnderwaterProvider;
[21:37:48] [main/DEBUG]: Skipping Lnet/minecraft/client/particle/SuspendedParticle$SporeBlossomAirProvider;
[21:37:48] [main/DEBUG]: Skipping Lnet/minecraft/client/particle/SuspendedParticle$SporeBlossomAirProvider$1;
[21:37:48] [main/DEBUG]: Skipping Lnet/minecraft/client/particle/SuspendedParticle$CrimsonSporeProvider;
[21:37:48] [main/DEBUG]: Skipping Lnet/minecraft/client/particle/SquidInkParticle;
[21:37:48] [main/DEBUG]: Skipping Lnet/minecraft/client/particle/SquidInkParticle$Provider;
[21:37:48] [main/DEBUG]: Skipping Lnet/minecraft/client/particle/SquidInkParticle$GlowInkProvider;
[21:37:48] [main/DEBUG]: Skipping Lnet/minecraft/client/particle/SpriteSet;
[21:37:48] [main/DEBUG]: Skipping Lnet/minecraft/client/particle/SplashParticle;
[21:37:48] [main/DEBUG]: Skipping Lnet/minecraft/client/particle/SplashParticle$Provider;
[21:37:48] [main/DEBUG]: Skipping Lnet/minecraft/client/particle/SpitParticle;
[21:37:48] [main/DEBUG]: Skipping Lnet/minecraft/client/particle/SpitParticle$Provider;
[21:37:48] [main/DEBUG]: Skipping Lnet/minecraft/client/particle/SpellParticle;
[21:37:48] [main/DEBUG]: Skipping Lnet/minecraft/client/particle/SpellParticle$WitchProvider;
[21:37:48] [main/DEBUG]: Skipping Lnet/minecraft/client/particle/SpellParticle$Provider;
[21:37:48] [main/DEBUG]: Skipping Lnet/minecraft/client/particle/SpellParticle$MobProvider;
[21:37:48] [main/DEBUG]: Skipping Lnet/minecraft/client/particle/SpellParticle$InstantProvider;
[21:37:48] [main/DEBUG]: Skipping Lnet/minecraft/client/particle/SpellParticle$AmbientMobProvider;
[21:37:48] [main/DEBUG]: Skipping Lnet/minecraft/client/particle/SoulParticle;
[21:37:48] [main/DEBUG]: Skipping Lnet/minecraft/client/particle/SoulParticle$Provider;
[21:37:48] [main/DEBUG]: Skipping Lnet/minecraft/client/particle/SoulParticle$EmissiveProvider;
[21:37:48] [main/DEBUG]: Skipping Lnet/minecraft/client/particle/SonicBoomParticle;
[21:37:48] [main/DEBUG]: Skipping Lnet/minecraft/client/particle/SonicBoomParticle$Provider;
[21:37:48] [main/DEBUG]: Skipping Lnet/minecraft/client/particle/SnowflakeParticle;
[21:37:48] [main/DEBUG]: Skipping Lnet/minecraft/client/particle/SnowflakeParticle$Provider;
[21:37:48] [main/DEBUG]: Skipping Lnet/minecraft/client/particle/SmokeParticle;
[21:37:48] [main/DEBUG]: Skipping Lnet/minecraft/client/particle/SmokeParticle$Provider;
[21:37:48] [main/DEBUG]: Skipping Lnet/minecraft/client/particle/SingleQuadParticle;
[21:37:48] [main/DEBUG]: Skipping Lnet/minecraft/client/particle/SimpleAnimatedParticle;
[21:37:48] [main/DEBUG]: Skipping Lnet/minecraft/client/particle/ShriekParticle;
[21:37:48] [main/DEBUG]: Skipping Lnet/minecraft/client/particle/ShriekParticle$Provider;
[21:37:48] [main/DEBUG]: Skipping Lnet/minecraft/client/particle/SculkChargePopParticle;
[21:37:48] [main/DEBUG]: Skipping Lnet/minecraft/client/particle/SculkChargePopParticle$Provider;
[21:37:48] [main/DEBUG]: Skipping Lnet/minecraft/client/particle/SculkChargeParticle;
[21:37:48] [main/DEBUG]: Skipping Lnet/minecraft/client/particle/SculkChargeParticle$Provider;
[21:37:48] [main/DEBUG]: Skipping Lnet/minecraft/client/particle/RisingParticle;
[21:37:48] [main/DEBUG]: Skipping Lnet/minecraft/client/particle/PlayerCloudParticle;
[21:37:48] [main/DEBUG]: Skipping Lnet/minecraft/client/particle/PlayerCloudParticle$SneezeProvider;
[21:37:48] [main/DEBUG]: Skipping Lnet/minecraft/client/particle/PlayerCloudParticle$Provider;
[21:37:48] [main/DEBUG]: Skipping Lnet/minecraft/client/particle/ParticleRenderType;
[21:37:48] [main/DEBUG]: Skipping Lnet/minecraft/client/particle/ParticleRenderType$6;
[21:37:48] [main/DEBUG]: Skipping Lnet/minecraft/client/particle/ParticleRenderType$5;
[21:37:48] [main/DEBUG]: Skipping Lnet/minecraft/client/particle/ParticleRenderType$4;
[21:37:48] [main/DEBUG]: Skipping Lnet/minecraft/client/particle/ParticleRenderType$3;
[21:37:48] [main/DEBUG]: Skipping Lnet/minecraft/client/particle/ParticleRenderType$2;
[21:37:48] [main/DEBUG]: Skipping Lnet/minecraft/client/particle/ParticleRenderType$1;
[21:37:48] [main/DEBUG]: Skipping Lnet/minecraft/client/particle/ParticleProvider;
[21:37:48] [main/DEBUG]: Skipping Lnet/minecraft/client/particle/ParticleDescription;
[21:37:48] [main/DEBUG]: Skipping Lnet/minecraft/client/particle/NoteParticle;
[21:37:48] [main/DEBUG]: Skipping Lnet/minecraft/client/particle/NoteParticle$Provider;
[21:37:48] [main/DEBUG]: Skipping Lnet/minecraft/client/particle/NoRenderParticle;
[21:37:48] [main/DEBUG]: Skipping Lnet/minecraft/client/particle/MobAppearanceParticle;
[21:37:48] [main/DEBUG]: Skipping Lnet/minecraft/client/particle/MobAppearanceParticle$Provider;
[21:37:48] [main/DEBUG]: Skipping Lnet/minecraft/client/particle/LavaParticle;
[21:37:48] [main/DEBUG]: Skipping Lnet/minecraft/client/particle/LavaParticle$Provider;
[21:37:48] [main/DEBUG]: Skipping Lnet/minecraft/client/particle/LargeSmokeParticle;
[21:37:48] [main/DEBUG]: Skipping Lnet/minecraft/client/particle/LargeSmokeParticle$Provider;
[21:37:48] [main/DEBUG]: Skipping Lnet/minecraft/client/particle/ItemPickupParticle;
[21:37:48] [main/DEBUG]: Skipping Lnet/minecraft/client/particle/HugeExplosionSeedParticle;
[21:37:48] [main/DEBUG]: Skipping Lnet/minecraft/client/particle/HugeExplosionSeedParticle$Provider;
[21:37:48] [main/DEBUG]: Skipping Lnet/minecraft/client/particle/HugeExplosionParticle;
[21:37:48] [main/DEBUG]: Skipping Lnet/minecraft/client/particle/HugeExplosionParticle$Provider;
[21:37:48] [main/DEBUG]: Skipping Lnet/minecraft/client/particle/HeartParticle;
[21:37:48] [main/DEBUG]: Skipping Lnet/minecraft/client/particle/HeartParticle$Provider;
[21:37:48] [main/DEBUG]: Skipping Lnet/minecraft/client/particle/HeartParticle$AngryVillagerProvider;
[21:37:48] [main/DEBUG]: Skipping Lnet/minecraft/client/particle/GlowParticle;
[21:37:48] [main/DEBUG]: Skipping Lnet/minecraft/client/particle/GlowParticle$WaxOnProvider;
[21:37:48] [main/DEBUG]: Skipping Lnet/minecraft/client/particle/GlowParticle$WaxOffProvider;
[21:37:48] [main/DEBUG]: Skipping Lnet/minecraft/client/particle/GlowParticle$ScrapeProvider;
[21:37:48] [main/DEBUG]: Skipping Lnet/minecraft/client/particle/GlowParticle$GlowSquidProvider;
[21:37:48] [main/DEBUG]: Skipping Lnet/minecraft/client/particle/GlowParticle$ElectricSparkProvider;
[21:37:48] [main/DEBUG]: Skipping Lnet/minecraft/client/particle/FlameParticle;
[21:37:48] [main/DEBUG]: Skipping Lnet/minecraft/client/particle/FlameParticle$SmallFlameProvider;
[21:37:48] [main/DEBUG]: Skipping Lnet/minecraft/client/particle/FlameParticle$Provider;
[21:37:48] [main/DEBUG]: Skipping Lnet/minecraft/client/particle/FireworkParticles;
[21:37:48] [main/DEBUG]: Skipping Lnet/minecraft/client/particle/FireworkParticles$Starter;
[21:37:48] [main/DEBUG]: Skipping Lnet/minecraft/client/particle/FireworkParticles$SparkProvider;
[21:37:48] [main/DEBUG]: Skipping Lnet/minecraft/client/particle/FireworkParticles$SparkParticle;
[21:37:48] [main/DEBUG]: Skipping Lnet/minecraft/client/particle/FireworkParticles$OverlayParticle;
[21:37:48] [main/DEBUG]: Skipping Lnet/minecraft/client/particle/FireworkParticles$FlashProvider;
[21:37:48] [main/DEBUG]: Skipping Lnet/minecraft/client/particle/FireworkParticles$1;
[21:37:48] [main/DEBUG]: Skipping Lnet/minecraft/client/particle/FallingDustParticle;
[21:37:48] [main/DEBUG]: Skipping Lnet/minecraft/client/particle/FallingDustParticle$Provider;
[21:37:48] [main/DEBUG]: Skipping Lnet/minecraft/client/particle/ExplodeParticle;
[21:37:48] [main/DEBUG]: Skipping Lnet/minecraft/client/particle/ExplodeParticle$Provider;
[21:37:48] [main/DEBUG]: Skipping Lnet/minecraft/client/particle/EndRodParticle;
[21:37:48] [main/DEBUG]: Skipping Lnet/minecraft/client/particle/EndRodParticle$Provider;
[21:37:48] [main/DEBUG]: Skipping Lnet/minecraft/client/particle/DustParticleBase;
[21:37:48] [main/DEBUG]: Skipping Lnet/minecraft/client/particle/DustParticle;
[21:37:48] [main/DEBUG]: Skipping Lnet/minecraft/client/particle/DustParticle$Provider;
[21:37:48] [main/DEBUG]: Skipping Lnet/minecraft/client/particle/DustColorTransitionParticle;
[21:37:48] [main/DEBUG]: Skipping Lnet/minecraft/client/particle/DustColorTransitionParticle$Provider;
[21:37:48] [main/DEBUG]: Skipping Lnet/minecraft/client/particle/DripParticle;
[21:37:48] [main/DEBUG]: Skipping Lnet/minecraft/client/particle/DripParticle$WaterHangProvider;
[21:37:48] [main/DEBUG]: Skipping Lnet/minecraft/client/particle/DripParticle$WaterFallProvider;
[21:37:48] [main/DEBUG]: Skipping Lnet/minecraft/client/particle/DripParticle$SporeBlossomFallProvider;
[21:37:48] [main/DEBUG]: Skipping Lnet/minecraft/client/particle/DripParticle$ObsidianTearLandProvider;
[21:37:48] [main/DEBUG]: Skipping Lnet/minecraft/client/particle/DripParticle$ObsidianTearHangProvider;
[21:37:48] [main/DEBUG]: Skipping Lnet/minecraft/client/particle/DripParticle$ObsidianTearFallProvider;
[21:37:48] [main/DEBUG]: Skipping Lnet/minecraft/client/particle/DripParticle$NectarFallProvider;
[21:37:48] [main/DEBUG]: Skipping Lnet/minecraft/client/particle/DripParticle$LavaLandProvider;
[21:37:48] [main/DEBUG]: Skipping Lnet/minecraft/client/particle/DripParticle$LavaHangProvider;
[21:37:48] [main/DEBUG]: Skipping Lnet/minecraft/client/particle/DripParticle$LavaFallProvider;
[21:37:48] [main/DEBUG]: Skipping Lnet/minecraft/client/particle/DripParticle$HoneyLandProvider;
[21:37:48] [main/DEBUG]: Skipping Lnet/minecraft/client/particle/DripParticle$HoneyHangProvider;
[21:37:48] [main/DEBUG]: Skipping Lnet/minecraft/client/particle/DripParticle$HoneyFallProvider;
[21:37:48] [main/DEBUG]: Skipping Lnet/minecraft/client/particle/DripParticle$HoneyFallAndLandParticle;
[21:37:48] [main/DEBUG]: Skipping Lnet/minecraft/client/particle/DripParticle$FallingParticle;
[21:37:48] [main/DEBUG]: Skipping Lnet/minecraft/client/particle/DripParticle$FallAndLandParticle;
[21:37:48] [main/DEBUG]: Skipping Lnet/minecraft/client/particle/DripParticle$DripstoneWaterHangProvider;
[21:37:48] [main/DEBUG]: Skipping Lnet/minecraft/client/particle/DripParticle$DripstoneWaterFallProvider;
[21:37:48] [main/DEBUG]: Skipping Lnet/minecraft/client/particle/DripParticle$DripstoneLavaHangProvider;
[21:37:48] [main/DEBUG]: Skipping Lnet/minecraft/client/particle/DripParticle$DripstoneLavaFallProvider;
[21:37:48] [main/DEBUG]: Skipping Lnet/minecraft/client/particle/DripParticle$DripstoneFallAndLandParticle;
[21:37:48] [main/DEBUG]: Skipping Lnet/minecraft/client/particle/DripParticle$DripLandParticle;
[21:37:48] [main/DEBUG]: Skipping Lnet/minecraft/client/particle/DripParticle$DripHangParticle;
[21:37:48] [main/DEBUG]: Skipping Lnet/minecraft/client/particle/DripParticle$CoolingDripHangParticle;
[21:37:48] [main/DEBUG]: Skipping Lnet/minecraft/client/particle/DragonBreathParticle;
[21:37:48] [main/DEBUG]: Skipping Lnet/minecraft/client/particle/DragonBreathParticle$Provider;
[21:37:48] [main/DEBUG]: Skipping Lnet/minecraft/client/particle/CritParticle;
[21:37:48] [main/DEBUG]: Skipping Lnet/minecraft/client/particle/CritParticle$Provider;
[21:37:48] [main/DEBUG]: Skipping Lnet/minecraft/client/particle/CritParticle$MagicProvider;
[21:37:48] [main/DEBUG]: Skipping Lnet/minecraft/client/particle/CritParticle$DamageIndicatorProvider;
[21:37:48] [main/DEBUG]: Skipping Lnet/minecraft/client/particle/CampfireSmokeParticle;
[21:37:48] [main/DEBUG]: Skipping Lnet/minecraft/client/particle/CampfireSmokeParticle$SignalProvider;
[21:37:48] [main/DEBUG]: Skipping Lnet/minecraft/client/particle/CampfireSmokeParticle$CosyProvider;
[21:37:48] [main/DEBUG]: Skipping Lnet/minecraft/client/particle/BubblePopParticle;
[21:37:48] [main/DEBUG]: Skipping Lnet/minecraft/client/particle/BubblePopParticle$Provider;
[21:37:48] [main/DEBUG]: Skipping Lnet/minecraft/client/particle/BubbleParticle;
[21:37:48] [main/DEBUG]: Skipping Lnet/minecraft/client/particle/BubbleParticle$Provider;
[21:37:48] [main/DEBUG]: Skipping Lnet/minecraft/client/particle/BubbleColumnUpParticle;
[21:37:48] [main/DEBUG]: Skipping Lnet/minecraft/client/particle/BubbleColumnUpParticle$Provider;
[21:37:48] [main/DEBUG]: Skipping Lnet/minecraft/client/particle/BlockMarker;
[21:37:48] [main/DEBUG]: Skipping Lnet/minecraft/client/particle/BlockMarker$Provider;
[21:37:48] [main/DEBUG]: Skipping Lnet/minecraft/client/particle/BaseAshSmokeParticle;
[21:37:48] [main/DEBUG]: Skipping Lnet/minecraft/client/particle/AttackSweepParticle;
[21:37:48] [main/DEBUG]: Skipping Lnet/minecraft/client/particle/AttackSweepParticle$Provider;
[21:37:48] [main/DEBUG]: Skipping Lnet/minecraft/client/particle/AshParticle;
[21:37:48] [main/DEBUG]: Skipping Lnet/minecraft/client/particle/AshParticle$Provider;
[21:37:48] [main/DEBUG]: Skipping Lnet/minecraft/client/particle/VibrationSignalParticle;
[21:37:48] [main/DEBUG]: Skipping Lnet/minecraft/client/particle/VibrationSignalParticle$Provider;
[21:37:48] [main/DEBUG]: Skipping Lnet/minecraft/client/particle/TerrainParticle;
[21:37:48] [main/DEBUG]: Skipping Lnet/minecraft/client/particle/TerrainParticle$Provider;
[21:37:48] [main/DEBUG]: Skipping Lnet/minecraft/client/particle/ReversePortalParticle;
[21:37:48] [main/DEBUG]: Skipping Lnet/minecraft/client/particle/ReversePortalParticle$ReversePortalProvider;
[21:37:48] [main/DEBUG]: Skipping Lnet/minecraft/client/particle/PortalParticle;
[21:37:48] [main/DEBUG]: Skipping Lnet/minecraft/client/particle/PortalParticle$Provider;
[21:37:48] [main/DEBUG]: Transforming class Lnet/minecraft/client/particle/ParticleEngine;
[21:37:48] [main/DEBUG]: Transforming net/minecraft/client/particle/ParticleEngine INNERCLASS SpriteParticleRegistration to access PUBLIC and LEAVE
[21:37:48] [main/DEBUG]: Transforming net/minecraft/client/particle/ParticleEngine METHOD m_107381_(Lnet/minecraft/core/particles/ParticleType;Lnet/minecraft/client/particle/ParticleProvider;)V to access PUBLIC and LEAVE
[21:37:48] [main/DEBUG]: Transforming net/minecraft/client/particle/ParticleEngine METHOD m_107378_(Lnet/minecraft/core/particles/ParticleType;Lnet/minecraft/client/particle/ParticleEngine$SpriteParticleRegistration;)V to access PUBLIC and LEAVE
[21:37:48] [main/DEBUG]: Transforming class Lnet/minecraft/client/particle/ParticleEngine$SpriteParticleRegistration;
[21:37:48] [main/DEBUG]: Transforming net/minecraft/client/particle/ParticleEngine$SpriteParticleRegistration CLASS to access PUBLIC and LEAVE
[21:37:48] [main/DEBUG]: Skipping Lnet/minecraft/client/particle/ParticleEngine$MutableSpriteSet;
[21:37:48] [main/DEBUG]: Skipping Lnet/minecraft/client/particle/Particle;
[21:37:48] [main/DEBUG]: Skipping Lnet/minecraft/client/particle/EnchantmentTableParticle;
[21:37:48] [main/DEBUG]: Skipping Lnet/minecraft/client/particle/EnchantmentTableParticle$Provider;
[21:37:48] [main/DEBUG]: Skipping Lnet/minecraft/client/particle/EnchantmentTableParticle$NautilusProvider;
[21:37:48] [main/DEBUG]: Skipping Lnet/minecraft/client/particle/BreakingItemParticle;
[21:37:48] [main/DEBUG]: Skipping Lnet/minecraft/client/particle/BreakingItemParticle$SnowballProvider;
[21:37:48] [main/DEBUG]: Skipping Lnet/minecraft/client/particle/BreakingItemParticle$SlimeProvider;
[21:37:48] [main/DEBUG]: Skipping Lnet/minecraft/client/particle/BreakingItemParticle$Provider;
[21:37:48] [main/DEBUG]: Skipping Lnet/minecraft/client/package-info;
[21:37:48] [main/DEBUG]: Skipping Lnet/minecraft/client/multiplayer/resolver/package-info;
[21:37:48] [main/DEBUG]: Skipping Lnet/minecraft/client/multiplayer/resolver/ServerRedirectHandler;
[21:37:48] [main/DEBUG]: Skipping Lnet/minecraft/client/multiplayer/resolver/ServerNameResolver;
[21:37:48] [main/DEBUG]: Skipping Lnet/minecraft/client/multiplayer/resolver/ServerAddressResolver;
[21:37:48] [main/DEBUG]: Skipping Lnet/minecraft/client/multiplayer/resolver/ServerAddress;
[21:37:48] [main/DEBUG]: Skipping Lnet/minecraft/client/multiplayer/resolver/ResolvedServerAddress;
[21:37:48] [main/DEBUG]: Skipping Lnet/minecraft/client/multiplayer/resolver/ResolvedServerAddress$1;
[21:37:48] [main/DEBUG]: Skipping Lnet/minecraft/client/multiplayer/resolver/AddressCheck;
[21:37:48] [main/DEBUG]: Skipping Lnet/minecraft/client/multiplayer/resolver/AddressCheck$1;
[21:37:48] [main/DEBUG]: Skipping Lnet/minecraft/client/multiplayer/prediction/package-info;
[21:37:48] [main/DEBUG]: Skipping Lnet/minecraft/client/multiplayer/prediction/PredictiveAction;
[21:37:48] [main/DEBUG]: Skipping Lnet/minecraft/client/multiplayer/prediction/BlockStatePredictionHandler;
[21:37:48] [main/DEBUG]: Skipping Lnet/minecraft/client/multiplayer/prediction/BlockStatePredictionHandler$ServerVerifiedState;
[21:37:48] [main/DEBUG]: Skipping Lnet/minecraft/client/multiplayer/package-info;
[21:37:48] [main/DEBUG]: Skipping Lnet/minecraft/client/multiplayer/chat/report/package-info;
[21:37:48] [main/DEBUG]: Skipping Lnet/minecraft/client/multiplayer/chat/report/ReportingContext;
[21:37:48] [main/DEBUG]: Skipping Lnet/minecraft/client/multiplayer/chat/report/ReportReason;
[21:37:48] [main/DEBUG]: Skipping Lnet/minecraft/client/multiplayer/chat/report/ReportEnvironment;
[21:37:48] [main/DEBUG]: Skipping Lnet/minecraft/client/multiplayer/chat/report/ReportEnvironment$Server;
[21:37:48] [main/DEBUG]: Skipping Lnet/minecraft/client/multiplayer/chat/report/ReportEnvironment$Server$ThirdParty;
[21:37:48] [main/DEBUG]: Skipping Lnet/minecraft/client/multiplayer/chat/report/ReportEnvironment$Server$Realm;
[21:37:48] [main/DEBUG]: Skipping Lnet/minecraft/client/multiplayer/chat/report/ChatReportBuilder;
[21:37:48] [main/DEBUG]: Skipping Lnet/minecraft/client/multiplayer/chat/report/ChatReportBuilder$Result;
[21:37:48] [main/DEBUG]: Skipping Lnet/minecraft/client/multiplayer/chat/report/ChatReportBuilder$ReferencedMessageVisitor;
[21:37:48] [main/DEBUG]: Skipping Lnet/minecraft/client/multiplayer/chat/report/ChatReportBuilder$CannotBuildReason;
[21:37:48] [main/DEBUG]: Skipping Lnet/minecraft/client/multiplayer/chat/report/AbuseReportSender;
[21:37:48] [main/DEBUG]: Skipping Lnet/minecraft/client/multiplayer/chat/report/AbuseReportSender$Services;
[21:37:48] [main/DEBUG]: Skipping Lnet/minecraft/client/multiplayer/chat/report/AbuseReportSender$SendException;
[21:37:48] [main/DEBUG]: Skipping Lnet/minecraft/client/multiplayer/chat/report/AbuseReportSender$1;
[21:37:48] [main/DEBUG]: Skipping Lnet/minecraft/client/multiplayer/chat/package-info;
[21:37:48] [main/DEBUG]: Skipping Lnet/minecraft/client/multiplayer/chat/RollingMemoryChatLog;
[21:37:48] [main/DEBUG]: Skipping Lnet/minecraft/client/multiplayer/chat/LoggedChatMessageLink;
[21:37:48] [main/DEBUG]: Skipping Lnet/minecraft/client/multiplayer/chat/LoggedChatMessageLink$Header;
[21:37:48] [main/DEBUG]: Skipping Lnet/minecraft/client/multiplayer/chat/LoggedChatMessage;
[21:37:48] [main/DEBUG]: Skipping Lnet/minecraft/client/multiplayer/chat/LoggedChatMessage$System;
[21:37:48] [main/DEBUG]: Skipping Lnet/minecraft/client/multiplayer/chat/LoggedChatMessage$Player;
[21:37:48] [main/DEBUG]: Skipping Lnet/minecraft/client/multiplayer/chat/LoggedChatEvent;
[21:37:48] [main/DEBUG]: Skipping Lnet/minecraft/client/multiplayer/chat/ChatTrustLevel;
[21:37:48] [main/DEBUG]: Skipping Lnet/minecraft/client/multiplayer/chat/ChatTrustLevel$1;
[21:37:48] [main/DEBUG]: Skipping Lnet/minecraft/client/multiplayer/chat/ChatPreviewStatus;
[21:37:48] [main/DEBUG]: Skipping Lnet/minecraft/client/multiplayer/chat/ChatLog;
[21:37:48] [main/DEBUG]: Skipping Lnet/minecraft/client/multiplayer/chat/ChatLog$Selection;
[21:37:48] [main/DEBUG]: Skipping Lnet/minecraft/client/multiplayer/chat/ChatLog$Entry;
[21:37:48] [main/DEBUG]: Skipping Lnet/minecraft/client/multiplayer/chat/ChatLog$1;
[21:37:48] [main/DEBUG]: Skipping Lnet/minecraft/client/multiplayer/chat/ChatListener;
[21:37:48] [main/DEBUG]: Skipping Lnet/minecraft/client/multiplayer/chat/ChatListener$Message;
[21:37:48] [main/DEBUG]: Skipping Lnet/minecraft/client/multiplayer/chat/ChatListener$2;
[21:37:48] [main/DEBUG]: Skipping Lnet/minecraft/client/multiplayer/chat/ChatListener$1;
[21:37:48] [main/DEBUG]: Skipping Lnet/minecraft/client/multiplayer/ServerList;
[21:37:48] [main/DEBUG]: Skipping Lnet/minecraft/client/multiplayer/ClientSuggestionProvider;
[21:37:48] [main/DEBUG]: Skipping Lnet/minecraft/client/multiplayer/ClientSuggestionProvider$1;
[21:37:48] [main/DEBUG]: Skipping Lnet/minecraft/client/multiplayer/ClientAdvancements;
[21:37:48] [main/DEBUG]: Skipping Lnet/minecraft/client/multiplayer/ClientAdvancements$Listener;
[21:37:48] [main/DEBUG]: Skipping Lnet/minecraft/client/multiplayer/ServerStatusPinger;
[21:37:48] [main/DEBUG]: Skipping Lnet/minecraft/client/multiplayer/ServerStatusPinger$2;
[21:37:48] [main/DEBUG]: Skipping Lnet/minecraft/client/multiplayer/ServerStatusPinger$2$1;
[21:37:48] [main/DEBUG]: Skipping Lnet/minecraft/client/multiplayer/ServerStatusPinger$1;
[21:37:48] [main/DEBUG]: Skipping Lnet/minecraft/client/multiplayer/ServerData;
[21:37:48] [main/DEBUG]: Skipping Lnet/minecraft/client/multiplayer/ServerData$ServerPackStatus;
[21:37:48] [main/DEBUG]: Skipping Lnet/minecraft/client/multiplayer/ServerData$ChatPreview;
[21:37:48] [main/DEBUG]: Skipping Lnet/minecraft/client/multiplayer/ProfileKeyPairManager;
[21:37:48] [main/DEBUG]: Skipping Lnet/minecraft/client/multiplayer/ProfileKeyPairManager$Result;
[21:37:48] [main/DEBUG]: Skipping Lnet/minecraft/client/multiplayer/PlayerInfo;
[21:37:48] [main/DEBUG]: Skipping Lnet/minecraft/client/multiplayer/MultiPlayerGameMode;
[21:37:48] [main/DEBUG]: Transforming class Lnet/minecraft/client/multiplayer/ClientPacketListener;
[21:37:48] [main/DEBUG]: Transforming net/minecraft/client/multiplayer/ClientPacketListener FIELD f_104899_ to access PUBLIC and LEAVE
[21:37:48] [main/DEBUG]: Skipping Lnet/minecraft/client/multiplayer/ClientPacketListener$1;
[21:37:48] [main/DEBUG]: Skipping Lnet/minecraft/client/multiplayer/ClientLevel;
[21:37:48] [main/DEBUG]: Skipping Lnet/minecraft/client/multiplayer/ClientLevel$EntityCallbacks;
[21:37:48] [main/DEBUG]: Skipping Lnet/minecraft/client/multiplayer/ClientLevel$ClientLevelData;
[21:37:48] [main/DEBUG]: Skipping Lnet/minecraft/client/multiplayer/ClientLevel$1;
[21:37:48] [main/DEBUG]: Skipping Lnet/minecraft/client/multiplayer/ClientHandshakePacketListenerImpl;
[21:37:48] [main/DEBUG]: Skipping Lnet/minecraft/client/multiplayer/ClientChunkCache;
[21:37:48] [main/DEBUG]: Skipping Lnet/minecraft/client/multiplayer/ClientChunkCache$Storage;
[21:37:48] [main/DEBUG]: Skipping Lnet/minecraft/client/model/package-info;
[21:37:48] [main/DEBUG]: Skipping Lnet/minecraft/client/model/geom/package-info;
[21:37:48] [main/DEBUG]: Skipping Lnet/minecraft/client/model/geom/builders/package-info;
[21:37:48] [main/DEBUG]: Skipping Lnet/minecraft/client/model/geom/builders/UVPair;
[21:37:48] [main/DEBUG]: Skipping Lnet/minecraft/client/model/geom/builders/PartDefinition;
[21:37:48] [main/DEBUG]: Skipping Lnet/minecraft/client/model/geom/builders/MeshDefinition;
[21:37:48] [main/DEBUG]: Skipping Lnet/minecraft/client/model/geom/builders/MaterialDefinition;
[21:37:48] [main/DEBUG]: Skipping Lnet/minecraft/client/model/geom/builders/LayerDefinition;
[21:37:48] [main/DEBUG]: Skipping Lnet/minecraft/client/model/geom/builders/CubeListBuilder;
[21:37:48] [main/DEBUG]: Skipping Lnet/minecraft/client/model/geom/builders/CubeDeformation;
[21:37:48] [main/DEBUG]: Skipping Lnet/minecraft/client/model/geom/builders/CubeDefinition;
[21:37:48] [main/DEBUG]: Skipping Lnet/minecraft/client/model/geom/PartPose;
[21:37:48] [main/DEBUG]: Skipping Lnet/minecraft/client/model/geom/PartNames;
[21:37:48] [main/DEBUG]: Skipping Lnet/minecraft/client/model/geom/ModelPart;
[21:37:48] [main/DEBUG]: Skipping Lnet/minecraft/client/model/geom/ModelPart$Visitor;
[21:37:48] [main/DEBUG]: Skipping Lnet/minecraft/client/model/geom/ModelPart$Vertex;
[21:37:48] [main/DEBUG]: Skipping Lnet/minecraft/client/model/geom/ModelPart$Polygon;
[21:37:48] [main/DEBUG]: Skipping Lnet/minecraft/client/model/geom/ModelPart$Cube;
[21:37:48] [main/DEBUG]: Skipping Lnet/minecraft/client/model/geom/ModelLayerLocation;
[21:37:48] [main/DEBUG]: Skipping Lnet/minecraft/client/model/geom/EntityModelSet;
[21:37:48] [main/DEBUG]: Skipping Lnet/minecraft/client/model/geom/ModelLayers;
[21:37:48] [main/DEBUG]: Transforming class Lnet/minecraft/client/model/geom/LayerDefinitions;
[21:37:48] [main/DEBUG]: Transforming net/minecraft/client/model/geom/LayerDefinitions FIELD f_171106_ to access PUBLIC and LEAVE
[21:37:48] [main/DEBUG]: Transforming net/minecraft/client/model/geom/LayerDefinitions FIELD f_171107_ to access PUBLIC and LEAVE
[21:37:48] [main/DEBUG]: Skipping Lnet/minecraft/client/model/dragon/package-info;
[21:37:48] [main/DEBUG]: Skipping Lnet/minecraft/client/model/dragon/DragonHeadModel;
[21:37:48] [main/DEBUG]: Skipping Lnet/minecraft/client/model/ZombieVillagerModel;
[21:37:48] [main/DEBUG]: Skipping Lnet/minecraft/client/model/ZombieModel;
[21:37:48] [main/DEBUG]: Skipping Lnet/minecraft/client/model/WolfModel;
[21:37:48] [main/DEBUG]: Skipping Lnet/minecraft/client/model/WitherBossModel;
[21:37:48] [main/DEBUG]: Skipping Lnet/minecraft/client/model/WitchModel;
[21:37:48] [main/DEBUG]: Skipping Lnet/minecraft/client/model/WardenModel;
[21:37:48] [main/DEBUG]: Skipping Lnet/minecraft/client/model/VillagerModel;
[21:37:48] [main/DEBUG]: Skipping Lnet/minecraft/client/model/VillagerHeadModel;
[21:37:48] [main/DEBUG]: Skipping Lnet/minecraft/client/model/VexModel;
[21:37:48] [main/DEBUG]: Skipping Lnet/minecraft/client/model/TurtleModel;
[21:37:48] [main/DEBUG]: Skipping Lnet/minecraft/client/model/TropicalFishModelB;
[21:37:48] [main/DEBUG]: Skipping Lnet/minecraft/client/model/TropicalFishModelA;
[21:37:48] [main/DEBUG]: Skipping Lnet/minecraft/client/model/TridentModel;
[21:37:48] [main/DEBUG]: Skipping Lnet/minecraft/client/model/TadpoleModel;
[21:37:48] [main/DEBUG]: Skipping Lnet/minecraft/client/model/StriderModel;
[21:37:48] [main/DEBUG]: Skipping Lnet/minecraft/client/model/SquidModel;
[21:37:48] [main/DEBUG]: Skipping Lnet/minecraft/client/model/SpiderModel;
[21:37:48] [main/DEBUG]: Skipping Lnet/minecraft/client/model/SnowGolemModel;
[21:37:48] [main/DEBUG]: Skipping Lnet/minecraft/client/model/SlimeModel;
[21:37:48] [main/DEBUG]: Skipping Lnet/minecraft/client/model/SkullModelBase;
[21:37:48] [main/DEBUG]: Skipping Lnet/minecraft/client/model/SkullModel;
[21:37:48] [main/DEBUG]: Skipping Lnet/minecraft/client/model/SkeletonModel;
[21:37:48] [main/DEBUG]: Skipping Lnet/minecraft/client/model/SilverfishModel;
[21:37:48] [main/DEBUG]: Skipping Lnet/minecraft/client/model/ShulkerModel;
[21:37:48] [main/DEBUG]: Skipping Lnet/minecraft/client/model/ShulkerBulletModel;
[21:37:48] [main/DEBUG]: Skipping Lnet/minecraft/client/model/ShieldModel;
[21:37:48] [main/DEBUG]: Skipping Lnet/minecraft/client/model/SheepModel;
[21:37:48] [main/DEBUG]: Skipping Lnet/minecraft/client/model/SheepFurModel;
[21:37:48] [main/DEBUG]: Skipping Lnet/minecraft/client/model/SalmonModel;
[21:37:48] [main/DEBUG]: Skipping Lnet/minecraft/client/model/RavagerModel;
[21:37:48] [main/DEBUG]: Skipping Lnet/minecraft/client/model/RabbitModel;
[21:37:48] [main/DEBUG]: Skipping Lnet/minecraft/client/model/QuadrupedModel;
[21:37:48] [main/DEBUG]: Skipping Lnet/minecraft/client/model/PufferfishSmallModel;
[21:37:48] [main/DEBUG]: Skipping Lnet/minecraft/client/model/PufferfishMidModel;
[21:37:48] [main/DEBUG]: Skipping Lnet/minecraft/client/model/PufferfishBigModel;
[21:37:48] [main/DEBUG]: Skipping Lnet/minecraft/client/model/PolarBearModel;
[21:37:48] [main/DEBUG]: Skipping Lnet/minecraft/client/model/PlayerModel;
[21:37:48] [main/DEBUG]: Skipping Lnet/minecraft/client/model/PiglinModel;
[21:37:48] [main/DEBUG]: Skipping Lnet/minecraft/client/model/PigModel;
[21:37:48] [main/DEBUG]: Skipping Lnet/minecraft/client/model/PhantomModel;
[21:37:48] [main/DEBUG]: Skipping Lnet/minecraft/client/model/ParrotModel;
[21:37:48] [main/DEBUG]: Skipping Lnet/minecraft/client/model/ParrotModel$State;
[21:37:48] [main/DEBUG]: Skipping Lnet/minecraft/client/model/ParrotModel$1;
[21:37:48] [main/DEBUG]: Skipping Lnet/minecraft/client/model/PandaModel;
[21:37:48] [main/DEBUG]: Skipping Lnet/minecraft/client/model/OcelotModel;
[21:37:48] [main/DEBUG]: Skipping Lnet/minecraft/client/model/ModelUtils;
[21:37:48] [main/DEBUG]: Skipping Lnet/minecraft/client/model/Model;
[21:37:48] [main/DEBUG]: Skipping Lnet/minecraft/client/model/MinecartModel;
[21:37:48] [main/DEBUG]: Skipping Lnet/minecraft/client/model/LlamaSpitModel;
[21:37:48] [main/DEBUG]: Skipping Lnet/minecraft/client/model/LlamaModel;
[21:37:48] [main/DEBUG]: Skipping Lnet/minecraft/client/model/ListModel;
[21:37:48] [main/DEBUG]: Skipping Lnet/minecraft/client/model/LeashKnotModel;
[21:37:48] [main/DEBUG]: Skipping Lnet/minecraft/client/model/LavaSlimeModel;
[21:37:48] [main/DEBUG]: Skipping Lnet/minecraft/client/model/IronGolemModel;
[21:37:48] [main/DEBUG]: Skipping Lnet/minecraft/client/model/IllagerModel;
[21:37:48] [main/DEBUG]: Skipping Lnet/minecraft/client/model/HorseModel;
[21:37:48] [main/DEBUG]: Skipping Lnet/minecraft/client/model/HoglinModel;
[21:37:48] [main/DEBUG]: Skipping Lnet/minecraft/client/model/HierarchicalModel;
[21:37:48] [main/DEBUG]: Skipping Lnet/minecraft/client/model/HeadedModel;
[21:37:48] [main/DEBUG]: Skipping Lnet/minecraft/client/model/GuardianModel;
[21:37:48] [main/DEBUG]: Skipping Lnet/minecraft/client/model/GoatModel;
[21:37:48] [main/DEBUG]: Skipping Lnet/minecraft/client/model/GiantZombieModel;
[21:37:48] [main/DEBUG]: Skipping Lnet/minecraft/client/model/GhastModel;
[21:37:48] [main/DEBUG]: Skipping Lnet/minecraft/client/model/FrogModel;
[21:37:48] [main/DEBUG]: Skipping Lnet/minecraft/client/model/FoxModel;
[21:37:48] [main/DEBUG]: Skipping Lnet/minecraft/client/model/EvokerFangsModel;
[21:37:48] [main/DEBUG]: Skipping Lnet/minecraft/client/model/EntityModel;
[21:37:48] [main/DEBUG]: Skipping Lnet/minecraft/client/model/EndermiteModel;
[21:37:48] [main/DEBUG]: Skipping Lnet/minecraft/client/model/EndermanModel;
[21:37:48] [main/DEBUG]: Skipping Lnet/minecraft/client/model/ElytraModel;
[21:37:48] [main/DEBUG]: Skipping Lnet/minecraft/client/model/DrownedModel;
[21:37:48] [main/DEBUG]: Skipping Lnet/minecraft/client/model/DolphinModel;
[21:37:48] [main/DEBUG]: Skipping Lnet/minecraft/client/model/CreeperModel;
[21:37:48] [main/DEBUG]: Skipping Lnet/minecraft/client/model/CowModel;
[21:37:48] [main/DEBUG]: Skipping Lnet/minecraft/client/model/ColorableHierarchicalModel;
[21:37:48] [main/DEBUG]: Skipping Lnet/minecraft/client/model/ColorableAgeableListModel;
[21:37:48] [main/DEBUG]: Skipping Lnet/minecraft/client/model/CodModel;
[21:37:48] [main/DEBUG]: Skipping Lnet/minecraft/client/model/ChickenModel;
[21:37:48] [main/DEBUG]: Skipping Lnet/minecraft/client/model/ChestedHorseModel;
[21:37:48] [main/DEBUG]: Skipping Lnet/minecraft/client/model/CatModel;
[21:37:48] [main/DEBUG]: Skipping Lnet/minecraft/client/model/BookModel;
[21:37:48] [main/DEBUG]: Skipping Lnet/minecraft/client/model/BoatModel;
[21:37:48] [main/DEBUG]: Skipping Lnet/minecraft/client/model/BlazeModel;
[21:37:48] [main/DEBUG]: Skipping Lnet/minecraft/client/model/BeeModel;
[21:37:48] [main/DEBUG]: Skipping Lnet/minecraft/client/model/BatModel;
[21:37:48] [main/DEBUG]: Skipping Lnet/minecraft/client/model/AxolotlModel;
[21:37:48] [main/DEBUG]: Skipping Lnet/minecraft/client/model/ArmorStandModel;
[21:37:48] [main/DEBUG]: Skipping Lnet/minecraft/client/model/ArmorStandArmorModel;
[21:37:48] [main/DEBUG]: Skipping Lnet/minecraft/client/model/ArmedModel;
[21:37:48] [main/DEBUG]: Skipping Lnet/minecraft/client/model/AnimationUtils;
[21:37:48] [main/DEBUG]: Skipping Lnet/minecraft/client/model/AllayModel;
[21:37:48] [main/DEBUG]: Skipping Lnet/minecraft/client/model/AgeableListModel;
[21:37:48] [main/DEBUG]: Skipping Lnet/minecraft/client/model/AbstractZombieModel;
[21:37:48] [main/DEBUG]: Skipping Lnet/minecraft/client/model/HumanoidModel;
[21:37:48] [main/DEBUG]: Skipping Lnet/minecraft/client/model/HumanoidModel$ArmPose;
[21:37:48] [main/DEBUG]: Skipping Lnet/minecraft/client/model/HumanoidModel$1;
[21:37:48] [main/DEBUG]: Skipping Lnet/minecraft/client/main/package-info;
[21:37:48] [main/DEBUG]: Skipping Lnet/minecraft/client/main/SilentInitException;
[21:37:48] [main/DEBUG]: Skipping Lnet/minecraft/client/main/GameConfig;
[21:37:48] [main/DEBUG]: Skipping Lnet/minecraft/client/main/GameConfig$UserData;
[21:37:48] [main/DEBUG]: Skipping Lnet/minecraft/client/main/GameConfig$ServerData;
[21:37:48] [main/DEBUG]: Skipping Lnet/minecraft/client/main/GameConfig$GameData;
[21:37:48] [main/DEBUG]: Skipping Lnet/minecraft/client/main/GameConfig$FolderData;
[21:37:48] [main/DEBUG]: Skipping Lnet/minecraft/client/main/Main;
[21:37:48] [main/DEBUG]: Skipping Lnet/minecraft/client/main/Main$3;
[21:37:48] [main/DEBUG]: Skipping Lnet/minecraft/client/main/Main$2;
[21:37:48] [main/DEBUG]: Skipping Lnet/minecraft/client/main/Main$1;
[21:37:48] [main/DEBUG]: Skipping Lnet/minecraft/client/gui/spectator/package-info;
[21:37:48] [main/DEBUG]: Skipping Lnet/minecraft/client/gui/spectator/categories/package-info;
[21:37:48] [main/DEBUG]: Skipping Lnet/minecraft/client/gui/spectator/categories/TeleportToTeamMenuCategory;
[21:37:48] [main/DEBUG]: Skipping Lnet/minecraft/client/gui/spectator/categories/TeleportToTeamMenuCategory$TeamSelectionItem;
[21:37:48] [main/DEBUG]: Skipping Lnet/minecraft/client/gui/spectator/categories/TeleportToPlayerMenuCategory;
[21:37:48] [main/DEBUG]: Skipping Lnet/minecraft/client/gui/spectator/categories/SpectatorPage;
[21:37:48] [main/DEBUG]: Skipping Lnet/minecraft/client/gui/spectator/SpectatorMenuListener;
[21:37:48] [main/DEBUG]: Skipping Lnet/minecraft/client/gui/spectator/SpectatorMenuItem;
[21:37:48] [main/DEBUG]: Skipping Lnet/minecraft/client/gui/spectator/SpectatorMenuCategory;
[21:37:48] [main/DEBUG]: Skipping Lnet/minecraft/client/gui/spectator/SpectatorMenu;
[21:37:48] [main/DEBUG]: Skipping Lnet/minecraft/client/gui/spectator/SpectatorMenu$ScrollMenuItem;
[21:37:48] [main/DEBUG]: Skipping Lnet/minecraft/client/gui/spectator/SpectatorMenu$CloseSpectatorItem;
[21:37:48] [main/DEBUG]: Skipping Lnet/minecraft/client/gui/spectator/SpectatorMenu$1;
[21:37:48] [main/DEBUG]: Skipping Lnet/minecraft/client/gui/spectator/RootSpectatorMenuCategory;
[21:37:48] [main/DEBUG]: Skipping Lnet/minecraft/client/gui/spectator/PlayerMenuItem;
[21:37:48] [main/DEBUG]: Skipping Lnet/minecraft/client/gui/screens/worldselection/package-info;
[21:37:48] [main/DEBUG]: Skipping Lnet/minecraft/client/gui/screens/worldselection/WorldGenSettingsComponent;
[21:37:48] [main/DEBUG]: Skipping Lnet/minecraft/client/gui/screens/worldselection/WorldCreationContext;
[21:37:48] [main/DEBUG]: Skipping Lnet/minecraft/client/gui/screens/worldselection/WorldCreationContext$Updater;
[21:37:48] [main/DEBUG]: Skipping Lnet/minecraft/client/gui/screens/worldselection/WorldCreationContext$SimpleUpdater;
[21:37:48] [main/DEBUG]: Skipping Lnet/minecraft/client/gui/screens/worldselection/SelectWorldScreen;
[21:37:48] [main/DEBUG]: Skipping Lnet/minecraft/client/gui/screens/worldselection/PresetEditor;
[21:37:48] [main/DEBUG]: Skipping Lnet/minecraft/client/gui/screens/worldselection/OptimizeWorldScreen;
[21:37:48] [main/DEBUG]: Skipping Lnet/minecraft/client/gui/screens/worldselection/EditWorldScreen;
[21:37:48] [main/DEBUG]: Skipping Lnet/minecraft/client/gui/screens/worldselection/EditGameRulesScreen;
[21:37:48] [main/DEBUG]: Skipping Lnet/minecraft/client/gui/screens/worldselection/EditGameRulesScreen$RuleList;
[21:37:48] [main/DEBUG]: Skipping Lnet/minecraft/client/gui/screens/worldselection/EditGameRulesScreen$RuleList$1;
[21:37:48] [main/DEBUG]: Skipping Lnet/minecraft/client/gui/screens/worldselection/EditGameRulesScreen$RuleEntry;
[21:37:48] [main/DEBUG]: Skipping Lnet/minecraft/client/gui/screens/worldselection/EditGameRulesScreen$IntegerRuleEntry;
[21:37:48] [main/DEBUG]: Skipping Lnet/minecraft/client/gui/screens/worldselection/EditGameRulesScreen$GameRuleEntry;
[21:37:48] [main/DEBUG]: Skipping Lnet/minecraft/client/gui/screens/worldselection/EditGameRulesScreen$EntryFactory;
[21:37:48] [main/DEBUG]: Skipping Lnet/minecraft/client/gui/screens/worldselection/EditGameRulesScreen$CategoryRuleEntry;
[21:37:48] [main/DEBUG]: Skipping Lnet/minecraft/client/gui/screens/worldselection/EditGameRulesScreen$CategoryRuleEntry$1;
[21:37:48] [main/DEBUG]: Skipping Lnet/minecraft/client/gui/screens/worldselection/EditGameRulesScreen$BooleanRuleEntry;
[21:37:48] [main/DEBUG]: Skipping Lnet/minecraft/client/gui/screens/worldselection/WorldSelectionList;
[21:37:48] [main/DEBUG]: Skipping Lnet/minecraft/client/gui/screens/worldselection/WorldSelectionList$WorldListEntry;
[21:37:48] [main/DEBUG]: Skipping Lnet/minecraft/client/gui/screens/worldselection/WorldSelectionList$LoadingHeader;
[21:37:48] [main/DEBUG]: Skipping Lnet/minecraft/client/gui/screens/worldselection/WorldSelectionList$Entry;
[21:37:48] [main/DEBUG]: Skipping Lnet/minecraft/client/gui/screens/worldselection/WorldOpenFlows;
[21:37:48] [main/DEBUG]: Skipping Lnet/minecraft/client/gui/screens/worldselection/CreateWorldScreen;
[21:37:48] [main/DEBUG]: Skipping Lnet/minecraft/client/gui/screens/worldselection/CreateWorldScreen$SelectedGameMode;
[21:37:48] [main/DEBUG]: Skipping Lnet/minecraft/client/gui/screens/worldselection/CreateWorldScreen$1;
[21:37:48] [main/DEBUG]: Skipping Lnet/minecraft/client/gui/screens/social/package-info;
[21:37:48] [main/DEBUG]: Skipping Lnet/minecraft/client/gui/screens/social/SocialInteractionsScreen;
[21:37:48] [main/DEBUG]: Skipping Lnet/minecraft/client/gui/screens/social/SocialInteractionsScreen$Page;
[21:37:48] [main/DEBUG]: Skipping Lnet/minecraft/client/gui/screens/social/SocialInteractionsScreen$2;
[21:37:48] [main/DEBUG]: Skipping Lnet/minecraft/client/gui/screens/social/SocialInteractionsScreen$1;
[21:37:48] [main/DEBUG]: Skipping Lnet/minecraft/client/gui/screens/social/SocialInteractionsPlayerList;
[21:37:48] [main/DEBUG]: Skipping Lnet/minecraft/client/gui/screens/social/PlayerSocialManager;
[21:37:48] [main/DEBUG]: Skipping Lnet/minecraft/client/gui/screens/social/PlayerEntry;
[21:37:48] [main/DEBUG]: Skipping Lnet/minecraft/client/gui/screens/social/PlayerEntry$6;
[21:37:48] [main/DEBUG]: Skipping Lnet/minecraft/client/gui/screens/social/PlayerEntry$5;
[21:37:48] [main/DEBUG]: Skipping Lnet/minecraft/client/gui/screens/social/PlayerEntry$4;
[21:37:48] [main/DEBUG]: Skipping Lnet/minecraft/client/gui/screens/social/PlayerEntry$3;
[21:37:48] [main/DEBUG]: Skipping Lnet/minecraft/client/gui/screens/social/PlayerEntry$2;
[21:37:48] [main/DEBUG]: Skipping Lnet/minecraft/client/gui/screens/social/PlayerEntry$1;
[21:37:48] [main/DEBUG]: Skipping Lnet/minecraft/client/gui/screens/reporting/package-info;
[21:37:48] [main/DEBUG]: Skipping Lnet/minecraft/client/gui/screens/reporting/ReportReasonSelectionScreen;
[21:37:48] [main/DEBUG]: Skipping Lnet/minecraft/client/gui/screens/reporting/ReportReasonSelectionScreen$ReasonSelectionList;
[21:37:48] [main/DEBUG]: Skipping Lnet/minecraft/client/gui/screens/reporting/ReportReasonSelectionScreen$ReasonSelectionList$Entry;
[21:37:48] [main/DEBUG]: Skipping Lnet/minecraft/client/gui/screens/reporting/ChatSelectionScreen;
[21:37:48] [main/DEBUG]: Skipping Lnet/minecraft/client/gui/screens/reporting/ChatSelectionScreen$ChatSelectionList;
[21:37:48] [main/DEBUG]: Skipping Lnet/minecraft/client/gui/screens/reporting/ChatSelectionScreen$ChatSelectionList$PaddingEntry;
[21:37:48] [main/DEBUG]: Skipping Lnet/minecraft/client/gui/screens/reporting/ChatSelectionScreen$ChatSelectionList$MessageHeadingEntry;
[21:37:48] [main/DEBUG]: Skipping Lnet/minecraft/client/gui/screens/reporting/ChatSelectionScreen$ChatSelectionList$MessageEntry;
[21:37:48] [main/DEBUG]: Skipping Lnet/minecraft/client/gui/screens/reporting/ChatSelectionScreen$ChatSelectionList$Heading;
[21:37:48] [main/DEBUG]: Skipping Lnet/minecraft/client/gui/screens/reporting/ChatSelectionScreen$ChatSelectionList$Entry;
[21:37:48] [main/DEBUG]: Skipping Lnet/minecraft/client/gui/screens/reporting/ChatSelectionScreen$ChatSelectionList$DividerEntry;
[21:37:48] [main/DEBUG]: Skipping Lnet/minecraft/client/gui/screens/reporting/ChatSelectionLogFiller;
[21:37:48] [main/DEBUG]: Skipping Lnet/minecraft/client/gui/screens/reporting/ChatSelectionLogFiller$Output;
[21:37:48] [main/DEBUG]: Skipping Lnet/minecraft/client/gui/screens/reporting/ChatReportScreen;
[21:37:48] [main/DEBUG]: Skipping Lnet/minecraft/client/gui/screens/reporting/ChatReportScreen$SubmitButtonTooltip;
[21:37:48] [main/DEBUG]: Skipping Lnet/minecraft/client/gui/screens/reporting/ChatReportScreen$DiscardReportWarningScreen;
[21:37:48] [main/DEBUG]: Skipping Lnet/minecraft/client/gui/screens/reporting/ChatLogSegmenter;
[21:37:48] [main/DEBUG]: Skipping Lnet/minecraft/client/gui/screens/reporting/ChatLogSegmenter$Results;
[21:37:48] [main/DEBUG]: Skipping Lnet/minecraft/client/gui/screens/reporting/ChatLogSegmenter$MessageType;
[21:37:48] [main/DEBUG]: Skipping Lnet/minecraft/client/gui/screens/recipebook/package-info;
[21:37:48] [main/DEBUG]: Skipping Lnet/minecraft/client/gui/screens/recipebook/SmokingRecipeBookComponent;
[21:37:48] [main/DEBUG]: Skipping Lnet/minecraft/client/gui/screens/recipebook/SmeltingRecipeBookComponent;
[21:37:48] [main/DEBUG]: Skipping Lnet/minecraft/client/gui/screens/recipebook/RecipeUpdateListener;
[21:37:48] [main/DEBUG]: Skipping Lnet/minecraft/client/gui/screens/recipebook/RecipeShownListener;
[21:37:48] [main/DEBUG]: Skipping Lnet/minecraft/client/gui/screens/recipebook/RecipeCollection;
[21:37:48] [main/DEBUG]: Skipping Lnet/minecraft/client/gui/screens/recipebook/RecipeButton;
[21:37:48] [main/DEBUG]: Skipping Lnet/minecraft/client/gui/screens/recipebook/RecipeBookTabButton;
[21:37:48] [main/DEBUG]: Skipping Lnet/minecraft/client/gui/screens/recipebook/OverlayRecipeComponent;
[21:37:48] [main/DEBUG]: Skipping Lnet/minecraft/client/gui/screens/recipebook/OverlayRecipeComponent$OverlaySmeltingRecipeButton;
[21:37:48] [main/DEBUG]: Skipping Lnet/minecraft/client/gui/screens/recipebook/OverlayRecipeComponent$OverlayRecipeButton;
[21:37:48] [main/DEBUG]: Skipping Lnet/minecraft/client/gui/screens/recipebook/OverlayRecipeComponent$OverlayRecipeButton$Pos;
[21:37:48] [main/DEBUG]: Skipping Lnet/minecraft/client/gui/screens/recipebook/GhostRecipe;
[21:37:48] [main/DEBUG]: Skipping Lnet/minecraft/client/gui/screens/recipebook/GhostRecipe$GhostIngredient;
[21:37:48] [main/DEBUG]: Skipping Lnet/minecraft/client/gui/screens/recipebook/BlastingRecipeBookComponent;
[21:37:48] [main/DEBUG]: Skipping Lnet/minecraft/client/gui/screens/recipebook/AbstractFurnaceRecipeBookComponent;
[21:37:48] [main/DEBUG]: Skipping Lnet/minecraft/client/gui/screens/recipebook/RecipeBookPage;
[21:37:48] [main/DEBUG]: Skipping Lnet/minecraft/client/gui/screens/recipebook/RecipeBookComponent;
[21:37:48] [main/DEBUG]: Skipping Lnet/minecraft/client/gui/screens/packs/package-info;
[21:37:48] [main/DEBUG]: Skipping Lnet/minecraft/client/gui/screens/packs/TransferableSelectionList;
[21:37:48] [main/DEBUG]: Skipping Lnet/minecraft/client/gui/screens/packs/TransferableSelectionList$PackEntry;
[21:37:48] [main/DEBUG]: Skipping Lnet/minecraft/client/gui/screens/packs/PackSelectionScreen;
[21:37:48] [main/DEBUG]: Skipping Lnet/minecraft/client/gui/screens/packs/PackSelectionScreen$Watcher;
[21:37:48] [main/DEBUG]: Skipping Lnet/minecraft/client/gui/screens/packs/PackSelectionScreen$1;
[21:37:48] [main/DEBUG]: Skipping Lnet/minecraft/client/gui/screens/packs/PackSelectionModel;
[21:37:48] [main/DEBUG]: Skipping Lnet/minecraft/client/gui/screens/packs/PackSelectionModel$UnselectedPackEntry;
[21:37:48] [main/DEBUG]: Skipping Lnet/minecraft/client/gui/screens/packs/PackSelectionModel$SelectedPackEntry;
[21:37:48] [main/DEBUG]: Skipping Lnet/minecraft/client/gui/screens/packs/PackSelectionModel$EntryBase;
[21:37:48] [main/DEBUG]: Skipping Lnet/minecraft/client/gui/screens/packs/PackSelectionModel$Entry;
[21:37:48] [main/DEBUG]: Skipping Lnet/minecraft/client/gui/screens/package-info;
[21:37:48] [main/DEBUG]: Skipping Lnet/minecraft/client/gui/screens/multiplayer/package-info;
[21:37:48] [main/DEBUG]: Skipping Lnet/minecraft/client/gui/screens/multiplayer/WarningScreen;
[21:37:48] [main/DEBUG]: Skipping Lnet/minecraft/client/gui/screens/multiplayer/SafetyScreen;
[21:37:48] [main/DEBUG]: Skipping Lnet/minecraft/client/gui/screens/multiplayer/Realms32bitWarningScreen;
[21:37:48] [main/DEBUG]: Skipping Lnet/minecraft/client/gui/screens/multiplayer/ChatPreviewWarningScreen;
[21:37:48] [main/DEBUG]: Skipping Lnet/minecraft/client/gui/screens/multiplayer/ServerSelectionList;
[21:37:48] [main/DEBUG]: Skipping Lnet/minecraft/client/gui/screens/multiplayer/ServerSelectionList$OnlineServerEntry;
[21:37:48] [main/DEBUG]: Skipping Lnet/minecraft/client/gui/screens/multiplayer/ServerSelectionList$NetworkServerEntry;
[21:37:48] [main/DEBUG]: Skipping Lnet/minecraft/client/gui/screens/multiplayer/ServerSelectionList$LANHeader;
[21:37:48] [main/DEBUG]: Skipping Lnet/minecraft/client/gui/screens/multiplayer/ServerSelectionList$Entry;
[21:37:48] [main/DEBUG]: Skipping Lnet/minecraft/client/gui/screens/multiplayer/JoinMultiplayerScreen;
[21:37:48] [main/DEBUG]: Skipping Lnet/minecraft/client/gui/screens/inventory/tooltip/package-info;
[21:37:48] [main/DEBUG]: Skipping Lnet/minecraft/client/gui/screens/inventory/tooltip/ClientTextTooltip;
[21:37:48] [main/DEBUG]: Skipping Lnet/minecraft/client/gui/screens/inventory/tooltip/ClientBundleTooltip;
[21:37:48] [main/DEBUG]: Skipping Lnet/minecraft/client/gui/screens/inventory/tooltip/ClientBundleTooltip$Texture;
[21:37:48] [main/DEBUG]: Skipping Lnet/minecraft/client/gui/screens/inventory/tooltip/ClientTooltipComponent;
[21:37:48] [main/DEBUG]: Skipping Lnet/minecraft/client/gui/screens/inventory/package-info;
[21:37:48] [main/DEBUG]: Skipping Lnet/minecraft/client/gui/screens/inventory/StructureBlockEditScreen;
[21:37:48] [main/DEBUG]: Skipping Lnet/minecraft/client/gui/screens/inventory/StructureBlockEditScreen$2;
[21:37:48] [main/DEBUG]: Skipping Lnet/minecraft/client/gui/screens/inventory/StructureBlockEditScreen$1;
[21:37:48] [main/DEBUG]: Skipping Lnet/minecraft/client/gui/screens/inventory/StonecutterScreen;
[21:37:48] [main/DEBUG]: Skipping Lnet/minecraft/client/gui/screens/inventory/SmokerScreen;
[21:37:48] [main/DEBUG]: Skipping Lnet/minecraft/client/gui/screens/inventory/SmithingScreen;
[21:37:48] [main/DEBUG]: Skipping Lnet/minecraft/client/gui/screens/inventory/SignEditScreen;
[21:37:48] [main/DEBUG]: Skipping Lnet/minecraft/client/gui/screens/inventory/ShulkerBoxScreen;
[21:37:48] [main/DEBUG]: Skipping Lnet/minecraft/client/gui/screens/inventory/PageButton;
[21:37:48] [main/DEBUG]: Skipping Lnet/minecraft/client/gui/screens/inventory/MinecartCommandBlockEditScreen;
[21:37:48] [main/DEBUG]: Skipping Lnet/minecraft/client/gui/screens/inventory/MenuAccess;
[21:37:48] [main/DEBUG]: Skipping Lnet/minecraft/client/gui/screens/inventory/LoomScreen;
[21:37:48] [main/DEBUG]: Skipping Lnet/minecraft/client/gui/screens/inventory/LecternScreen;
[21:37:48] [main/DEBUG]: Skipping Lnet/minecraft/client/gui/screens/inventory/LecternScreen$1;
[21:37:48] [main/DEBUG]: Skipping Lnet/minecraft/client/gui/screens/inventory/JigsawBlockEditScreen;
[21:37:48] [main/DEBUG]: Skipping Lnet/minecraft/client/gui/screens/inventory/JigsawBlockEditScreen$1;
[21:37:48] [main/DEBUG]: Skipping Lnet/minecraft/client/gui/screens/inventory/ItemCombinerScreen;
[21:37:48] [main/DEBUG]: Skipping Lnet/minecraft/client/gui/screens/inventory/HorseInventoryScreen;
[21:37:48] [main/DEBUG]: Skipping Lnet/minecraft/client/gui/screens/inventory/HopperScreen;
[21:37:48] [main/DEBUG]: Skipping Lnet/minecraft/client/gui/screens/inventory/GrindstoneScreen;
[21:37:48] [main/DEBUG]: Skipping Lnet/minecraft/client/gui/screens/inventory/FurnaceScreen;
[21:37:48] [main/DEBUG]: Skipping Lnet/minecraft/client/gui/screens/inventory/EnchantmentNames;
[21:37:48] [main/DEBUG]: Skipping Lnet/minecraft/client/gui/screens/inventory/DispenserScreen;
[21:37:48] [main/DEBUG]: Skipping Lnet/minecraft/client/gui/screens/inventory/CreativeInventoryListener;
[21:37:48] [main/DEBUG]: Skipping Lnet/minecraft/client/gui/screens/inventory/CraftingScreen;
[21:37:48] [main/DEBUG]: Skipping Lnet/minecraft/client/gui/screens/inventory/ContainerScreen;
[21:37:48] [main/DEBUG]: Skipping Lnet/minecraft/client/gui/screens/inventory/CommandBlockEditScreen;
[21:37:48] [main/DEBUG]: Skipping Lnet/minecraft/client/gui/screens/inventory/CommandBlockEditScreen$1;
[21:37:48] [main/DEBUG]: Skipping Lnet/minecraft/client/gui/screens/inventory/CartographyTableScreen;
[21:37:48] [main/DEBUG]: Skipping Lnet/minecraft/client/gui/screens/inventory/BrewingStandScreen;
[21:37:48] [main/DEBUG]: Skipping Lnet/minecraft/client/gui/screens/inventory/BookViewScreen;
[21:37:48] [main/DEBUG]: Skipping Lnet/minecraft/client/gui/screens/inventory/BookViewScreen$WrittenBookAccess;
[21:37:48] [main/DEBUG]: Skipping Lnet/minecraft/client/gui/screens/inventory/BookViewScreen$WritableBookAccess;
[21:37:48] [main/DEBUG]: Skipping Lnet/minecraft/client/gui/screens/inventory/BookViewScreen$BookAccess;
[21:37:48] [main/DEBUG]: Skipping Lnet/minecraft/client/gui/screens/inventory/BookViewScreen$1;
[21:37:48] [main/DEBUG]: Skipping Lnet/minecraft/client/gui/screens/inventory/BookEditScreen;
[21:37:48] [main/DEBUG]: Skipping Lnet/minecraft/client/gui/screens/inventory/BookEditScreen$Pos2i;
[21:37:48] [main/DEBUG]: Skipping Lnet/minecraft/client/gui/screens/inventory/BookEditScreen$LineInfo;
[21:37:48] [main/DEBUG]: Skipping Lnet/minecraft/client/gui/screens/inventory/BookEditScreen$DisplayCache;
[21:37:48] [main/DEBUG]: Skipping Lnet/minecraft/client/gui/screens/inventory/BlastFurnaceScreen;
[21:37:48] [main/DEBUG]: Skipping Lnet/minecraft/client/gui/screens/inventory/BeaconScreen;
[21:37:48] [main/DEBUG]: Skipping Lnet/minecraft/client/gui/screens/inventory/BeaconScreen$BeaconUpgradePowerButton;
[21:37:48] [main/DEBUG]: Skipping Lnet/minecraft/client/gui/screens/inventory/BeaconScreen$BeaconSpriteScreenButton;
[21:37:48] [main/DEBUG]: Skipping Lnet/minecraft/client/gui/screens/inventory/BeaconScreen$BeaconScreenButton;
[21:37:48] [main/DEBUG]: Skipping Lnet/minecraft/client/gui/screens/inventory/BeaconScreen$BeaconPowerButton;
[21:37:48] [main/DEBUG]: Skipping Lnet/minecraft/client/gui/screens/inventory/BeaconScreen$BeaconConfirmButton;
[21:37:48] [main/DEBUG]: Skipping Lnet/minecraft/client/gui/screens/inventory/BeaconScreen$BeaconCancelButton;
[21:37:48] [main/DEBUG]: Skipping Lnet/minecraft/client/gui/screens/inventory/BeaconScreen$BeaconButton;
[21:37:48] [main/DEBUG]: Skipping Lnet/minecraft/client/gui/screens/inventory/BeaconScreen$1;
[21:37:48] [main/DEBUG]: Skipping Lnet/minecraft/client/gui/screens/inventory/AnvilScreen;
[21:37:48] [main/DEBUG]: Skipping Lnet/minecraft/client/gui/screens/inventory/AbstractFurnaceScreen;
[21:37:48] [main/DEBUG]: Skipping Lnet/minecraft/client/gui/screens/inventory/AbstractCommandBlockEditScreen;
[21:37:48] [main/DEBUG]: Skipping Lnet/minecraft/client/gui/screens/inventory/AbstractCommandBlockEditScreen$1;
[21:37:48] [main/DEBUG]: Skipping Lnet/minecraft/client/gui/screens/inventory/MerchantScreen;
[21:37:48] [main/DEBUG]: Skipping Lnet/minecraft/client/gui/screens/inventory/MerchantScreen$TradeOfferButton;
[21:37:48] [main/DEBUG]: Skipping Lnet/minecraft/client/gui/screens/inventory/InventoryScreen;
[21:37:48] [main/DEBUG]: Skipping Lnet/minecraft/client/gui/screens/inventory/EnchantmentScreen;
[21:37:48] [main/DEBUG]: Skipping Lnet/minecraft/client/gui/screens/inventory/EffectRenderingInventoryScreen;
[21:37:48] [main/DEBUG]: Skipping Lnet/minecraft/client/gui/screens/inventory/CreativeModeInventoryScreen;
[21:37:48] [main/DEBUG]: Skipping Lnet/minecraft/client/gui/screens/inventory/CreativeModeInventoryScreen$SlotWrapper;
[21:37:48] [main/DEBUG]: Skipping Lnet/minecraft/client/gui/screens/inventory/CreativeModeInventoryScreen$ItemPickerMenu;
[21:37:48] [main/DEBUG]: Skipping Lnet/minecraft/client/gui/screens/inventory/CreativeModeInventoryScreen$CustomCreativeSlot;
[21:37:48] [main/DEBUG]: Skipping Lnet/minecraft/client/gui/screens/inventory/AbstractContainerScreen;
[21:37:48] [main/DEBUG]: Skipping Lnet/minecraft/client/gui/screens/debug/package-info;
[21:37:48] [main/DEBUG]: Skipping Lnet/minecraft/client/gui/screens/debug/GameModeSwitcherScreen;
[21:37:48] [main/DEBUG]: Skipping Lnet/minecraft/client/gui/screens/debug/GameModeSwitcherScreen$GameModeSlot;
[21:37:48] [main/DEBUG]: Skipping Lnet/minecraft/client/gui/screens/debug/GameModeSwitcherScreen$GameModeIcon;
[21:37:48] [main/DEBUG]: Skipping Lnet/minecraft/client/gui/screens/debug/GameModeSwitcherScreen$1;
[21:37:48] [main/DEBUG]: Skipping Lnet/minecraft/client/gui/screens/controls/package-info;
[21:37:48] [main/DEBUG]: Skipping Lnet/minecraft/client/gui/screens/controls/ControlsScreen;
[21:37:48] [main/DEBUG]: Skipping Lnet/minecraft/client/gui/screens/controls/KeyBindsScreen;
[21:37:48] [main/DEBUG]: Skipping Lnet/minecraft/client/gui/screens/controls/KeyBindsList;
[21:37:48] [main/DEBUG]: Skipping Lnet/minecraft/client/gui/screens/controls/KeyBindsList$KeyEntry;
[21:37:48] [main/DEBUG]: Skipping Lnet/minecraft/client/gui/screens/controls/KeyBindsList$KeyEntry$2;
[21:37:48] [main/DEBUG]: Skipping Lnet/minecraft/client/gui/screens/controls/KeyBindsList$KeyEntry$1;
[21:37:48] [main/DEBUG]: Skipping Lnet/minecraft/client/gui/screens/controls/KeyBindsList$Entry;
[21:37:48] [main/DEBUG]: Skipping Lnet/minecraft/client/gui/screens/controls/KeyBindsList$CategoryEntry;
[21:37:48] [main/DEBUG]: Skipping Lnet/minecraft/client/gui/screens/controls/KeyBindsList$CategoryEntry$1;
[21:37:48] [main/DEBUG]: Skipping Lnet/minecraft/client/gui/screens/advancements/package-info;
[21:37:48] [main/DEBUG]: Skipping Lnet/minecraft/client/gui/screens/advancements/AdvancementWidgetType;
[21:37:48] [main/DEBUG]: Skipping Lnet/minecraft/client/gui/screens/advancements/AdvancementWidget;
[21:37:48] [main/DEBUG]: Skipping Lnet/minecraft/client/gui/screens/advancements/AdvancementsScreen;
[21:37:48] [main/DEBUG]: Skipping Lnet/minecraft/client/gui/screens/advancements/AdvancementTabType;
[21:37:48] [main/DEBUG]: Skipping Lnet/minecraft/client/gui/screens/advancements/AdvancementTabType$1;
[21:37:48] [main/DEBUG]: Skipping Lnet/minecraft/client/gui/screens/advancements/AdvancementTab;
[21:37:48] [main/DEBUG]: Skipping Lnet/minecraft/client/gui/screens/achievement/package-info;
[21:37:48] [main/DEBUG]: Skipping Lnet/minecraft/client/gui/screens/achievement/StatsUpdateListener;
[21:37:48] [main/DEBUG]: Skipping Lnet/minecraft/client/gui/screens/achievement/StatsScreen;
[21:37:48] [main/DEBUG]: Skipping Lnet/minecraft/client/gui/screens/achievement/StatsScreen$MobsStatisticsList;
[21:37:48] [main/DEBUG]: Skipping Lnet/minecraft/client/gui/screens/achievement/StatsScreen$MobsStatisticsList$MobRow;
[21:37:48] [main/DEBUG]: Skipping Lnet/minecraft/client/gui/screens/achievement/StatsScreen$ItemStatisticsList;
[21:37:48] [main/DEBUG]: Skipping Lnet/minecraft/client/gui/screens/achievement/StatsScreen$ItemStatisticsList$ItemRowComparator;
[21:37:48] [main/DEBUG]: Skipping Lnet/minecraft/client/gui/screens/achievement/StatsScreen$ItemStatisticsList$ItemRow;
[21:37:48] [main/DEBUG]: Skipping Lnet/minecraft/client/gui/screens/achievement/StatsScreen$GeneralStatisticsList;
[21:37:48] [main/DEBUG]: Skipping Lnet/minecraft/client/gui/screens/achievement/StatsScreen$GeneralStatisticsList$Entry;
[21:37:48] [main/DEBUG]: Skipping Lnet/minecraft/client/gui/screens/WinScreen;
[21:37:48] [main/DEBUG]: Skipping Lnet/minecraft/client/gui/screens/WinScreen$CreditsReader;
[21:37:48] [main/DEBUG]: Skipping Lnet/minecraft/client/gui/screens/VideoSettingsScreen;
[21:37:48] [main/DEBUG]: Skipping Lnet/minecraft/client/gui/screens/SoundOptionsScreen;
[21:37:48] [main/DEBUG]: Skipping Lnet/minecraft/client/gui/screens/SkinCustomizationScreen;
[21:37:48] [main/DEBUG]: Skipping Lnet/minecraft/client/gui/screens/SimpleOptionsSubScreen;
[21:37:48] [main/DEBUG]: Skipping Lnet/minecraft/client/gui/screens/ShareToLanScreen;
[21:37:48] [main/DEBUG]: Skipping Lnet/minecraft/client/gui/screens/ReceivingLevelScreen;
[21:37:48] [main/DEBUG]: Skipping Lnet/minecraft/client/gui/screens/ProgressScreen;
[21:37:48] [main/DEBUG]: Skipping Lnet/minecraft/client/gui/screens/PresetFlatWorldScreen;
[21:37:48] [main/DEBUG]: Skipping Lnet/minecraft/client/gui/screens/PresetFlatWorldScreen$PresetsList;
[21:37:48] [main/DEBUG]: Skipping Lnet/minecraft/client/gui/screens/PresetFlatWorldScreen$PresetsList$Entry;
[21:37:48] [main/DEBUG]: Skipping Lnet/minecraft/client/gui/screens/PopupScreen;
[21:37:48] [main/DEBUG]: Skipping Lnet/minecraft/client/gui/screens/PopupScreen$ButtonOption;
[21:37:48] [main/DEBUG]: Skipping Lnet/minecraft/client/gui/screens/Overlay;
[21:37:48] [main/DEBUG]: Skipping Lnet/minecraft/client/gui/screens/OutOfMemoryScreen;
[21:37:48] [main/DEBUG]: Skipping Lnet/minecraft/client/gui/screens/OptionsSubScreen;
[21:37:48] [main/DEBUG]: Skipping Lnet/minecraft/client/gui/screens/OnlineOptionsScreen;
[21:37:48] [main/DEBUG]: Skipping Lnet/minecraft/client/gui/screens/MouseSettingsScreen;
[21:37:48] [main/DEBUG]: Skipping Lnet/minecraft/client/gui/screens/LoadingDotsText;
[21:37:48] [main/DEBUG]: Skipping Lnet/minecraft/client/gui/screens/LevelLoadingScreen;
[21:37:48] [main/DEBUG]: Skipping Lnet/minecraft/client/gui/screens/LanguageSelectScreen;
[21:37:48] [main/DEBUG]: Skipping Lnet/minecraft/client/gui/screens/LanguageSelectScreen$LanguageSelectionList;
[21:37:48] [main/DEBUG]: Skipping Lnet/minecraft/client/gui/screens/LanguageSelectScreen$LanguageSelectionList$Entry;
[21:37:48] [main/DEBUG]: Skipping Lnet/minecraft/client/gui/screens/InBedChatScreen;
[21:37:48] [main/DEBUG]: Skipping Lnet/minecraft/client/gui/screens/GenericWaitingScreen;
[21:37:48] [main/DEBUG]: Skipping Lnet/minecraft/client/gui/screens/GenericDirtMessageScreen;
[21:37:48] [main/DEBUG]: Skipping Lnet/minecraft/client/gui/screens/ErrorScreen;
[21:37:48] [main/DEBUG]: Skipping Lnet/minecraft/client/gui/screens/EditServerScreen;
[21:37:48] [main/DEBUG]: Skipping Lnet/minecraft/client/gui/screens/DisconnectedScreen;
[21:37:48] [main/DEBUG]: Skipping Lnet/minecraft/client/gui/screens/DirectJoinServerScreen;
[21:37:48] [main/DEBUG]: Skipping Lnet/minecraft/client/gui/screens/DemoIntroScreen;
[21:37:48] [main/DEBUG]: Skipping Lnet/minecraft/client/gui/screens/DatapackLoadFailureScreen;
[21:37:48] [main/DEBUG]: Skipping Lnet/minecraft/client/gui/screens/CreateFlatWorldScreen;
[21:37:48] [main/DEBUG]: Skipping Lnet/minecraft/client/gui/screens/CreateFlatWorldScreen$DetailsList;
[21:37:48] [main/DEBUG]: Skipping Lnet/minecraft/client/gui/screens/CreateFlatWorldScreen$DetailsList$Entry;
[21:37:48] [main/DEBUG]: Skipping Lnet/minecraft/client/gui/screens/CreateBuffetWorldScreen;
[21:37:48] [main/DEBUG]: Skipping Lnet/minecraft/client/gui/screens/CreateBuffetWorldScreen$BiomeList;
[21:37:48] [main/DEBUG]: Skipping Lnet/minecraft/client/gui/screens/CreateBuffetWorldScreen$BiomeList$Entry;
[21:37:48] [main/DEBUG]: Skipping Lnet/minecraft/client/gui/screens/ConfirmScreen;
[21:37:48] [main/DEBUG]: Skipping Lnet/minecraft/client/gui/screens/ConfirmLinkScreen;
[21:37:48] [main/DEBUG]: Skipping Lnet/minecraft/client/gui/screens/ChatScreen;
[21:37:48] [main/DEBUG]: Skipping Lnet/minecraft/client/gui/screens/ChatScreen$1;
[21:37:48] [main/DEBUG]: Skipping Lnet/minecraft/client/gui/screens/ChatOptionsScreen;
[21:37:48] [main/DEBUG]: Skipping Lnet/minecraft/client/gui/screens/BanNoticeScreen;
[21:37:48] [main/DEBUG]: Skipping Lnet/minecraft/client/gui/screens/BackupConfirmScreen;
[21:37:48] [main/DEBUG]: Skipping Lnet/minecraft/client/gui/screens/BackupConfirmScreen$Listener;
[21:37:48] [main/DEBUG]: Skipping Lnet/minecraft/client/gui/screens/AlertScreen;
[21:37:48] [main/DEBUG]: Skipping Lnet/minecraft/client/gui/screens/AccessibilityOptionsScreen;
[21:37:48] [main/DEBUG]: Skipping Lnet/minecraft/client/gui/screens/TitleScreen;
[21:37:48] [main/DEBUG]: Skipping Lnet/minecraft/client/gui/screens/TitleScreen$WarningLabel;
[21:37:48] [main/DEBUG]: Skipping Lnet/minecraft/client/gui/screens/TitleScreen$1;
[21:37:48] [main/DEBUG]: Transforming class Lnet/minecraft/client/gui/screens/Screen;
[21:37:48] [main/DEBUG]: Transforming net/minecraft/client/gui/screens/Screen FIELD f_169369_ to access PUBLIC and LEAVE
[21:37:48] [main/DEBUG]: Skipping Lnet/minecraft/client/gui/screens/Screen$NarratableSearchResult;
[21:37:48] [main/DEBUG]: Skipping Lnet/minecraft/client/gui/screens/PauseScreen;
[21:37:48] [main/DEBUG]: Skipping Lnet/minecraft/client/gui/screens/OptionsScreen;
[21:37:48] [main/DEBUG]: Transforming class Lnet/minecraft/client/gui/screens/MenuScreens;
[21:37:48] [main/DEBUG]: Transforming net/minecraft/client/gui/screens/MenuScreens INNERCLASS ScreenConstructor to access PUBLIC and LEAVE
[21:37:48] [main/DEBUG]: Transforming net/minecraft/client/gui/screens/MenuScreens METHOD m_96206_(Lnet/minecraft/world/inventory/MenuType;Lnet/minecraft/client/gui/screens/MenuScreens$ScreenConstructor;)V to access PUBLIC and LEAVE
[21:37:48] [main/DEBUG]: Transforming class Lnet/minecraft/client/gui/screens/MenuScreens$ScreenConstructor;
[21:37:48] [main/DEBUG]: Transforming net/minecraft/client/gui/screens/MenuScreens$ScreenConstructor CLASS to access PUBLIC and LEAVE
[21:37:48] [main/DEBUG]: Skipping Lnet/minecraft/client/gui/screens/LoadingOverlay;
[21:37:48] [main/DEBUG]: Skipping Lnet/minecraft/client/gui/screens/LoadingOverlay$LogoTexture;
[21:37:48] [main/DEBUG]: Skipping Lnet/minecraft/client/gui/screens/DeathScreen;
[21:37:48] [main/DEBUG]: Skipping Lnet/minecraft/client/gui/screens/ConnectScreen;
[21:37:48] [main/DEBUG]: Skipping Lnet/minecraft/client/gui/screens/ConnectScreen$1;
[21:37:48] [main/DEBUG]: Skipping Lnet/minecraft/client/gui/package-info;
[21:37:48] [main/DEBUG]: Skipping Lnet/minecraft/client/gui/narration/package-info;
[21:37:48] [main/DEBUG]: Skipping Lnet/minecraft/client/gui/narration/ScreenNarrationCollector;
[21:37:48] [main/DEBUG]: Skipping Lnet/minecraft/client/gui/narration/ScreenNarrationCollector$Output;
[21:37:48] [main/DEBUG]: Skipping Lnet/minecraft/client/gui/narration/ScreenNarrationCollector$NarrationEntry;
[21:37:48] [main/DEBUG]: Skipping Lnet/minecraft/client/gui/narration/ScreenNarrationCollector$EntryKey;
[21:37:48] [main/DEBUG]: Skipping Lnet/minecraft/client/gui/narration/ScreenNarrationCollector$1;
[21:37:48] [main/DEBUG]: Skipping Lnet/minecraft/client/gui/narration/NarrationThunk;
[21:37:48] [main/DEBUG]: Skipping Lnet/minecraft/client/gui/narration/NarrationSupplier;
[21:37:48] [main/DEBUG]: Skipping Lnet/minecraft/client/gui/narration/NarrationElementOutput;
[21:37:48] [main/DEBUG]: Skipping Lnet/minecraft/client/gui/narration/NarratedElementType;
[21:37:48] [main/DEBUG]: Skipping Lnet/minecraft/client/gui/narration/NarratableEntry;
[21:37:48] [main/DEBUG]: Skipping Lnet/minecraft/client/gui/narration/NarratableEntry$NarrationPriority;
[21:37:48] [main/DEBUG]: Skipping Lnet/minecraft/client/gui/font/providers/package-info;
[21:37:48] [main/DEBUG]: Skipping Lnet/minecraft/client/gui/font/providers/TrueTypeGlyphProviderBuilder;
[21:37:48] [main/DEBUG]: Skipping Lnet/minecraft/client/gui/font/providers/LegacyUnicodeBitmapsProvider;
[21:37:48] [main/DEBUG]: Skipping Lnet/minecraft/client/gui/font/providers/LegacyUnicodeBitmapsProvider$Glyph;
[21:37:48] [main/DEBUG]: Skipping Lnet/minecraft/client/gui/font/providers/LegacyUnicodeBitmapsProvider$Glyph$1;
[21:37:48] [main/DEBUG]: Skipping Lnet/minecraft/client/gui/font/providers/LegacyUnicodeBitmapsProvider$Builder;
[21:37:48] [main/DEBUG]: Skipping Lnet/minecraft/client/gui/font/providers/GlyphProviderBuilderType;
[21:37:48] [main/DEBUG]: Skipping Lnet/minecraft/client/gui/font/providers/GlyphProviderBuilder;
[21:37:48] [main/DEBUG]: Skipping Lnet/minecraft/client/gui/font/providers/BitmapProvider;
[21:37:48] [main/DEBUG]: Skipping Lnet/minecraft/client/gui/font/providers/BitmapProvider$Glyph;
[21:37:48] [main/DEBUG]: Skipping Lnet/minecraft/client/gui/font/providers/BitmapProvider$Glyph$1;
[21:37:48] [main/DEBUG]: Skipping Lnet/minecraft/client/gui/font/providers/BitmapProvider$Builder;
[21:37:48] [main/DEBUG]: Skipping Lnet/minecraft/client/gui/font/package-info;
[21:37:48] [main/DEBUG]: Skipping Lnet/minecraft/client/gui/font/glyphs/package-info;
[21:37:48] [main/DEBUG]: Skipping Lnet/minecraft/client/gui/font/glyphs/SpecialGlyphs;
[21:37:48] [main/DEBUG]: Skipping Lnet/minecraft/client/gui/font/glyphs/SpecialGlyphs$PixelProvider;
[21:37:48] [main/DEBUG]: Skipping Lnet/minecraft/client/gui/font/glyphs/SpecialGlyphs$1;
[21:37:48] [main/DEBUG]: Skipping Lnet/minecraft/client/gui/font/glyphs/EmptyGlyph;
[21:37:48] [main/DEBUG]: Skipping Lnet/minecraft/client/gui/font/glyphs/BakedGlyph;
[21:37:48] [main/DEBUG]: Skipping Lnet/minecraft/client/gui/font/glyphs/BakedGlyph$Effect;
[21:37:48] [main/DEBUG]: Skipping Lnet/minecraft/client/gui/font/glyphs/BakedGlyph$1;
[21:37:48] [main/DEBUG]: Skipping Lnet/minecraft/client/gui/font/TextFieldHelper;
[21:37:48] [main/DEBUG]: Skipping Lnet/minecraft/client/gui/font/TextFieldHelper$CursorStep;
[21:37:48] [main/DEBUG]: Skipping Lnet/minecraft/client/gui/font/TextFieldHelper$1;
[21:37:48] [main/DEBUG]: Skipping Lnet/minecraft/client/gui/font/FontTexture;
[21:37:48] [main/DEBUG]: Skipping Lnet/minecraft/client/gui/font/FontTexture$Node;
[21:37:48] [main/DEBUG]: Skipping Lnet/minecraft/client/gui/font/FontSet;
[21:37:48] [main/DEBUG]: Skipping Lnet/minecraft/client/gui/font/FontSet$GlyphInfoFilter;
[21:37:48] [main/DEBUG]: Skipping Lnet/minecraft/client/gui/font/FontManager;
[21:37:48] [main/DEBUG]: Skipping Lnet/minecraft/client/gui/font/FontManager$1;
[21:37:48] [main/DEBUG]: Skipping Lnet/minecraft/client/gui/font/AllMissingGlyphProvider;
[21:37:48] [main/DEBUG]: Skipping Lnet/minecraft/client/gui/components/toasts/package-info;
[21:37:48] [main/DEBUG]: Skipping Lnet/minecraft/client/gui/components/toasts/TutorialToast;
[21:37:48] [main/DEBUG]: Skipping Lnet/minecraft/client/gui/components/toasts/TutorialToast$Icons;
[21:37:48] [main/DEBUG]: Skipping Lnet/minecraft/client/gui/components/toasts/Toast;
[21:37:48] [main/DEBUG]: Skipping Lnet/minecraft/client/gui/components/toasts/Toast$Visibility;
[21:37:48] [main/DEBUG]: Skipping Lnet/minecraft/client/gui/components/toasts/SystemToast;
[21:37:48] [main/DEBUG]: Skipping Lnet/minecraft/client/gui/components/toasts/SystemToast$SystemToastIds;
[21:37:48] [main/DEBUG]: Skipping Lnet/minecraft/client/gui/components/toasts/RecipeToast;
[21:37:48] [main/DEBUG]: Skipping Lnet/minecraft/client/gui/components/toasts/AdvancementToast;
[21:37:48] [main/DEBUG]: Skipping Lnet/minecraft/client/gui/components/toasts/ToastComponent;
[21:37:48] [main/DEBUG]: Skipping Lnet/minecraft/client/gui/components/toasts/ToastComponent$ToastInstance;
[21:37:48] [main/DEBUG]: Skipping Lnet/minecraft/client/gui/components/spectator/package-info;
[21:37:48] [main/DEBUG]: Skipping Lnet/minecraft/client/gui/components/spectator/SpectatorGui;
[21:37:48] [main/DEBUG]: Skipping Lnet/minecraft/client/gui/components/package-info;
[21:37:48] [main/DEBUG]: Skipping Lnet/minecraft/client/gui/components/events/package-info;
[21:37:48] [main/DEBUG]: Skipping Lnet/minecraft/client/gui/components/events/GuiEventListener;
[21:37:48] [main/DEBUG]: Skipping Lnet/minecraft/client/gui/components/events/ContainerEventHandler;
[21:37:48] [main/DEBUG]: Skipping Lnet/minecraft/client/gui/components/events/AbstractContainerEventHandler;
[21:37:48] [main/DEBUG]: Skipping Lnet/minecraft/client/gui/components/Widget;
[21:37:48] [main/DEBUG]: Skipping Lnet/minecraft/client/gui/components/Whence;
[21:37:48] [main/DEBUG]: Skipping Lnet/minecraft/client/gui/components/VolumeSlider;
[21:37:48] [main/DEBUG]: Skipping Lnet/minecraft/client/gui/components/TooltipAccessor;
[21:37:48] [main/DEBUG]: Skipping Lnet/minecraft/client/gui/components/SubtitleOverlay;
[21:37:48] [main/DEBUG]: Skipping Lnet/minecraft/client/gui/components/SubtitleOverlay$Subtitle;
[21:37:48] [main/DEBUG]: Skipping Lnet/minecraft/client/gui/components/StateSwitchingButton;
[21:37:48] [main/DEBUG]: Skipping Lnet/minecraft/client/gui/components/PlayerTabOverlay;
[21:37:48] [main/DEBUG]: Skipping Lnet/minecraft/client/gui/components/PlayerTabOverlay$PlayerInfoComparator;
[21:37:48] [main/DEBUG]: Skipping Lnet/minecraft/client/gui/components/PlayerFaceRenderer;
[21:37:48] [main/DEBUG]: Skipping Lnet/minecraft/client/gui/components/PlainTextButton;
[21:37:48] [main/DEBUG]: Skipping Lnet/minecraft/client/gui/components/OptionsList;
[21:37:48] [main/DEBUG]: Skipping Lnet/minecraft/client/gui/components/OptionsList$Entry;
[21:37:48] [main/DEBUG]: Skipping Lnet/minecraft/client/gui/components/ObjectSelectionList;
[21:37:48] [main/DEBUG]: Skipping Lnet/minecraft/client/gui/components/ObjectSelectionList$Entry;
[21:37:48] [main/DEBUG]: Skipping Lnet/minecraft/client/gui/components/MultilineTextField;
[21:37:48] [main/DEBUG]: Skipping Lnet/minecraft/client/gui/components/MultilineTextField$StringView;
[21:37:48] [main/DEBUG]: Skipping Lnet/minecraft/client/gui/components/MultilineTextField$1;
[21:37:48] [main/DEBUG]: Skipping Lnet/minecraft/client/gui/components/MultiLineLabel;
[21:37:48] [main/DEBUG]: Skipping Lnet/minecraft/client/gui/components/MultiLineLabel$TextWithWidth;
[21:37:48] [main/DEBUG]: Skipping Lnet/minecraft/client/gui/components/MultiLineLabel$2;
[21:37:48] [main/DEBUG]: Skipping Lnet/minecraft/client/gui/components/MultiLineLabel$1;
[21:37:48] [main/DEBUG]: Skipping Lnet/minecraft/client/gui/components/MultiLineEditBox;
[21:37:48] [main/DEBUG]: Skipping Lnet/minecraft/client/gui/components/LockIconButton;
[21:37:48] [main/DEBUG]: Skipping Lnet/minecraft/client/gui/components/LockIconButton$Icon;
[21:37:48] [main/DEBUG]: Skipping Lnet/minecraft/client/gui/components/LerpingBossEvent;
[21:37:48] [main/DEBUG]: Skipping Lnet/minecraft/client/gui/components/ImageButton;
[21:37:48] [main/DEBUG]: Skipping Lnet/minecraft/client/gui/components/EditBox;
[21:37:48] [main/DEBUG]: Skipping Lnet/minecraft/client/gui/components/CycleButton;
[21:37:48] [main/DEBUG]: Skipping Lnet/minecraft/client/gui/components/CycleButton$ValueListSupplier;
[21:37:48] [main/DEBUG]: Skipping Lnet/minecraft/client/gui/components/CycleButton$ValueListSupplier$2;
[21:37:48] [main/DEBUG]: Skipping Lnet/minecraft/client/gui/components/CycleButton$ValueListSupplier$1;
[21:37:48] [main/DEBUG]: Skipping Lnet/minecraft/client/gui/components/CycleButton$OnValueChange;
[21:37:48] [main/DEBUG]: Skipping Lnet/minecraft/client/gui/components/CycleButton$Builder;
[21:37:48] [main/DEBUG]: Skipping Lnet/minecraft/client/gui/components/ContainerObjectSelectionList;
[21:37:48] [main/DEBUG]: Skipping Lnet/minecraft/client/gui/components/ContainerObjectSelectionList$Entry;
[21:37:48] [main/DEBUG]: Skipping Lnet/minecraft/client/gui/components/ComponentRenderUtils;
[21:37:48] [main/DEBUG]: Skipping Lnet/minecraft/client/gui/components/CommandSuggestions;
[21:37:48] [main/DEBUG]: Skipping Lnet/minecraft/client/gui/components/CommandSuggestions$SuggestionsList;
[21:37:48] [main/DEBUG]: Skipping Lnet/minecraft/client/gui/components/Checkbox;
[21:37:48] [main/DEBUG]: Skipping Lnet/minecraft/client/gui/components/ChatComponent;
[21:37:48] [main/DEBUG]: Skipping Lnet/minecraft/client/gui/components/Button;
[21:37:48] [main/DEBUG]: Skipping Lnet/minecraft/client/gui/components/Button$OnTooltip;
[21:37:48] [main/DEBUG]: Skipping Lnet/minecraft/client/gui/components/Button$OnPress;
[21:37:48] [main/DEBUG]: Skipping Lnet/minecraft/client/gui/components/AbstractSliderButton;
[21:37:48] [main/DEBUG]: Skipping Lnet/minecraft/client/gui/components/AbstractScrollWidget;
[21:37:48] [main/DEBUG]: Skipping Lnet/minecraft/client/gui/components/AbstractOptionSliderButton;
[21:37:48] [main/DEBUG]: Skipping Lnet/minecraft/client/gui/components/AbstractButton;
[21:37:48] [main/DEBUG]: Transforming class Lnet/minecraft/client/gui/components/DebugScreenOverlay;
[21:37:48] [main/DEBUG]: Transforming net/minecraft/client/gui/components/DebugScreenOverlay FIELD f_94032_ to access PROTECTED and LEAVE
[21:37:48] [main/DEBUG]: Transforming net/minecraft/client/gui/components/DebugScreenOverlay FIELD f_94033_ to access PROTECTED and LEAVE
[21:37:48] [main/DEBUG]: Skipping Lnet/minecraft/client/gui/components/DebugScreenOverlay$AllocationRateCalculator;
[21:37:48] [main/DEBUG]: Skipping Lnet/minecraft/client/gui/components/DebugScreenOverlay$1;
[21:37:48] [main/DEBUG]: Skipping Lnet/minecraft/client/gui/components/BossHealthOverlay;
[21:37:48] [main/DEBUG]: Skipping Lnet/minecraft/client/gui/components/BossHealthOverlay$1;
[21:37:48] [main/DEBUG]: Skipping Lnet/minecraft/client/gui/components/AbstractWidget;
[21:37:48] [main/DEBUG]: Skipping Lnet/minecraft/client/gui/components/AbstractSelectionList;
[21:37:48] [main/DEBUG]: Skipping Lnet/minecraft/client/gui/components/AbstractSelectionList$TrackedList;
[21:37:48] [main/DEBUG]: Skipping Lnet/minecraft/client/gui/components/AbstractSelectionList$SelectionDirection;
[21:37:48] [main/DEBUG]: Transforming class Lnet/minecraft/client/gui/components/AbstractSelectionList$Entry;
[21:37:48] [main/DEBUG]: Transforming net/minecraft/client/gui/components/AbstractSelectionList$Entry FIELD f_93521_ to access PROTECTED and LEAVE
[21:37:48] [main/DEBUG]: Skipping Lnet/minecraft/client/gui/chat/package-info;
[21:37:48] [main/DEBUG]: Skipping Lnet/minecraft/client/gui/chat/ClientChatPreview;
[21:37:48] [main/DEBUG]: Skipping Lnet/minecraft/client/gui/chat/ClientChatPreview$Preview;
[21:37:48] [main/DEBUG]: Skipping Lnet/minecraft/client/gui/chat/ChatPreviewRequests;
[21:37:48] [main/DEBUG]: Skipping Lnet/minecraft/client/gui/chat/ChatPreviewRequests$QueryIdGenerator;
[21:37:48] [main/DEBUG]: Skipping Lnet/minecraft/client/gui/chat/ChatPreviewRequests$PendingPreview;
[21:37:48] [main/DEBUG]: Skipping Lnet/minecraft/client/gui/chat/ChatPreviewAnimator;
[21:37:48] [main/DEBUG]: Skipping Lnet/minecraft/client/gui/chat/ChatPreviewAnimator$State;
[21:37:48] [main/DEBUG]: Skipping Lnet/minecraft/client/gui/GuiComponent;
[21:37:48] [main/DEBUG]: Skipping Lnet/minecraft/client/gui/Font;
[21:37:48] [main/DEBUG]: Skipping Lnet/minecraft/client/gui/Font$StringRenderOutput;
[21:37:48] [main/DEBUG]: Skipping Lnet/minecraft/client/gui/Font$DisplayMode;
[21:37:48] [main/DEBUG]: Skipping Lnet/minecraft/client/gui/MapRenderer;
[21:37:48] [main/DEBUG]: Skipping Lnet/minecraft/client/gui/MapRenderer$MapInstance;
[21:37:48] [main/DEBUG]: Transforming class Lnet/minecraft/client/gui/Gui;
[21:37:48] [main/DEBUG]: Transforming net/minecraft/client/gui/Gui FIELD f_92981_ to access PROTECTED and LEAVE
[21:37:48] [main/DEBUG]: Transforming net/minecraft/client/gui/Gui FIELD f_92982_ to access PROTECTED and LEAVE
[21:37:48] [main/DEBUG]: Transforming net/minecraft/client/gui/Gui FIELD f_92983_ to access PROTECTED and LEAVE
[21:37:48] [main/DEBUG]: Transforming net/minecraft/client/gui/Gui FIELD f_168665_ to access PROTECTED and LEAVE
[21:37:48] [main/DEBUG]: Transforming net/minecraft/client/gui/Gui FIELD f_168666_ to access PROTECTED and LEAVE
[21:37:48] [main/DEBUG]: Transforming net/minecraft/client/gui/Gui FIELD f_92984_ to access PROTECTED and LEAVE
[21:37:48] [main/DEBUG]: Transforming net/minecraft/client/gui/Gui FIELD f_193830_ to access PROTECTED and LEAVE
[21:37:48] [main/DEBUG]: Transforming net/minecraft/client/gui/Gui FIELD f_168667_ to access PROTECTED and LEAVE
[21:37:48] [main/DEBUG]: Transforming net/minecraft/client/gui/Gui FIELD f_168668_ to access PROTECTED and LEAVE
[21:37:48] [main/DEBUG]: Transforming net/minecraft/client/gui/Gui FIELD f_168669_ to access PROTECTED and LEAVE
[21:37:48] [main/DEBUG]: Transforming net/minecraft/client/gui/Gui FIELD f_168670_ to access PROTECTED and LEAVE
[21:37:48] [main/DEBUG]: Transforming net/minecraft/client/gui/Gui FIELD f_168671_ to access PROTECTED and LEAVE
[21:37:48] [main/DEBUG]: Transforming net/minecraft/client/gui/Gui FIELD f_168672_ to access PROTECTED and LEAVE
[21:37:48] [main/DEBUG]: Transforming net/minecraft/client/gui/Gui FIELD f_168673_ to access PROTECTED and LEAVE
[21:37:48] [main/DEBUG]: Transforming net/minecraft/client/gui/Gui FIELD f_168674_ to access PROTECTED and LEAVE
[21:37:48] [main/DEBUG]: Transforming net/minecraft/client/gui/Gui FIELD f_193831_ to access PROTECTED and LEAVE
[21:37:48] [main/DEBUG]: Transforming net/minecraft/client/gui/Gui FIELD f_92985_ to access PROTECTED and LEAVE
[21:37:48] [main/DEBUG]: Transforming net/minecraft/client/gui/Gui FIELD f_92986_ to access PROTECTED and LEAVE
[21:37:48] [main/DEBUG]: Transforming net/minecraft/client/gui/Gui FIELD f_92987_ to access PROTECTED and LEAVE
[21:37:48] [main/DEBUG]: Transforming net/minecraft/client/gui/Gui FIELD f_92988_ to access PROTECTED and LEAVE
[21:37:48] [main/DEBUG]: Transforming net/minecraft/client/gui/Gui FIELD f_92989_ to access PROTECTED and LEAVE
[21:37:48] [main/DEBUG]: Transforming net/minecraft/client/gui/Gui FIELD f_92990_ to access PROTECTED and LEAVE
[21:37:48] [main/DEBUG]: Transforming net/minecraft/client/gui/Gui FIELD f_92991_ to access PROTECTED and LEAVE
[21:37:48] [main/DEBUG]: Transforming net/minecraft/client/gui/Gui FIELD f_92992_ to access PROTECTED and LEAVE
[21:37:48] [main/DEBUG]: Transforming net/minecraft/client/gui/Gui FIELD f_238167_ to access PROTECTED and LEAVE
[21:37:48] [main/DEBUG]: Transforming net/minecraft/client/gui/Gui FIELD f_92993_ to access PROTECTED and LEAVE
[21:37:48] [main/DEBUG]: Transforming net/minecraft/client/gui/Gui FIELD f_92994_ to access PROTECTED and LEAVE
[21:37:48] [main/DEBUG]: Transforming net/minecraft/client/gui/Gui FIELD f_92995_ to access PROTECTED and LEAVE
[21:37:48] [main/DEBUG]: Transforming net/minecraft/client/gui/Gui FIELD f_92996_ to access PROTECTED and LEAVE
[21:37:48] [main/DEBUG]: Transforming net/minecraft/client/gui/Gui FIELD f_92997_ to access PROTECTED and LEAVE
[21:37:48] [main/DEBUG]: Transforming net/minecraft/client/gui/Gui FIELD f_92998_ to access PROTECTED and LEAVE
[21:37:48] [main/DEBUG]: Transforming net/minecraft/client/gui/Gui FIELD f_92999_ to access PROTECTED and LEAVE
[21:37:48] [main/DEBUG]: Transforming net/minecraft/client/gui/Gui FIELD f_93000_ to access PROTECTED and LEAVE
[21:37:48] [main/DEBUG]: Transforming net/minecraft/client/gui/Gui FIELD f_93001_ to access PROTECTED and LEAVE
[21:37:48] [main/DEBUG]: Transforming net/minecraft/client/gui/Gui FIELD f_93002_ to access PROTECTED and LEAVE
[21:37:48] [main/DEBUG]: Transforming net/minecraft/client/gui/Gui FIELD f_92970_ to access PROTECTED and LEAVE
[21:37:48] [main/DEBUG]: Transforming net/minecraft/client/gui/Gui FIELD f_92971_ to access PROTECTED and LEAVE
[21:37:48] [main/DEBUG]: Transforming net/minecraft/client/gui/Gui FIELD f_92972_ to access PROTECTED and LEAVE
[21:37:48] [main/DEBUG]: Transforming net/minecraft/client/gui/Gui FIELD f_92973_ to access PROTECTED and LEAVE
[21:37:48] [main/DEBUG]: Transforming net/minecraft/client/gui/Gui FIELD f_92974_ to access PROTECTED and LEAVE
[21:37:48] [main/DEBUG]: Transforming net/minecraft/client/gui/Gui FIELD f_92975_ to access PROTECTED and LEAVE
[21:37:48] [main/DEBUG]: Transforming net/minecraft/client/gui/Gui FIELD f_92976_ to access PROTECTED and LEAVE
[21:37:48] [main/DEBUG]: Transforming net/minecraft/client/gui/Gui FIELD f_92977_ to access PROTECTED and LEAVE
[21:37:48] [main/DEBUG]: Transforming net/minecraft/client/gui/Gui FIELD f_92978_ to access PROTECTED and LEAVE
[21:37:48] [main/DEBUG]: Transforming net/minecraft/client/gui/Gui FIELD f_193828_ to access PROTECTED and LEAVE
[21:37:48] [main/DEBUG]: Transforming net/minecraft/client/gui/Gui FIELD f_193829_ to access PROTECTED and LEAVE
[21:37:48] [main/DEBUG]: Transforming net/minecraft/client/gui/Gui FIELD f_168664_ to access PROTECTED and LEAVE
[21:37:48] [main/DEBUG]: Transforming net/minecraft/client/gui/Gui METHOD m_93039_(Lcom/mojang/blaze3d/vertex/PoseStack;Lnet/minecraft/client/gui/Font;III)V to access PROTECTED and LEAVE
[21:37:48] [main/DEBUG]: Transforming net/minecraft/client/gui/Gui METHOD m_93080_(Lcom/mojang/blaze3d/vertex/PoseStack;)V to access PUBLIC and LEAVE
[21:37:48] [main/DEBUG]: Transforming net/minecraft/client/gui/Gui METHOD m_93028_(Lcom/mojang/blaze3d/vertex/PoseStack;)V to access PUBLIC and LEAVE
[21:37:48] [main/DEBUG]: Transforming net/minecraft/client/gui/Gui METHOD m_93009_(FLcom/mojang/blaze3d/vertex/PoseStack;)V to access PUBLIC and LEAVE
[21:37:48] [main/DEBUG]: Transforming net/minecraft/client/gui/Gui METHOD m_93036_(Lcom/mojang/blaze3d/vertex/PoseStack;Lnet/minecraft/world/scores/Objective;)V to access PUBLIC and LEAVE
[21:37:48] [main/DEBUG]: Transforming net/minecraft/client/gui/Gui METHOD m_168688_(Lcom/mojang/blaze3d/vertex/PoseStack;Lnet/minecraft/world/entity/player/Player;IIIIFIIIZ)V to access PROTECTED and LEAVE
[21:37:48] [main/DEBUG]: Transforming net/minecraft/client/gui/Gui METHOD m_168708_(Lnet/minecraft/resources/ResourceLocation;F)V to access PROTECTED and LEAVE
[21:37:48] [main/DEBUG]: Transforming net/minecraft/client/gui/Gui METHOD m_168675_(F)V to access PROTECTED and LEAVE
[21:37:48] [main/DEBUG]: Transforming net/minecraft/client/gui/Gui METHOD m_93067_(Lnet/minecraft/world/entity/Entity;)V to access PUBLIC and LEAVE
[21:37:48] [main/DEBUG]: Transforming net/minecraft/client/gui/Gui METHOD m_93007_(F)V to access PROTECTED and LEAVE
[21:37:48] [main/DEBUG]: Skipping Lnet/minecraft/client/gui/Gui$HeartType;
[21:37:48] [main/DEBUG]: Skipping Lnet/minecraft/client/color/item/package-info;
[21:37:48] [main/DEBUG]: Skipping Lnet/minecraft/client/color/item/ItemColor;
[21:37:48] [main/DEBUG]: Skipping Lnet/minecraft/client/color/item/ItemColors;
[21:37:48] [main/DEBUG]: Skipping Lnet/minecraft/client/color/block/package-info;
[21:37:48] [main/DEBUG]: Skipping Lnet/minecraft/client/color/block/BlockTintCache;
[21:37:48] [main/DEBUG]: Skipping Lnet/minecraft/client/color/block/BlockTintCache$LatestCacheInfo;
[21:37:48] [main/DEBUG]: Skipping Lnet/minecraft/client/color/block/BlockTintCache$CacheData;
[21:37:48] [main/DEBUG]: Skipping Lnet/minecraft/client/color/block/BlockColor;
[21:37:48] [main/DEBUG]: Skipping Lnet/minecraft/client/color/block/BlockColors;
[21:37:48] [main/DEBUG]: Skipping Lnet/minecraft/client/animation/package-info;
[21:37:48] [main/DEBUG]: Skipping Lnet/minecraft/client/animation/definitions/package-info;
[21:37:48] [main/DEBUG]: Skipping Lnet/minecraft/client/animation/definitions/WardenAnimation;
[21:37:48] [main/DEBUG]: Skipping Lnet/minecraft/client/animation/definitions/FrogAnimation;
[21:37:48] [main/DEBUG]: Skipping Lnet/minecraft/client/animation/KeyframeAnimations;
[21:37:48] [main/DEBUG]: Skipping Lnet/minecraft/client/animation/Keyframe;
[21:37:48] [main/DEBUG]: Skipping Lnet/minecraft/client/animation/AnimationDefinition;
[21:37:48] [main/DEBUG]: Skipping Lnet/minecraft/client/animation/AnimationDefinition$Builder;
[21:37:48] [main/DEBUG]: Skipping Lnet/minecraft/client/animation/AnimationChannel;
[21:37:48] [main/DEBUG]: Skipping Lnet/minecraft/client/animation/AnimationChannel$Targets;
[21:37:48] [main/DEBUG]: Skipping Lnet/minecraft/client/animation/AnimationChannel$Target;
[21:37:48] [main/DEBUG]: Skipping Lnet/minecraft/client/animation/AnimationChannel$Interpolations;
[21:37:48] [main/DEBUG]: Skipping Lnet/minecraft/client/animation/AnimationChannel$Interpolation;
[21:37:48] [main/DEBUG]: Skipping Lnet/minecraft/client/Timer;
[21:37:48] [main/DEBUG]: Skipping Lnet/minecraft/client/StringSplitter;
[21:37:48] [main/DEBUG]: Skipping Lnet/minecraft/client/StringSplitter$WidthProvider;
[21:37:48] [main/DEBUG]: Skipping Lnet/minecraft/client/StringSplitter$WidthLimitedCharSink;
[21:37:48] [main/DEBUG]: Skipping Lnet/minecraft/client/StringSplitter$SpanBuilder;
[21:37:48] [main/DEBUG]: Skipping Lnet/minecraft/client/StringSplitter$Span;
[21:37:48] [main/DEBUG]: Skipping Lnet/minecraft/client/StringSplitter$LinePosConsumer;
[21:37:48] [main/DEBUG]: Skipping Lnet/minecraft/client/StringSplitter$LineComponent;
[21:37:48] [main/DEBUG]: Skipping Lnet/minecraft/client/StringSplitter$LineBreakFinder;
[21:37:48] [main/DEBUG]: Skipping Lnet/minecraft/client/StringSplitter$FlatComponents;
[21:37:48] [main/DEBUG]: Skipping Lnet/minecraft/client/StringSplitter$1;
[21:37:48] [main/DEBUG]: Skipping Lnet/minecraft/client/Session;
[21:37:48] [main/DEBUG]: Skipping Lnet/minecraft/client/ResourceLoadStateTracker;
[21:37:48] [main/DEBUG]: Skipping Lnet/minecraft/client/ResourceLoadStateTracker$ReloadState;
[21:37:48] [main/DEBUG]: Skipping Lnet/minecraft/client/ResourceLoadStateTracker$ReloadReason;
[21:37:48] [main/DEBUG]: Skipping Lnet/minecraft/client/ResourceLoadStateTracker$RecoveryInfo;
[21:37:48] [main/DEBUG]: Skipping Lnet/minecraft/client/Realms32BitWarningStatus;
[21:37:48] [main/DEBUG]: Skipping Lnet/minecraft/client/PrioritizeChunkUpdates;
[21:37:48] [main/DEBUG]: Skipping Lnet/minecraft/client/PeriodicNotificationManager;
[21:37:48] [main/DEBUG]: Skipping Lnet/minecraft/client/PeriodicNotificationManager$NotificationTask;
[21:37:48] [main/DEBUG]: Skipping Lnet/minecraft/client/PeriodicNotificationManager$Notification;
[21:37:48] [main/DEBUG]: Skipping Lnet/minecraft/client/ParticleStatus;
[21:37:48] [main/DEBUG]: Skipping Lnet/minecraft/client/OptionInstance;
[21:37:48] [main/DEBUG]: Skipping Lnet/minecraft/client/OptionInstance$ValueSet;
[21:37:48] [main/DEBUG]: Skipping Lnet/minecraft/client/OptionInstance$UnitDouble;
[21:37:48] [main/DEBUG]: Skipping Lnet/minecraft/client/OptionInstance$UnitDouble$1;
[21:37:48] [main/DEBUG]: Skipping Lnet/minecraft/client/OptionInstance$TooltipSupplierFactory;
[21:37:48] [main/DEBUG]: Skipping Lnet/minecraft/client/OptionInstance$TooltipSupplier;
[21:37:48] [main/DEBUG]: Skipping Lnet/minecraft/client/OptionInstance$SliderableValueSet;
[21:37:48] [main/DEBUG]: Skipping Lnet/minecraft/client/OptionInstance$SliderableOrCyclableValueSet;
[21:37:48] [main/DEBUG]: Skipping Lnet/minecraft/client/OptionInstance$OptionInstanceSliderButton;
[21:37:48] [main/DEBUG]: Skipping Lnet/minecraft/client/OptionInstance$LazyEnum;
[21:37:48] [main/DEBUG]: Skipping Lnet/minecraft/client/OptionInstance$IntRangeBase;
[21:37:48] [main/DEBUG]: Skipping Lnet/minecraft/client/OptionInstance$IntRangeBase$1;
[21:37:48] [main/DEBUG]: Skipping Lnet/minecraft/client/OptionInstance$IntRange;
[21:37:48] [main/DEBUG]: Skipping Lnet/minecraft/client/OptionInstance$Enum;
[21:37:48] [main/DEBUG]: Skipping Lnet/minecraft/client/OptionInstance$CycleableValueSet;
[21:37:48] [main/DEBUG]: Skipping Lnet/minecraft/client/OptionInstance$CycleableValueSet$ValueSetter;
[21:37:48] [main/DEBUG]: Skipping Lnet/minecraft/client/OptionInstance$ClampingLazyMaxIntRange;
[21:37:48] [main/DEBUG]: Skipping Lnet/minecraft/client/OptionInstance$CaptionBasedToString;
[21:37:48] [main/DEBUG]: Skipping Lnet/minecraft/client/OptionInstance$AltEnum;
[21:37:48] [main/DEBUG]: Skipping Lnet/minecraft/client/NarratorStatus;
[21:37:48] [main/DEBUG]: Skipping Lnet/minecraft/client/HotbarManager;
[21:37:48] [main/DEBUG]: Skipping Lnet/minecraft/client/GuiMessageTag;
[21:37:48] [main/DEBUG]: Skipping Lnet/minecraft/client/GuiMessageTag$Icon;
[21:37:48] [main/DEBUG]: Skipping Lnet/minecraft/client/GuiMessage;
[21:37:48] [main/DEBUG]: Skipping Lnet/minecraft/client/GuiMessage$Line;
[21:37:48] [main/DEBUG]: Skipping Lnet/minecraft/client/GraphicsStatus;
[21:37:48] [main/DEBUG]: Skipping Lnet/minecraft/client/GraphicsStatus$1;
[21:37:48] [main/DEBUG]: Skipping Lnet/minecraft/client/GameNarrator;
[21:37:48] [main/DEBUG]: Skipping Lnet/minecraft/client/Game;
[21:37:48] [main/DEBUG]: Skipping Lnet/minecraft/client/Game$Metrics;
[21:37:48] [main/DEBUG]: Skipping Lnet/minecraft/client/DebugQueryHandler;
[21:37:48] [main/DEBUG]: Skipping Lnet/minecraft/client/ComponentCollector;
[21:37:48] [main/DEBUG]: Skipping Lnet/minecraft/client/CloudStatus;
[21:37:48] [main/DEBUG]: Skipping Lnet/minecraft/client/ClientTelemetryManager;
[21:37:48] [main/DEBUG]: Skipping Lnet/minecraft/client/ClientTelemetryManager$PlayerInfo;
[21:37:48] [main/DEBUG]: Skipping Lnet/minecraft/client/ClientTelemetryManager$1;
[21:37:48] [main/DEBUG]: Skipping Lnet/minecraft/client/CameraType;
[21:37:48] [main/DEBUG]: Skipping Lnet/minecraft/client/AttackIndicatorStatus;
[21:37:48] [main/DEBUG]: Skipping Lnet/minecraft/client/AmbientOcclusionStatus;
[21:37:48] [main/DEBUG]: Skipping Lnet/minecraft/client/User;
[21:37:48] [main/DEBUG]: Skipping Lnet/minecraft/client/User$Type;
[21:37:48] [main/DEBUG]: Skipping Lnet/minecraft/client/ToggleKeyMapping;
[21:37:48] [main/DEBUG]: Skipping Lnet/minecraft/client/Screenshot;
[21:37:48] [main/DEBUG]: Skipping Lnet/minecraft/client/RecipeBookCategories;
[21:37:48] [main/DEBUG]: Skipping Lnet/minecraft/client/RecipeBookCategories$1;
[21:37:48] [main/DEBUG]: Transforming class Lnet/minecraft/client/Options;
[21:37:48] [main/DEBUG]: Transforming net/minecraft/client/Options FIELD f_92059_ to access PUBLIC and REMOVEFINAL
[21:37:48] [main/DEBUG]: Skipping Lnet/minecraft/client/Options$FieldAccess;
[21:37:48] [main/DEBUG]: Skipping Lnet/minecraft/client/Options$4;
[21:37:48] [main/DEBUG]: Skipping Lnet/minecraft/client/Options$3;
[21:37:48] [main/DEBUG]: Skipping Lnet/minecraft/client/Options$2;
[21:37:48] [main/DEBUG]: Skipping Lnet/minecraft/client/Options$1;
[21:37:48] [main/DEBUG]: Skipping Lnet/minecraft/client/MouseHandler;
[21:37:48] [main/DEBUG]: Transforming class Lnet/minecraft/client/Minecraft;
[21:37:48] [main/DEBUG]: Transforming net/minecraft/client/Minecraft FIELD f_90987_ to access PUBLIC and LEAVE
[21:37:48] [main/DEBUG]: Transforming net/minecraft/client/Minecraft METHOD m_91271_()V to access PUBLIC and LEAVE
[21:37:48] [main/DEBUG]: Transforming net/minecraft/client/Minecraft METHOD m_91122_(Lnet/minecraft/world/item/ItemStack;Lnet/minecraft/world/level/block/entity/BlockEntity;)Lnet/minecraft/world/item/ItemStack; to access PUBLIC and LEAVE
[21:37:48] [main/DEBUG]: Skipping Lnet/minecraft/client/Minecraft$ChatStatus;
[21:37:48] [main/DEBUG]: Skipping Lnet/minecraft/client/Minecraft$ChatStatus$4;
[21:37:48] [main/DEBUG]: Skipping Lnet/minecraft/client/Minecraft$ChatStatus$3;
[21:37:48] [main/DEBUG]: Skipping Lnet/minecraft/client/Minecraft$ChatStatus$2;
[21:37:48] [main/DEBUG]: Skipping Lnet/minecraft/client/Minecraft$ChatStatus$1;
[21:37:48] [main/DEBUG]: Skipping Lnet/minecraft/client/Minecraft$1;
[21:37:48] [main/DEBUG]: Skipping Lnet/minecraft/client/KeyboardHandler;
[21:37:48] [main/DEBUG]: Skipping Lnet/minecraft/client/KeyboardHandler$1;
[21:37:48] [main/DEBUG]: Transforming class Lnet/minecraft/client/KeyMapping;
[21:37:48] [main/DEBUG]: Transforming net/minecraft/client/KeyMapping FIELD f_90817_ to access DEFAULT and LEAVE
[21:37:48] [main/DEBUG]: Skipping Lnet/minecraft/client/ClientRecipeBook;
[21:37:48] [main/DEBUG]: Skipping Lnet/minecraft/client/ClientBrandRetriever;
[21:37:48] [main/DEBUG]: Skipping Lnet/minecraft/client/Camera;
[21:37:48] [main/DEBUG]: Skipping Lnet/minecraft/client/Camera$NearPlane;
[21:37:48] [main/DEBUG]: Skipping Lnet/minecraft/advancements/package-info;
[21:37:48] [main/DEBUG]: Skipping Lnet/minecraft/advancements/critereon/package-info;
[21:37:48] [main/DEBUG]: Skipping Lnet/minecraft/advancements/critereon/WrappedMinMaxBounds;
[21:37:48] [main/DEBUG]: Skipping Lnet/minecraft/advancements/critereon/UsingItemTrigger;
[21:37:48] [main/DEBUG]: Skipping Lnet/minecraft/advancements/critereon/UsingItemTrigger$TriggerInstance;
[21:37:48] [main/DEBUG]: Skipping Lnet/minecraft/advancements/critereon/UsedTotemTrigger;
[21:37:48] [main/DEBUG]: Skipping Lnet/minecraft/advancements/critereon/UsedTotemTrigger$TriggerInstance;
[21:37:48] [main/DEBUG]: Skipping Lnet/minecraft/advancements/critereon/UsedEnderEyeTrigger;
[21:37:48] [main/DEBUG]: Skipping Lnet/minecraft/advancements/critereon/UsedEnderEyeTrigger$TriggerInstance;
[21:37:48] [main/DEBUG]: Skipping Lnet/minecraft/advancements/critereon/TradeTrigger;
[21:37:48] [main/DEBUG]: Skipping Lnet/minecraft/advancements/critereon/TradeTrigger$TriggerInstance;
[21:37:48] [main/DEBUG]: Skipping Lnet/minecraft/advancements/critereon/TargetBlockTrigger;
[21:37:48] [main/DEBUG]: Skipping Lnet/minecraft/advancements/critereon/TargetBlockTrigger$TriggerInstance;
[21:37:48] [main/DEBUG]: Skipping Lnet/minecraft/advancements/critereon/TameAnimalTrigger;
[21:37:48] [main/DEBUG]: Skipping Lnet/minecraft/advancements/critereon/TameAnimalTrigger$TriggerInstance;
[21:37:48] [main/DEBUG]: Skipping Lnet/minecraft/advancements/critereon/SummonedEntityTrigger;
[21:37:48] [main/DEBUG]: Skipping Lnet/minecraft/advancements/critereon/SummonedEntityTrigger$TriggerInstance;
[21:37:48] [main/DEBUG]: Skipping Lnet/minecraft/advancements/critereon/StatePropertiesPredicate;
[21:37:48] [main/DEBUG]: Skipping Lnet/minecraft/advancements/critereon/StatePropertiesPredicate$RangedPropertyMatcher;
[21:37:48] [main/DEBUG]: Skipping Lnet/minecraft/advancements/critereon/StatePropertiesPredicate$PropertyMatcher;
[21:37:48] [main/DEBUG]: Skipping Lnet/minecraft/advancements/critereon/StatePropertiesPredicate$ExactPropertyMatcher;
[21:37:48] [main/DEBUG]: Skipping Lnet/minecraft/advancements/critereon/StatePropertiesPredicate$Builder;
[21:37:48] [main/DEBUG]: Skipping Lnet/minecraft/advancements/critereon/StartRidingTrigger;
[21:37:48] [main/DEBUG]: Skipping Lnet/minecraft/advancements/critereon/StartRidingTrigger$TriggerInstance;
[21:37:48] [main/DEBUG]: Skipping Lnet/minecraft/advancements/critereon/SlimePredicate;
[21:37:48] [main/DEBUG]: Skipping Lnet/minecraft/advancements/critereon/SlideDownBlockTrigger;
[21:37:48] [main/DEBUG]: Skipping Lnet/minecraft/advancements/critereon/SlideDownBlockTrigger$TriggerInstance;
[21:37:48] [main/DEBUG]: Skipping Lnet/minecraft/advancements/critereon/SimpleCriterionTrigger;
[21:37:48] [main/DEBUG]: Skipping Lnet/minecraft/advancements/critereon/ShotCrossbowTrigger;
[21:37:48] [main/DEBUG]: Skipping Lnet/minecraft/advancements/critereon/ShotCrossbowTrigger$TriggerInstance;
[21:37:48] [main/DEBUG]: Skipping Lnet/minecraft/advancements/critereon/SerializationContext;
[21:37:48] [main/DEBUG]: Skipping Lnet/minecraft/advancements/critereon/RecipeUnlockedTrigger;
[21:37:48] [main/DEBUG]: Skipping Lnet/minecraft/advancements/critereon/RecipeUnlockedTrigger$TriggerInstance;
[21:37:48] [main/DEBUG]: Skipping Lnet/minecraft/advancements/critereon/PlayerTrigger;
[21:37:48] [main/DEBUG]: Skipping Lnet/minecraft/advancements/critereon/PlayerTrigger$TriggerInstance;
[21:37:48] [main/DEBUG]: Skipping Lnet/minecraft/advancements/critereon/PlayerPredicate;
[21:37:48] [main/DEBUG]: Skipping Lnet/minecraft/advancements/critereon/PlayerPredicate$Builder;
[21:37:48] [main/DEBUG]: Skipping Lnet/minecraft/advancements/critereon/PlayerPredicate$AdvancementPredicate;
[21:37:48] [main/DEBUG]: Skipping Lnet/minecraft/advancements/critereon/PlayerPredicate$AdvancementDonePredicate;
[21:37:48] [main/DEBUG]: Skipping Lnet/minecraft/advancements/critereon/PlayerPredicate$AdvancementCriterionsPredicate;
[21:37:48] [main/DEBUG]: Skipping Lnet/minecraft/advancements/critereon/PlayerInteractTrigger;
[21:37:48] [main/DEBUG]: Skipping Lnet/minecraft/advancements/critereon/PlayerInteractTrigger$TriggerInstance;
[21:37:48] [main/DEBUG]: Skipping Lnet/minecraft/advancements/critereon/PlayerHurtEntityTrigger;
[21:37:48] [main/DEBUG]: Skipping Lnet/minecraft/advancements/critereon/PlayerHurtEntityTrigger$TriggerInstance;
[21:37:48] [main/DEBUG]: Skipping Lnet/minecraft/advancements/critereon/PlacedBlockTrigger;
[21:37:48] [main/DEBUG]: Skipping Lnet/minecraft/advancements/critereon/PlacedBlockTrigger$TriggerInstance;
[21:37:48] [main/DEBUG]: Skipping Lnet/minecraft/advancements/critereon/PickedUpItemTrigger;
[21:37:48] [main/DEBUG]: Skipping Lnet/minecraft/advancements/critereon/PickedUpItemTrigger$TriggerInstance;
[21:37:48] [main/DEBUG]: Skipping Lnet/minecraft/advancements/critereon/NbtPredicate;
[21:37:48] [main/DEBUG]: Skipping Lnet/minecraft/advancements/critereon/MobEffectsPredicate;
[21:37:48] [main/DEBUG]: Skipping Lnet/minecraft/advancements/critereon/MobEffectsPredicate$MobEffectInstancePredicate;
[21:37:48] [main/DEBUG]: Skipping Lnet/minecraft/advancements/critereon/MinMaxBounds;
[21:37:48] [main/DEBUG]: Skipping Lnet/minecraft/advancements/critereon/MinMaxBounds$Ints;
[21:37:48] [main/DEBUG]: Skipping Lnet/minecraft/advancements/critereon/MinMaxBounds$Doubles;
[21:37:48] [main/DEBUG]: Skipping Lnet/minecraft/advancements/critereon/MinMaxBounds$BoundsFromReaderFactory;
[21:37:48] [main/DEBUG]: Skipping Lnet/minecraft/advancements/critereon/MinMaxBounds$BoundsFactory;
[21:37:48] [main/DEBUG]: Skipping Lnet/minecraft/advancements/critereon/LootTableTrigger;
[21:37:48] [main/DEBUG]: Skipping Lnet/minecraft/advancements/critereon/LootTableTrigger$TriggerInstance;
[21:37:48] [main/DEBUG]: Skipping Lnet/minecraft/advancements/critereon/LocationPredicate;
[21:37:48] [main/DEBUG]: Skipping Lnet/minecraft/advancements/critereon/LocationPredicate$Builder;
[21:37:48] [main/DEBUG]: Skipping Lnet/minecraft/advancements/critereon/LightningStrikeTrigger;
[21:37:48] [main/DEBUG]: Skipping Lnet/minecraft/advancements/critereon/LightningStrikeTrigger$TriggerInstance;
[21:37:48] [main/DEBUG]: Skipping Lnet/minecraft/advancements/critereon/LighthingBoltPredicate;
[21:37:48] [main/DEBUG]: Skipping Lnet/minecraft/advancements/critereon/LightPredicate;
[21:37:48] [main/DEBUG]: Skipping Lnet/minecraft/advancements/critereon/LightPredicate$Builder;
[21:37:48] [main/DEBUG]: Skipping Lnet/minecraft/advancements/critereon/LevitationTrigger;
[21:37:48] [main/DEBUG]: Skipping Lnet/minecraft/advancements/critereon/LevitationTrigger$TriggerInstance;
[21:37:48] [main/DEBUG]: Skipping Lnet/minecraft/advancements/critereon/KilledTrigger;
[21:37:48] [main/DEBUG]: Skipping Lnet/minecraft/advancements/critereon/KilledTrigger$TriggerInstance;
[21:37:48] [main/DEBUG]: Skipping Lnet/minecraft/advancements/critereon/KilledByCrossbowTrigger;
[21:37:48] [main/DEBUG]: Skipping Lnet/minecraft/advancements/critereon/KilledByCrossbowTrigger$TriggerInstance;
[21:37:48] [main/DEBUG]: Skipping Lnet/minecraft/advancements/critereon/ItemInteractWithBlockTrigger;
[21:37:48] [main/DEBUG]: Skipping Lnet/minecraft/advancements/critereon/ItemInteractWithBlockTrigger$TriggerInstance;
[21:37:48] [main/DEBUG]: Skipping Lnet/minecraft/advancements/critereon/ItemDurabilityTrigger;
[21:37:48] [main/DEBUG]: Skipping Lnet/minecraft/advancements/critereon/ItemDurabilityTrigger$TriggerInstance;
[21:37:48] [main/DEBUG]: Skipping Lnet/minecraft/advancements/critereon/InventoryChangeTrigger;
[21:37:48] [main/DEBUG]: Skipping Lnet/minecraft/advancements/critereon/InventoryChangeTrigger$TriggerInstance;
[21:37:48] [main/DEBUG]: Skipping Lnet/minecraft/advancements/critereon/ImpossibleTrigger;
[21:37:48] [main/DEBUG]: Skipping Lnet/minecraft/advancements/critereon/ImpossibleTrigger$TriggerInstance;
[21:37:48] [main/DEBUG]: Skipping Lnet/minecraft/advancements/critereon/FluidPredicate;
[21:37:48] [main/DEBUG]: Skipping Lnet/minecraft/advancements/critereon/FluidPredicate$Builder;
[21:37:48] [main/DEBUG]: Skipping Lnet/minecraft/advancements/critereon/FishingRodHookedTrigger;
[21:37:48] [main/DEBUG]: Skipping Lnet/minecraft/advancements/critereon/FishingRodHookedTrigger$TriggerInstance;
[21:37:48] [main/DEBUG]: Skipping Lnet/minecraft/advancements/critereon/FishingHookPredicate;
[21:37:48] [main/DEBUG]: Skipping Lnet/minecraft/advancements/critereon/FilledBucketTrigger;
[21:37:48] [main/DEBUG]: Skipping Lnet/minecraft/advancements/critereon/FilledBucketTrigger$TriggerInstance;
[21:37:48] [main/DEBUG]: Skipping Lnet/minecraft/advancements/critereon/EntityVariantPredicate;
[21:37:48] [main/DEBUG]: Skipping Lnet/minecraft/advancements/critereon/EntityVariantPredicate$1;
[21:37:48] [main/DEBUG]: Skipping Lnet/minecraft/advancements/critereon/EntityTypePredicate;
[21:37:48] [main/DEBUG]: Skipping Lnet/minecraft/advancements/critereon/EntityTypePredicate$TypePredicate;
[21:37:48] [main/DEBUG]: Skipping Lnet/minecraft/advancements/critereon/EntityTypePredicate$TagPredicate;
[21:37:48] [main/DEBUG]: Skipping Lnet/minecraft/advancements/critereon/EntityTypePredicate$1;
[21:37:48] [main/DEBUG]: Skipping Lnet/minecraft/advancements/critereon/EntitySubPredicate;
[21:37:48] [main/DEBUG]: Skipping Lnet/minecraft/advancements/critereon/EntitySubPredicate$Types;
[21:37:48] [main/DEBUG]: Skipping Lnet/minecraft/advancements/critereon/EntitySubPredicate$Type;
[21:37:48] [main/DEBUG]: Skipping Lnet/minecraft/advancements/critereon/EntitySubPredicate$1;
[21:37:48] [main/DEBUG]: Skipping Lnet/minecraft/advancements/critereon/EntityPredicate;
[21:37:48] [main/DEBUG]: Skipping Lnet/minecraft/advancements/critereon/EntityPredicate$Composite;
[21:37:48] [main/DEBUG]: Skipping Lnet/minecraft/advancements/critereon/EntityPredicate$Builder;
[21:37:48] [main/DEBUG]: Skipping Lnet/minecraft/advancements/critereon/EntityHurtPlayerTrigger;
[21:37:48] [main/DEBUG]: Skipping Lnet/minecraft/advancements/critereon/EntityHurtPlayerTrigger$TriggerInstance;
[21:37:48] [main/DEBUG]: Skipping Lnet/minecraft/advancements/critereon/EntityFlagsPredicate;
[21:37:48] [main/DEBUG]: Skipping Lnet/minecraft/advancements/critereon/EntityFlagsPredicate$Builder;
[21:37:48] [main/DEBUG]: Skipping Lnet/minecraft/advancements/critereon/EntityEquipmentPredicate;
[21:37:48] [main/DEBUG]: Skipping Lnet/minecraft/advancements/critereon/EntityEquipmentPredicate$Builder;
[21:37:48] [main/DEBUG]: Skipping Lnet/minecraft/advancements/critereon/EnterBlockTrigger;
[21:37:48] [main/DEBUG]: Skipping Lnet/minecraft/advancements/critereon/EnterBlockTrigger$TriggerInstance;
[21:37:48] [main/DEBUG]: Skipping Lnet/minecraft/advancements/critereon/EnchantmentPredicate;
[21:37:48] [main/DEBUG]: Skipping Lnet/minecraft/advancements/critereon/EnchantedItemTrigger;
[21:37:48] [main/DEBUG]: Skipping Lnet/minecraft/advancements/critereon/EnchantedItemTrigger$TriggerInstance;
[21:37:48] [main/DEBUG]: Skipping Lnet/minecraft/advancements/critereon/EffectsChangedTrigger;
[21:37:48] [main/DEBUG]: Skipping Lnet/minecraft/advancements/critereon/EffectsChangedTrigger$TriggerInstance;
[21:37:48] [main/DEBUG]: Skipping Lnet/minecraft/advancements/critereon/DistanceTrigger;
[21:37:48] [main/DEBUG]: Skipping Lnet/minecraft/advancements/critereon/DistanceTrigger$TriggerInstance;
[21:37:48] [main/DEBUG]: Skipping Lnet/minecraft/advancements/critereon/DistancePredicate;
[21:37:48] [main/DEBUG]: Skipping Lnet/minecraft/advancements/critereon/DeserializationContext;
[21:37:48] [main/DEBUG]: Skipping Lnet/minecraft/advancements/critereon/DamageSourcePredicate;
[21:37:48] [main/DEBUG]: Skipping Lnet/minecraft/advancements/critereon/DamageSourcePredicate$Builder;
[21:37:48] [main/DEBUG]: Skipping Lnet/minecraft/advancements/critereon/DamagePredicate;
[21:37:48] [main/DEBUG]: Skipping Lnet/minecraft/advancements/critereon/DamagePredicate$Builder;
[21:37:48] [main/DEBUG]: Skipping Lnet/minecraft/advancements/critereon/CuredZombieVillagerTrigger;
[21:37:48] [main/DEBUG]: Skipping Lnet/minecraft/advancements/critereon/CuredZombieVillagerTrigger$TriggerInstance;
[21:37:48] [main/DEBUG]: Skipping Lnet/minecraft/advancements/critereon/ConsumeItemTrigger;
[21:37:48] [main/DEBUG]: Skipping Lnet/minecraft/advancements/critereon/ConsumeItemTrigger$TriggerInstance;
[21:37:48] [main/DEBUG]: Skipping Lnet/minecraft/advancements/critereon/ConstructBeaconTrigger;
[21:37:48] [main/DEBUG]: Skipping Lnet/minecraft/advancements/critereon/ConstructBeaconTrigger$TriggerInstance;
[21:37:48] [main/DEBUG]: Skipping Lnet/minecraft/advancements/critereon/ChanneledLightningTrigger;
[21:37:48] [main/DEBUG]: Skipping Lnet/minecraft/advancements/critereon/ChanneledLightningTrigger$TriggerInstance;
[21:37:48] [main/DEBUG]: Skipping Lnet/minecraft/advancements/critereon/ChangeDimensionTrigger;
[21:37:48] [main/DEBUG]: Skipping Lnet/minecraft/advancements/critereon/ChangeDimensionTrigger$TriggerInstance;
[21:37:48] [main/DEBUG]: Skipping Lnet/minecraft/advancements/critereon/BrewedPotionTrigger;
[21:37:48] [main/DEBUG]: Skipping Lnet/minecraft/advancements/critereon/BrewedPotionTrigger$TriggerInstance;
[21:37:48] [main/DEBUG]: Skipping Lnet/minecraft/advancements/critereon/BredAnimalsTrigger;
[21:37:48] [main/DEBUG]: Skipping Lnet/minecraft/advancements/critereon/BredAnimalsTrigger$TriggerInstance;
[21:37:48] [main/DEBUG]: Skipping Lnet/minecraft/advancements/critereon/BlockPredicate;
[21:37:48] [main/DEBUG]: Skipping Lnet/minecraft/advancements/critereon/BlockPredicate$Builder;
[21:37:48] [main/DEBUG]: Skipping Lnet/minecraft/advancements/critereon/BeeNestDestroyedTrigger;
[21:37:48] [main/DEBUG]: Skipping Lnet/minecraft/advancements/critereon/BeeNestDestroyedTrigger$TriggerInstance;
[21:37:48] [main/DEBUG]: Skipping Lnet/minecraft/advancements/critereon/AbstractCriterionTriggerInstance;
[21:37:48] [main/DEBUG]: Skipping Lnet/minecraft/advancements/critereon/ItemPredicate;
[21:37:48] [main/DEBUG]: Skipping Lnet/minecraft/advancements/critereon/ItemPredicate$Builder;
[21:37:48] [main/DEBUG]: Skipping Lnet/minecraft/advancements/TreeNodePosition;
[21:37:48] [main/DEBUG]: Skipping Lnet/minecraft/advancements/RequirementsStrategy;
[21:37:48] [main/DEBUG]: Skipping Lnet/minecraft/advancements/FrameType;
[21:37:48] [main/DEBUG]: Skipping Lnet/minecraft/advancements/DisplayInfo;
[21:37:48] [main/DEBUG]: Skipping Lnet/minecraft/advancements/CriterionTriggerInstance;
[21:37:48] [main/DEBUG]: Skipping Lnet/minecraft/advancements/CriterionTrigger;
[21:37:48] [main/DEBUG]: Skipping Lnet/minecraft/advancements/CriterionTrigger$Listener;
[21:37:48] [main/DEBUG]: Skipping Lnet/minecraft/advancements/CriterionProgress;
[21:37:48] [main/DEBUG]: Skipping Lnet/minecraft/advancements/Criterion;
[21:37:48] [main/DEBUG]: Transforming class Lnet/minecraft/advancements/CriteriaTriggers;
[21:37:48] [main/DEBUG]: Transforming net/minecraft/advancements/CriteriaTriggers METHOD m_10595_(Lnet/minecraft/advancements/CriterionTrigger;)Lnet/minecraft/advancements/CriterionTrigger; to access PUBLIC and LEAVE
[21:37:48] [main/DEBUG]: Skipping Lnet/minecraft/advancements/AdvancementProgress;
[21:37:48] [main/DEBUG]: Skipping Lnet/minecraft/advancements/AdvancementProgress$Serializer;
[21:37:48] [main/DEBUG]: Skipping Lnet/minecraft/advancements/AdvancementRewards;
[21:37:48] [main/DEBUG]: Skipping Lnet/minecraft/advancements/AdvancementRewards$Builder;
[21:37:48] [main/DEBUG]: Skipping Lnet/minecraft/advancements/AdvancementList;
[21:37:48] [main/DEBUG]: Skipping Lnet/minecraft/advancements/AdvancementList$Listener;
[21:37:48] [main/DEBUG]: Skipping Lnet/minecraft/advancements/Advancement;
[21:37:48] [main/DEBUG]: Skipping Lnet/minecraft/advancements/Advancement$Builder;
[21:37:48] [main/DEBUG]: Skipping Lnet/minecraft/WorldVersion;
[21:37:48] [main/DEBUG]: Skipping Lnet/minecraft/SystemReport;
[21:37:48] [main/DEBUG]: Skipping Lnet/minecraft/ResourceLocationException;
[21:37:48] [main/DEBUG]: Skipping Lnet/minecraft/ReportedException;
[21:37:48] [main/DEBUG]: Skipping Lnet/minecraft/MethodsReturnNonnullByDefault;
[21:37:48] [main/DEBUG]: Skipping Lnet/minecraft/FileUtil;
[21:37:48] [main/DEBUG]: Skipping Lnet/minecraft/FieldsAreNonnullByDefault;
[21:37:48] [main/DEBUG]: Skipping Lnet/minecraft/DetectedVersion;
[21:37:48] [main/DEBUG]: Skipping Lnet/minecraft/DefaultUncaughtExceptionHandlerWithName;
[21:37:48] [main/DEBUG]: Skipping Lnet/minecraft/DefaultUncaughtExceptionHandler;
[21:37:48] [main/DEBUG]: Skipping Lnet/minecraft/CrashReportDetail;
[21:37:48] [main/DEBUG]: Skipping Lnet/minecraft/ChatFormatting;
[21:37:48] [main/DEBUG]: Skipping Lnet/minecraft/CharPredicate;
[21:37:48] [main/DEBUG]: Skipping Lnet/minecraft/BlockUtil;
[21:37:48] [main/DEBUG]: Skipping Lnet/minecraft/BlockUtil$IntBounds;
[21:37:48] [main/DEBUG]: Skipping Lnet/minecraft/BlockUtil$FoundRectangle;
[21:37:48] [main/DEBUG]: Skipping Lnet/minecraft/Util$4;
[21:37:48] [main/DEBUG]: Skipping Lnet/minecraft/Util$3;
[21:37:48] [main/DEBUG]: Skipping Lnet/minecraft/Util;
[21:37:48] [main/DEBUG]: Skipping Lnet/minecraft/Util$OS;
[21:37:48] [main/DEBUG]: Skipping Lnet/minecraft/Util$OS$2;
[21:37:48] [main/DEBUG]: Skipping Lnet/minecraft/Util$OS$1;
[21:37:48] [main/DEBUG]: Skipping Lnet/minecraft/Util$IdentityStrategy;
[21:37:48] [main/DEBUG]: Skipping Lnet/minecraft/Util$9;
[21:37:48] [main/DEBUG]: Skipping Lnet/minecraft/Util$8;
[21:37:48] [main/DEBUG]: Skipping Lnet/minecraft/Util$7;
[21:37:48] [main/DEBUG]: Skipping Lnet/minecraft/Util$6;
[21:37:48] [main/DEBUG]: Skipping Lnet/minecraft/Util$5;
[21:37:48] [main/DEBUG]: Skipping Lnet/minecraft/Util$2;
[21:37:48] [main/DEBUG]: Skipping Lnet/minecraft/Util$11;
[21:37:48] [main/DEBUG]: Skipping Lnet/minecraft/Util$10;
[21:37:48] [main/DEBUG]: Skipping Lnet/minecraft/Util$1;
[21:37:48] [main/DEBUG]: Skipping Lnet/minecraft/SharedConstants;
[21:37:48] [main/DEBUG]: Skipping Lnet/minecraft/SharedConstants$1;
[21:37:48] [main/DEBUG]: Skipping Lnet/minecraft/CrashReportCategory;
[21:37:48] [main/DEBUG]: Skipping Lnet/minecraft/CrashReportCategory$Entry;
[21:37:48] [main/DEBUG]: Skipping Lnet/minecraft/CrashReport;
[21:37:48] [main/DEBUG]: Skipping Lcom/mojang/realmsclient/util/task/package-info;
[21:37:48] [main/DEBUG]: Skipping Lcom/mojang/realmsclient/util/task/WorldCreationTask;
[21:37:48] [main/DEBUG]: Skipping Lcom/mojang/realmsclient/util/task/SwitchSlotTask;
[21:37:48] [main/DEBUG]: Skipping Lcom/mojang/realmsclient/util/task/SwitchMinigameTask;
[21:37:48] [main/DEBUG]: Skipping Lcom/mojang/realmsclient/util/task/RestoreTask;
[21:37:48] [main/DEBUG]: Skipping Lcom/mojang/realmsclient/util/task/ResettingWorldTask;
[21:37:48] [main/DEBUG]: Skipping Lcom/mojang/realmsclient/util/task/ResettingTemplateWorldTask;
[21:37:48] [main/DEBUG]: Skipping Lcom/mojang/realmsclient/util/task/ResettingGeneratedWorldTask;
[21:37:48] [main/DEBUG]: Skipping Lcom/mojang/realmsclient/util/task/OpenServerTask;
[21:37:48] [main/DEBUG]: Skipping Lcom/mojang/realmsclient/util/task/LongRunningTask;
[21:37:48] [main/DEBUG]: Skipping Lcom/mojang/realmsclient/util/task/GetServerDetailsTask;
[21:37:48] [main/DEBUG]: Skipping Lcom/mojang/realmsclient/util/task/DownloadTask;
[21:37:48] [main/DEBUG]: Skipping Lcom/mojang/realmsclient/util/task/ConnectTask;
[21:37:48] [main/DEBUG]: Skipping Lcom/mojang/realmsclient/util/task/CloseServerTask;
[21:37:48] [main/DEBUG]: Skipping Lcom/mojang/realmsclient/util/package-info;
[21:37:48] [main/DEBUG]: Skipping Lcom/mojang/realmsclient/util/WorldGenerationInfo;
[21:37:48] [main/DEBUG]: Skipping Lcom/mojang/realmsclient/util/UploadTokenCache;
[21:37:48] [main/DEBUG]: Skipping Lcom/mojang/realmsclient/util/TextRenderingUtils;
[21:37:48] [main/DEBUG]: Skipping Lcom/mojang/realmsclient/util/TextRenderingUtils$LineSegment;
[21:37:48] [main/DEBUG]: Skipping Lcom/mojang/realmsclient/util/TextRenderingUtils$Line;
[21:37:48] [main/DEBUG]: Skipping Lcom/mojang/realmsclient/util/SkinProcessor;
[21:37:48] [main/DEBUG]: Skipping Lcom/mojang/realmsclient/util/RealmsUtil;
[21:37:48] [main/DEBUG]: Skipping Lcom/mojang/realmsclient/util/RealmsUtil$1;
[21:37:48] [main/DEBUG]: Skipping Lcom/mojang/realmsclient/util/RealmsTextureManager;
[21:37:48] [main/DEBUG]: Skipping Lcom/mojang/realmsclient/util/RealmsTextureManager$TextureData;
[21:37:48] [main/DEBUG]: Skipping Lcom/mojang/realmsclient/util/RealmsTextureManager$RealmsTexture;
[21:37:48] [main/DEBUG]: Skipping Lcom/mojang/realmsclient/util/RealmsTextureManager$1;
[21:37:48] [main/DEBUG]: Skipping Lcom/mojang/realmsclient/util/RealmsPersistence;
[21:37:48] [main/DEBUG]: Skipping Lcom/mojang/realmsclient/util/RealmsPersistence$RealmsPersistenceData;
[21:37:48] [main/DEBUG]: Skipping Lcom/mojang/realmsclient/util/LevelType;
[21:37:48] [main/DEBUG]: Skipping Lcom/mojang/realmsclient/util/JsonUtils;
[21:37:48] [main/DEBUG]: Skipping Lcom/mojang/realmsclient/package-info;
[21:37:48] [main/DEBUG]: Skipping Lcom/mojang/realmsclient/gui/task/package-info;
[21:37:48] [main/DEBUG]: Skipping Lcom/mojang/realmsclient/gui/task/RepeatedDelayStrategy;
[21:37:48] [main/DEBUG]: Skipping Lcom/mojang/realmsclient/gui/task/RepeatedDelayStrategy$2;
[21:37:48] [main/DEBUG]: Skipping Lcom/mojang/realmsclient/gui/task/RepeatedDelayStrategy$1;
[21:37:48] [main/DEBUG]: Skipping Lcom/mojang/realmsclient/gui/task/DataFetcher;
[21:37:48] [main/DEBUG]: Skipping Lcom/mojang/realmsclient/gui/task/DataFetcher$Task;
[21:37:48] [main/DEBUG]: Skipping Lcom/mojang/realmsclient/gui/task/DataFetcher$SuccessfulComputationResult;
[21:37:48] [main/DEBUG]: Skipping Lcom/mojang/realmsclient/gui/task/DataFetcher$Subscription;
[21:37:48] [main/DEBUG]: Skipping Lcom/mojang/realmsclient/gui/task/DataFetcher$SubscribedTask;
[21:37:48] [main/DEBUG]: Skipping Lcom/mojang/realmsclient/gui/task/DataFetcher$ComputationResult;
[21:37:48] [main/DEBUG]: Skipping Lcom/mojang/realmsclient/gui/screens/package-info;
[21:37:48] [main/DEBUG]: Skipping Lcom/mojang/realmsclient/gui/screens/UploadResult;
[21:37:48] [main/DEBUG]: Skipping Lcom/mojang/realmsclient/gui/screens/UploadResult$Builder;
[21:37:48] [main/DEBUG]: Skipping Lcom/mojang/realmsclient/gui/screens/RealmsUploadScreen;
[21:37:48] [main/DEBUG]: Skipping Lcom/mojang/realmsclient/gui/screens/RealmsTermsScreen;
[21:37:48] [main/DEBUG]: Skipping Lcom/mojang/realmsclient/gui/screens/RealmsSubscriptionInfoScreen;
[21:37:48] [main/DEBUG]: Skipping Lcom/mojang/realmsclient/gui/screens/RealmsSubscriptionInfoScreen$1;
[21:37:48] [main/DEBUG]: Skipping Lcom/mojang/realmsclient/gui/screens/RealmsSlotOptionsScreen;
[21:37:48] [main/DEBUG]: Skipping Lcom/mojang/realmsclient/gui/screens/RealmsSlotOptionsScreen$SettingsSlider;
[21:37:48] [main/DEBUG]: Skipping Lcom/mojang/realmsclient/gui/screens/RealmsSettingsScreen;
[21:37:48] [main/DEBUG]: Skipping Lcom/mojang/realmsclient/gui/screens/RealmsSelectWorldTemplateScreen;
[21:37:48] [main/DEBUG]: Skipping Lcom/mojang/realmsclient/gui/screens/RealmsSelectWorldTemplateScreen$WorldTemplateObjectSelectionList;
[21:37:48] [main/DEBUG]: Skipping Lcom/mojang/realmsclient/gui/screens/RealmsSelectWorldTemplateScreen$Entry;
[21:37:48] [main/DEBUG]: Skipping Lcom/mojang/realmsclient/gui/screens/RealmsSelectWorldTemplateScreen$1;
[21:37:48] [main/DEBUG]: Skipping Lcom/mojang/realmsclient/gui/screens/RealmsSelectFileToUploadScreen;
[21:37:48] [main/DEBUG]: Skipping Lcom/mojang/realmsclient/gui/screens/RealmsSelectFileToUploadScreen$WorldSelectionList;
[21:37:48] [main/DEBUG]: Skipping Lcom/mojang/realmsclient/gui/screens/RealmsSelectFileToUploadScreen$Entry;
[21:37:48] [main/DEBUG]: Skipping Lcom/mojang/realmsclient/gui/screens/RealmsResetWorldScreen;
[21:37:48] [main/DEBUG]: Skipping Lcom/mojang/realmsclient/gui/screens/RealmsResetWorldScreen$FrameButton;
[21:37:48] [main/DEBUG]: Skipping Lcom/mojang/realmsclient/gui/screens/RealmsResetWorldScreen$1;
[21:37:48] [main/DEBUG]: Skipping Lcom/mojang/realmsclient/gui/screens/RealmsResetNormalWorldScreen;
[21:37:48] [main/DEBUG]: Skipping Lcom/mojang/realmsclient/gui/screens/RealmsPlayerScreen;
[21:37:48] [main/DEBUG]: Skipping Lcom/mojang/realmsclient/gui/screens/RealmsPlayerScreen$UserAction;
[21:37:48] [main/DEBUG]: Skipping Lcom/mojang/realmsclient/gui/screens/RealmsPlayerScreen$InvitedObjectSelectionList;
[21:37:48] [main/DEBUG]: Skipping Lcom/mojang/realmsclient/gui/screens/RealmsPlayerScreen$Entry;
[21:37:48] [main/DEBUG]: Skipping Lcom/mojang/realmsclient/gui/screens/RealmsPendingInvitesScreen;
[21:37:48] [main/DEBUG]: Skipping Lcom/mojang/realmsclient/gui/screens/RealmsPendingInvitesScreen$PendingInvitationSelectionList;
[21:37:48] [main/DEBUG]: Skipping Lcom/mojang/realmsclient/gui/screens/RealmsPendingInvitesScreen$Entry;
[21:37:48] [main/DEBUG]: Skipping Lcom/mojang/realmsclient/gui/screens/RealmsPendingInvitesScreen$Entry$RejectRowButton;
[21:37:48] [main/DEBUG]: Skipping Lcom/mojang/realmsclient/gui/screens/RealmsPendingInvitesScreen$Entry$AcceptRowButton;
[21:37:48] [main/DEBUG]: Skipping Lcom/mojang/realmsclient/gui/screens/RealmsPendingInvitesScreen$3;
[21:37:48] [main/DEBUG]: Skipping Lcom/mojang/realmsclient/gui/screens/RealmsPendingInvitesScreen$2;
[21:37:48] [main/DEBUG]: Skipping Lcom/mojang/realmsclient/gui/screens/RealmsPendingInvitesScreen$1;
[21:37:48] [main/DEBUG]: Skipping Lcom/mojang/realmsclient/gui/screens/RealmsParentalConsentScreen;
[21:37:48] [main/DEBUG]: Skipping Lcom/mojang/realmsclient/gui/screens/RealmsNotificationsScreen;
[21:37:48] [main/DEBUG]: Skipping Lcom/mojang/realmsclient/gui/screens/RealmsNotificationsScreen$1;
[21:37:48] [main/DEBUG]: Skipping Lcom/mojang/realmsclient/gui/screens/RealmsLongRunningMcoTaskScreen;
[21:37:48] [main/DEBUG]: Skipping Lcom/mojang/realmsclient/gui/screens/RealmsLongConfirmationScreen;
[21:37:48] [main/DEBUG]: Skipping Lcom/mojang/realmsclient/gui/screens/RealmsLongConfirmationScreen$Type;
[21:37:48] [main/DEBUG]: Skipping Lcom/mojang/realmsclient/gui/screens/RealmsInviteScreen;
[21:37:48] [main/DEBUG]: Skipping Lcom/mojang/realmsclient/gui/screens/RealmsDownloadLatestWorldScreen;
[21:37:48] [main/DEBUG]: Skipping Lcom/mojang/realmsclient/gui/screens/RealmsDownloadLatestWorldScreen$DownloadStatus;
[21:37:48] [main/DEBUG]: Skipping Lcom/mojang/realmsclient/gui/screens/RealmsCreateRealmScreen;
[21:37:48] [main/DEBUG]: Skipping Lcom/mojang/realmsclient/gui/screens/RealmsConfirmScreen;
[21:37:48] [main/DEBUG]: Skipping Lcom/mojang/realmsclient/gui/screens/RealmsConfigureWorldScreen;
[21:37:48] [main/DEBUG]: Skipping Lcom/mojang/realmsclient/gui/screens/RealmsConfigureWorldScreen$1;
[21:37:48] [main/DEBUG]: Skipping Lcom/mojang/realmsclient/gui/screens/RealmsClientOutdatedScreen;
[21:37:48] [main/DEBUG]: Skipping Lcom/mojang/realmsclient/gui/screens/RealmsBrokenWorldScreen;
[21:37:48] [main/DEBUG]: Skipping Lcom/mojang/realmsclient/gui/screens/RealmsBackupScreen;
[21:37:48] [main/DEBUG]: Skipping Lcom/mojang/realmsclient/gui/screens/RealmsBackupScreen$Entry;
[21:37:48] [main/DEBUG]: Skipping Lcom/mojang/realmsclient/gui/screens/RealmsBackupScreen$BackupObjectSelectionList;
[21:37:48] [main/DEBUG]: Skipping Lcom/mojang/realmsclient/gui/screens/RealmsBackupScreen$1;
[21:37:48] [main/DEBUG]: Skipping Lcom/mojang/realmsclient/gui/screens/RealmsBackupInfoScreen;
[21:37:48] [main/DEBUG]: Skipping Lcom/mojang/realmsclient/gui/screens/RealmsBackupInfoScreen$BackupInfoListEntry;
[21:37:48] [main/DEBUG]: Skipping Lcom/mojang/realmsclient/gui/screens/RealmsBackupInfoScreen$BackupInfoList;
[21:37:48] [main/DEBUG]: Skipping Lcom/mojang/realmsclient/gui/screens/RealmsGenericErrorScreen;
[21:37:48] [main/DEBUG]: Skipping Lcom/mojang/realmsclient/gui/package-info;
[21:37:48] [main/DEBUG]: Skipping Lcom/mojang/realmsclient/gui/RowButton;
[21:37:48] [main/DEBUG]: Skipping Lcom/mojang/realmsclient/gui/RealmsWorldSlotButton;
[21:37:48] [main/DEBUG]: Skipping Lcom/mojang/realmsclient/gui/RealmsWorldSlotButton$State;
[21:37:48] [main/DEBUG]: Skipping Lcom/mojang/realmsclient/gui/RealmsWorldSlotButton$Action;
[21:37:48] [main/DEBUG]: Skipping Lcom/mojang/realmsclient/gui/RealmsServerList;
[21:37:48] [main/DEBUG]: Skipping Lcom/mojang/realmsclient/gui/RealmsNewsManager;
[21:37:48] [main/DEBUG]: Skipping Lcom/mojang/realmsclient/gui/RealmsDataFetcher;
[21:37:48] [main/DEBUG]: Skipping Lcom/mojang/realmsclient/gui/ErrorCallback;
[21:37:48] [main/DEBUG]: Skipping Lcom/mojang/realmsclient/exception/package-info;
[21:37:48] [main/DEBUG]: Skipping Lcom/mojang/realmsclient/exception/RetryCallException;
[21:37:48] [main/DEBUG]: Skipping Lcom/mojang/realmsclient/exception/RealmsServiceException;
[21:37:48] [main/DEBUG]: Skipping Lcom/mojang/realmsclient/exception/RealmsHttpException;
[21:37:48] [main/DEBUG]: Skipping Lcom/mojang/realmsclient/exception/RealmsDefaultUncaughtExceptionHandler;
[21:37:48] [main/DEBUG]: Skipping Lcom/mojang/realmsclient/dto/package-info;
[21:37:48] [main/DEBUG]: Skipping Lcom/mojang/realmsclient/dto/WorldTemplatePaginatedList;
[21:37:48] [main/DEBUG]: Skipping Lcom/mojang/realmsclient/dto/WorldTemplate;
[21:37:48] [main/DEBUG]: Skipping Lcom/mojang/realmsclient/dto/WorldTemplate$WorldTemplateType;
[21:37:48] [main/DEBUG]: Skipping Lcom/mojang/realmsclient/dto/WorldDownload;
[21:37:48] [main/DEBUG]: Skipping Lcom/mojang/realmsclient/dto/ValueObject;
[21:37:48] [main/DEBUG]: Skipping Lcom/mojang/realmsclient/dto/UploadInfo;
[21:37:48] [main/DEBUG]: Skipping Lcom/mojang/realmsclient/dto/Subscription;
[21:37:48] [main/DEBUG]: Skipping Lcom/mojang/realmsclient/dto/Subscription$SubscriptionType;
[21:37:48] [main/DEBUG]: Skipping Lcom/mojang/realmsclient/dto/ServerActivityList;
[21:37:48] [main/DEBUG]: Skipping Lcom/mojang/realmsclient/dto/ServerActivity;
[21:37:48] [main/DEBUG]: Skipping Lcom/mojang/realmsclient/dto/RegionPingResult;
[21:37:48] [main/DEBUG]: Skipping Lcom/mojang/realmsclient/dto/ReflectionBasedSerialization;
[21:37:48] [main/DEBUG]: Skipping Lcom/mojang/realmsclient/dto/RealmsWorldResetDto;
[21:37:48] [main/DEBUG]: Skipping Lcom/mojang/realmsclient/dto/RealmsWorldOptions;
[21:37:48] [main/DEBUG]: Skipping Lcom/mojang/realmsclient/dto/RealmsServerPlayerLists;
[21:37:48] [main/DEBUG]: Skipping Lcom/mojang/realmsclient/dto/RealmsServerPlayerList;
[21:37:48] [main/DEBUG]: Skipping Lcom/mojang/realmsclient/dto/RealmsServerPing;
[21:37:48] [main/DEBUG]: Skipping Lcom/mojang/realmsclient/dto/RealmsServerList;
[21:37:48] [main/DEBUG]: Skipping Lcom/mojang/realmsclient/dto/RealmsServerAddress;
[21:37:48] [main/DEBUG]: Skipping Lcom/mojang/realmsclient/dto/RealmsServer;
[21:37:48] [main/DEBUG]: Skipping Lcom/mojang/realmsclient/dto/RealmsServer$WorldType;
[21:37:48] [main/DEBUG]: Skipping Lcom/mojang/realmsclient/dto/RealmsServer$State;
[21:37:48] [main/DEBUG]: Skipping Lcom/mojang/realmsclient/dto/RealmsServer$McoServerComparator;
[21:37:48] [main/DEBUG]: Skipping Lcom/mojang/realmsclient/dto/RealmsNews;
[21:37:48] [main/DEBUG]: Skipping Lcom/mojang/realmsclient/dto/RealmsDescriptionDto;
[21:37:48] [main/DEBUG]: Skipping Lcom/mojang/realmsclient/dto/PlayerInfo;
[21:37:48] [main/DEBUG]: Skipping Lcom/mojang/realmsclient/dto/PingResult;
[21:37:48] [main/DEBUG]: Skipping Lcom/mojang/realmsclient/dto/PendingInvitesList;
[21:37:48] [main/DEBUG]: Skipping Lcom/mojang/realmsclient/dto/PendingInvite;
[21:37:48] [main/DEBUG]: Skipping Lcom/mojang/realmsclient/dto/Ops;
[21:37:48] [main/DEBUG]: Skipping Lcom/mojang/realmsclient/dto/GuardedSerializer;
[21:37:48] [main/DEBUG]: Skipping Lcom/mojang/realmsclient/dto/BackupList;
[21:37:48] [main/DEBUG]: Skipping Lcom/mojang/realmsclient/dto/Backup;
[21:37:48] [main/DEBUG]: Skipping Lcom/mojang/realmsclient/client/package-info;
[21:37:48] [main/DEBUG]: Skipping Lcom/mojang/realmsclient/client/UploadStatus;
[21:37:48] [main/DEBUG]: Skipping Lcom/mojang/realmsclient/client/Request;
[21:37:48] [main/DEBUG]: Skipping Lcom/mojang/realmsclient/client/Request$Put;
[21:37:48] [main/DEBUG]: Skipping Lcom/mojang/realmsclient/client/Request$Post;
[21:37:48] [main/DEBUG]: Skipping Lcom/mojang/realmsclient/client/Request$Get;
[21:37:48] [main/DEBUG]: Skipping Lcom/mojang/realmsclient/client/Request$Delete;
[21:37:48] [main/DEBUG]: Skipping Lcom/mojang/realmsclient/client/RealmsError;
[21:37:48] [main/DEBUG]: Skipping Lcom/mojang/realmsclient/client/RealmsClientConfig;
[21:37:48] [main/DEBUG]: Skipping Lcom/mojang/realmsclient/client/RealmsClient;
[21:37:48] [main/DEBUG]: Skipping Lcom/mojang/realmsclient/client/RealmsClient$Environment;
[21:37:48] [main/DEBUG]: Skipping Lcom/mojang/realmsclient/client/RealmsClient$CompatibleVersionResponse;
[21:37:48] [main/DEBUG]: Skipping Lcom/mojang/realmsclient/client/Ping;
[21:37:48] [main/DEBUG]: Skipping Lcom/mojang/realmsclient/client/Ping$Region;
[21:37:48] [main/DEBUG]: Skipping Lcom/mojang/realmsclient/client/FileUpload;
[21:37:48] [main/DEBUG]: Skipping Lcom/mojang/realmsclient/client/FileUpload$CustomInputStreamEntity;
[21:37:48] [main/DEBUG]: Skipping Lcom/mojang/realmsclient/client/FileDownload;
[21:37:48] [main/DEBUG]: Skipping Lcom/mojang/realmsclient/client/FileDownload$ResourcePackProgressListener;
[21:37:48] [main/DEBUG]: Skipping Lcom/mojang/realmsclient/client/FileDownload$ProgressListener;
[21:37:48] [main/DEBUG]: Skipping Lcom/mojang/realmsclient/client/FileDownload$DownloadCountingOutputStream;
[21:37:48] [main/DEBUG]: Skipping Lcom/mojang/realmsclient/Unit;
[21:37:48] [main/DEBUG]: Skipping Lcom/mojang/realmsclient/RealmsMainScreen;
[21:37:48] [main/DEBUG]: Skipping Lcom/mojang/realmsclient/RealmsMainScreen$TrialEntry;
[21:37:48] [main/DEBUG]: Skipping Lcom/mojang/realmsclient/RealmsMainScreen$ServerEntry;
[21:37:48] [main/DEBUG]: Skipping Lcom/mojang/realmsclient/RealmsMainScreen$RealmSelectionList;
[21:37:48] [main/DEBUG]: Skipping Lcom/mojang/realmsclient/RealmsMainScreen$PendingInvitesButton;
[21:37:48] [main/DEBUG]: Skipping Lcom/mojang/realmsclient/RealmsMainScreen$NewsButton;
[21:37:48] [main/DEBUG]: Skipping Lcom/mojang/realmsclient/RealmsMainScreen$HoveredElement;
[21:37:48] [main/DEBUG]: Skipping Lcom/mojang/realmsclient/RealmsMainScreen$Entry;
[21:37:48] [main/DEBUG]: Skipping Lcom/mojang/realmsclient/RealmsMainScreen$CloseButton;
[21:37:48] [main/DEBUG]: Skipping Lcom/mojang/realmsclient/RealmsMainScreen$5;
[21:37:48] [main/DEBUG]: Skipping Lcom/mojang/realmsclient/RealmsMainScreen$4;
[21:37:48] [main/DEBUG]: Skipping Lcom/mojang/realmsclient/RealmsMainScreen$3;
[21:37:48] [main/DEBUG]: Skipping Lcom/mojang/realmsclient/RealmsMainScreen$2;
[21:37:48] [main/DEBUG]: Skipping Lcom/mojang/realmsclient/RealmsMainScreen$1;
[21:37:48] [main/DEBUG]: Skipping Lcom/mojang/realmsclient/KeyCombo;
[21:37:48] [main/DEBUG]: Skipping Lcom/mojang/math/package-info;
[21:37:48] [main/DEBUG]: Skipping Lcom/mojang/math/Vector3d;
[21:37:48] [main/DEBUG]: Skipping Lcom/mojang/math/SymmetricGroup3;
[21:37:48] [main/DEBUG]: Skipping Lcom/mojang/math/Quaternion;
[21:37:48] [main/DEBUG]: Skipping Lcom/mojang/math/OctahedralGroup;
[21:37:48] [main/DEBUG]: Skipping Lcom/mojang/math/OctahedralGroup$1;
[21:37:48] [main/DEBUG]: Skipping Lcom/mojang/math/MethodsReturnNonnullByDefault;
[21:37:48] [main/DEBUG]: Skipping Lcom/mojang/math/FieldsAreNonnullByDefault;
[21:37:48] [main/DEBUG]: Skipping Lcom/mojang/math/Constants;
[21:37:48] [main/DEBUG]: Skipping Lcom/mojang/math/Vector4f;
[21:37:48] [main/DEBUG]: Skipping Lcom/mojang/math/Vector3f;
[21:37:48] [main/DEBUG]: Skipping Lcom/mojang/math/Transformation;
[21:37:48] [main/DEBUG]: Skipping Lcom/mojang/math/Matrix4f;
[21:37:48] [main/DEBUG]: Skipping Lcom/mojang/math/Matrix3f;
[21:37:48] [main/DEBUG]: Skipping Lcom/mojang/blaze3d/vertex/package-info;
[21:37:48] [main/DEBUG]: Skipping Lcom/mojang/blaze3d/vertex/VertexMultiConsumer;
[21:37:48] [main/DEBUG]: Skipping Lcom/mojang/blaze3d/vertex/VertexMultiConsumer$Multiple;
[21:37:48] [main/DEBUG]: Skipping Lcom/mojang/blaze3d/vertex/VertexMultiConsumer$Double;
[21:37:48] [main/DEBUG]: Skipping Lcom/mojang/blaze3d/vertex/VertexBuffer;
[21:37:48] [main/DEBUG]: Skipping Lcom/mojang/blaze3d/vertex/Tesselator;
[21:37:48] [main/DEBUG]: Skipping Lcom/mojang/blaze3d/vertex/SheetedDecalTextureGenerator;
[21:37:48] [main/DEBUG]: Skipping Lcom/mojang/blaze3d/vertex/DefaultedVertexConsumer;
[21:37:48] [main/DEBUG]: Skipping Lcom/mojang/blaze3d/vertex/DefaultVertexFormat;
[21:37:48] [main/DEBUG]: Skipping Lcom/mojang/blaze3d/vertex/BufferVertexConsumer;
[21:37:48] [main/DEBUG]: Skipping Lcom/mojang/blaze3d/vertex/BufferUploader;
[21:37:48] [main/DEBUG]: Skipping Lcom/mojang/blaze3d/vertex/VertexFormatElement;
[21:37:48] [main/DEBUG]: Skipping Lcom/mojang/blaze3d/vertex/VertexFormatElement$Usage;
[21:37:48] [main/DEBUG]: Skipping Lcom/mojang/blaze3d/vertex/VertexFormatElement$Usage$SetupState;
[21:37:48] [main/DEBUG]: Skipping Lcom/mojang/blaze3d/vertex/VertexFormatElement$Usage$ClearState;
[21:37:48] [main/DEBUG]: Skipping Lcom/mojang/blaze3d/vertex/VertexFormatElement$Type;
[21:37:48] [main/DEBUG]: Skipping Lcom/mojang/blaze3d/vertex/VertexFormat;
[21:37:48] [main/DEBUG]: Skipping Lcom/mojang/blaze3d/vertex/VertexFormat$Mode;
[21:37:48] [main/DEBUG]: Skipping Lcom/mojang/blaze3d/vertex/VertexFormat$IndexType;
[21:37:48] [main/DEBUG]: Skipping Lcom/mojang/blaze3d/vertex/VertexFormat$1;
[21:37:48] [main/DEBUG]: Skipping Lcom/mojang/blaze3d/vertex/VertexConsumer;
[21:37:48] [main/DEBUG]: Skipping Lcom/mojang/blaze3d/vertex/PoseStack;
[21:37:48] [main/DEBUG]: Skipping Lcom/mojang/blaze3d/vertex/PoseStack$Pose;
[21:37:48] [main/DEBUG]: Skipping Lcom/mojang/blaze3d/vertex/BufferBuilder;
[21:37:48] [main/DEBUG]: Skipping Lcom/mojang/blaze3d/vertex/BufferBuilder$SortState;
[21:37:48] [main/DEBUG]: Skipping Lcom/mojang/blaze3d/vertex/BufferBuilder$RenderedBuffer;
[21:37:48] [main/DEBUG]: Skipping Lcom/mojang/blaze3d/vertex/BufferBuilder$DrawState;
[21:37:48] [main/DEBUG]: Skipping Lcom/mojang/blaze3d/vertex/BufferBuilder$1;
[21:37:48] [main/DEBUG]: Skipping Lcom/mojang/blaze3d/systems/package-info;
[21:37:48] [main/DEBUG]: Skipping Lcom/mojang/blaze3d/systems/TimerQuery;
[21:37:48] [main/DEBUG]: Skipping Lcom/mojang/blaze3d/systems/TimerQuery$TimerQueryLazyLoader;
[21:37:48] [main/DEBUG]: Skipping Lcom/mojang/blaze3d/systems/TimerQuery$FrameProfile;
[21:37:48] [main/DEBUG]: Skipping Lcom/mojang/blaze3d/systems/RenderSystem;
[21:37:48] [main/DEBUG]: Skipping Lcom/mojang/blaze3d/systems/RenderSystem$AutoStorageIndexBuffer;
[21:37:48] [main/DEBUG]: Skipping Lcom/mojang/blaze3d/systems/RenderSystem$AutoStorageIndexBuffer$IndexGenerator;
[21:37:48] [main/DEBUG]: Skipping Lcom/mojang/blaze3d/systems/RenderSystem$1;
[21:37:48] [main/DEBUG]: Skipping Lcom/mojang/blaze3d/shaders/package-info;
[21:37:48] [main/DEBUG]: Skipping Lcom/mojang/blaze3d/shaders/Uniform;
[21:37:48] [main/DEBUG]: Skipping Lcom/mojang/blaze3d/shaders/Shader;
[21:37:48] [main/DEBUG]: Skipping Lcom/mojang/blaze3d/shaders/ProgramManager;
[21:37:48] [main/DEBUG]: Skipping Lcom/mojang/blaze3d/shaders/Program;
[21:37:48] [main/DEBUG]: Skipping Lcom/mojang/blaze3d/shaders/Program$Type;
[21:37:48] [main/DEBUG]: Skipping Lcom/mojang/blaze3d/shaders/FogShape;
[21:37:48] [main/DEBUG]: Skipping Lcom/mojang/blaze3d/shaders/EffectProgram;
[21:37:48] [main/DEBUG]: Skipping Lcom/mojang/blaze3d/shaders/EffectProgram$1;
[21:37:48] [main/DEBUG]: Skipping Lcom/mojang/blaze3d/shaders/Effect;
[21:37:48] [main/DEBUG]: Skipping Lcom/mojang/blaze3d/shaders/BlendMode;
[21:37:48] [main/DEBUG]: Skipping Lcom/mojang/blaze3d/shaders/AbstractUniform;
[21:37:48] [main/DEBUG]: Skipping Lcom/mojang/blaze3d/preprocessor/package-info;
[21:37:48] [main/DEBUG]: Skipping Lcom/mojang/blaze3d/preprocessor/GlslPreprocessor;
[21:37:48] [main/DEBUG]: Skipping Lcom/mojang/blaze3d/preprocessor/GlslPreprocessor$Context;
[21:37:48] [main/DEBUG]: Skipping Lcom/mojang/blaze3d/platform/package-info;
[21:37:48] [main/DEBUG]: Skipping Lcom/mojang/blaze3d/platform/WindowEventHandler;
[21:37:48] [main/DEBUG]: Skipping Lcom/mojang/blaze3d/platform/VideoMode;
[21:37:48] [main/DEBUG]: Skipping Lcom/mojang/blaze3d/platform/TextureUtil;
[21:37:48] [main/DEBUG]: Skipping Lcom/mojang/blaze3d/platform/ScreenManager;
[21:37:48] [main/DEBUG]: Skipping Lcom/mojang/blaze3d/platform/PngInfo;
[21:37:48] [main/DEBUG]: Skipping Lcom/mojang/blaze3d/platform/PngInfo$StbReaderSeekableByteChannel;
[21:37:48] [main/DEBUG]: Skipping Lcom/mojang/blaze3d/platform/PngInfo$StbReaderBufferedChannel;
[21:37:48] [main/DEBUG]: Skipping Lcom/mojang/blaze3d/platform/PngInfo$StbReader;
[21:37:48] [main/DEBUG]: Skipping Lcom/mojang/blaze3d/platform/NativeImage;
[21:37:48] [main/DEBUG]: Skipping Lcom/mojang/blaze3d/platform/NativeImage$WriteCallback;
[21:37:48] [main/DEBUG]: Skipping Lcom/mojang/blaze3d/platform/NativeImage$InternalGlFormat;
[21:37:48] [main/DEBUG]: Skipping Lcom/mojang/blaze3d/platform/NativeImage$Format;
[21:37:48] [main/DEBUG]: Skipping Lcom/mojang/blaze3d/platform/MonitorCreator;
[21:37:48] [main/DEBUG]: Skipping Lcom/mojang/blaze3d/platform/Monitor;
[21:37:48] [main/DEBUG]: Skipping Lcom/mojang/blaze3d/platform/MemoryTracker;
[21:37:48] [main/DEBUG]: Skipping Lcom/mojang/blaze3d/platform/MacosUtil;
[21:37:48] [main/DEBUG]: Skipping Lcom/mojang/blaze3d/platform/Lighting;
[21:37:48] [main/DEBUG]: Skipping Lcom/mojang/blaze3d/platform/InputConstants;
[21:37:48] [main/DEBUG]: Skipping Lcom/mojang/blaze3d/platform/InputConstants$Type;
[21:37:48] [main/DEBUG]: Skipping Lcom/mojang/blaze3d/platform/InputConstants$Key;
[21:37:48] [main/DEBUG]: Skipping Lcom/mojang/blaze3d/platform/GlUtil;
[21:37:48] [main/DEBUG]: Skipping Lcom/mojang/blaze3d/platform/GlDebug;
[21:37:48] [main/DEBUG]: Skipping Lcom/mojang/blaze3d/platform/GlDebug$LogEntry;
[21:37:48] [main/DEBUG]: Skipping Lcom/mojang/blaze3d/platform/GlConst;
[21:37:48] [main/DEBUG]: Skipping Lcom/mojang/blaze3d/platform/GLX;
[21:37:48] [main/DEBUG]: Skipping Lcom/mojang/blaze3d/platform/DisplayData;
[21:37:48] [main/DEBUG]: Skipping Lcom/mojang/blaze3d/platform/DebugMemoryUntracker;
[21:37:48] [main/DEBUG]: Skipping Lcom/mojang/blaze3d/platform/ClipboardManager;
[21:37:48] [main/DEBUG]: Skipping Lcom/mojang/blaze3d/platform/Window;
[21:37:48] [main/DEBUG]: Skipping Lcom/mojang/blaze3d/platform/Window$WindowInitFailed;
[21:37:48] [main/DEBUG]: Skipping Lcom/mojang/blaze3d/platform/GlStateManager;
[21:37:48] [main/DEBUG]: Skipping Lcom/mojang/blaze3d/platform/GlStateManager$Viewport;
[21:37:48] [main/DEBUG]: Skipping Lcom/mojang/blaze3d/platform/GlStateManager$TextureState;
[21:37:48] [main/DEBUG]: Skipping Lcom/mojang/blaze3d/platform/GlStateManager$StencilState;
[21:37:48] [main/DEBUG]: Skipping Lcom/mojang/blaze3d/platform/GlStateManager$StencilFunc;
[21:37:48] [main/DEBUG]: Skipping Lcom/mojang/blaze3d/platform/GlStateManager$SourceFactor;
[21:37:48] [main/DEBUG]: Skipping Lcom/mojang/blaze3d/platform/GlStateManager$ScissorState;
[21:37:48] [main/DEBUG]: Skipping Lcom/mojang/blaze3d/platform/GlStateManager$PolygonOffsetState;
[21:37:48] [main/DEBUG]: Skipping Lcom/mojang/blaze3d/platform/GlStateManager$LogicOp;
[21:37:48] [main/DEBUG]: Skipping Lcom/mojang/blaze3d/platform/GlStateManager$DestFactor;
[21:37:48] [main/DEBUG]: Skipping Lcom/mojang/blaze3d/platform/GlStateManager$DepthState;
[21:37:48] [main/DEBUG]: Skipping Lcom/mojang/blaze3d/platform/GlStateManager$CullState;
[21:37:48] [main/DEBUG]: Skipping Lcom/mojang/blaze3d/platform/GlStateManager$ColorMask;
[21:37:48] [main/DEBUG]: Skipping Lcom/mojang/blaze3d/platform/GlStateManager$ColorLogicState;
[21:37:48] [main/DEBUG]: Skipping Lcom/mojang/blaze3d/platform/GlStateManager$BooleanState;
[21:37:48] [main/DEBUG]: Skipping Lcom/mojang/blaze3d/platform/GlStateManager$BlendState;
[21:37:48] [main/DEBUG]: Skipping Lcom/mojang/blaze3d/pipeline/package-info;
[21:37:48] [main/DEBUG]: Skipping Lcom/mojang/blaze3d/pipeline/TextureTarget;
[21:37:48] [main/DEBUG]: Skipping Lcom/mojang/blaze3d/pipeline/RenderPipeline;
[21:37:48] [main/DEBUG]: Skipping Lcom/mojang/blaze3d/pipeline/RenderCall;
[21:37:48] [main/DEBUG]: Skipping Lcom/mojang/blaze3d/pipeline/MainTarget;
[21:37:48] [main/DEBUG]: Skipping Lcom/mojang/blaze3d/pipeline/MainTarget$Dimension;
[21:37:48] [main/DEBUG]: Skipping Lcom/mojang/blaze3d/pipeline/MainTarget$AttachmentState;
[21:37:48] [main/DEBUG]: Skipping Lcom/mojang/blaze3d/pipeline/RenderTarget;
[21:37:48] [main/DEBUG]: Skipping Lcom/mojang/blaze3d/package-info;
[21:37:48] [main/DEBUG]: Skipping Lcom/mojang/blaze3d/font/package-info;
[21:37:48] [main/DEBUG]: Skipping Lcom/mojang/blaze3d/font/TrueTypeGlyphProvider;
[21:37:48] [main/DEBUG]: Skipping Lcom/mojang/blaze3d/font/TrueTypeGlyphProvider$Glyph;
[21:37:48] [main/DEBUG]: Skipping Lcom/mojang/blaze3d/font/TrueTypeGlyphProvider$Glyph$1;
[21:37:48] [main/DEBUG]: Skipping Lcom/mojang/blaze3d/font/SpaceProvider;
[21:37:48] [main/DEBUG]: Skipping Lcom/mojang/blaze3d/font/SheetGlyphInfo;
[21:37:48] [main/DEBUG]: Skipping Lcom/mojang/blaze3d/font/GlyphProvider;
[21:37:48] [main/DEBUG]: Skipping Lcom/mojang/blaze3d/font/GlyphInfo;
[21:37:48] [main/DEBUG]: Skipping Lcom/mojang/blaze3d/font/GlyphInfo$SpaceGlyphInfo;
[21:37:48] [main/DEBUG]: Skipping Lcom/mojang/blaze3d/audio/package-info;
[21:37:48] [main/DEBUG]: Skipping Lcom/mojang/blaze3d/audio/SoundBuffer;
[21:37:48] [main/DEBUG]: Skipping Lcom/mojang/blaze3d/audio/OpenAlUtil;
[21:37:48] [main/DEBUG]: Skipping Lcom/mojang/blaze3d/audio/OggAudioStream;
[21:37:48] [main/DEBUG]: Skipping Lcom/mojang/blaze3d/audio/OggAudioStream$OutputConcat;
[21:37:48] [main/DEBUG]: Skipping Lcom/mojang/blaze3d/audio/Listener;
[21:37:48] [main/DEBUG]: Skipping Lcom/mojang/blaze3d/audio/Library;
[21:37:48] [main/DEBUG]: Skipping Lcom/mojang/blaze3d/audio/Library$Pool;
[21:37:48] [main/DEBUG]: Skipping Lcom/mojang/blaze3d/audio/Library$CountingChannelPool;
[21:37:48] [main/DEBUG]: Skipping Lcom/mojang/blaze3d/audio/Library$ChannelPool;
[21:37:48] [main/DEBUG]: Skipping Lcom/mojang/blaze3d/audio/Library$1;
[21:37:48] [main/DEBUG]: Skipping Lcom/mojang/blaze3d/audio/Channel;
[21:37:48] [main/DEBUG]: Skipping Lcom/mojang/blaze3d/MethodsReturnNonnullByDefault;
[21:37:48] [main/DEBUG]: Skipping Lcom/mojang/blaze3d/FieldsAreNonnullByDefault;
[21:37:48] [main/DEBUG]: Skipping Lcom/mojang/blaze3d/DontObfuscate;
[21:37:48] [main/DEBUG]: Skipping Lcom/mojang/blaze3d/Blaze3D;
[21:37:48] [main/INFO]: JAR transformation complete C:\Users\leonl_3pvpiw6\.gradle\caches\forge_gradle\minecraft_user_repo\net\minecraftforge\forge\1.19.2-43.3.0_mapped_official_1.20.1\forge-1.19.2-43.3.0_mapped_official_1.20.1.jar
